[lowmem] effective_policy performance_preset=custom methods=sonic_only,hard_contract,raw_critic_0p5,global_conformal,casa_a_per_skill,safedpa_adapted,pcbf_adapted,safer_splat_cbf_adapted,mpc_cbf_humanoid_adapted,clbf_lbac_adapted casa_method=casa_a_per_skill fallback_policy=auto adaptive_retry_count=1 segment_long_skills=0 recheck_before_segment=0 max_segment_duration=0.5 threshold_scale_global=1.0 threshold_scale_by_skill= randomize_method_order=0 method_order_seed=0
[lowmem] sweep=1/6 jobs=100 missing_episodes=200 completed=0/200 max_parallel=1 chunk_size=2
[lowmem] started lane_v2_sonic_only__seed_1234__ep_000_002 pid=3658064 gpu=2 domain=140 port=18200

[lowmem-progress] 2026-06-07T00:24:30 0/200 completed
[lowmem-progress] sonic_only 0 {1234: 0, 1235: 0}
[lowmem-progress] hard_contract 0 {1234: 0, 1235: 0}
[lowmem-progress] raw_critic_0p5 0 {1234: 0, 1235: 0}
[lowmem-progress] global_conformal 0 {1234: 0, 1235: 0}
[lowmem-progress] casa_a_per_skill 0 {1234: 0, 1235: 0}
[lowmem-progress] safedpa_adapted 0 {1234: 0, 1235: 0}
[lowmem-progress] pcbf_adapted 0 {1234: 0, 1235: 0}
[lowmem-progress] safer_splat_cbf_adapted 0 {1234: 0, 1235: 0}
[lowmem-progress] mpc_cbf_humanoid_adapted 0 {1234: 0, 1235: 0}
[lowmem-progress] clbf_lbac_adapted 0 {1234: 0, 1235: 0}

[lowmem-progress] 2026-06-07T00:25:30 0/200 completed
[lowmem-progress] sonic_only 0 {1234: 0, 1235: 0}
[lowmem-progress] hard_contract 0 {1234: 0, 1235: 0}
[lowmem-progress] raw_critic_0p5 0 {1234: 0, 1235: 0}
[lowmem-progress] global_conformal 0 {1234: 0, 1235: 0}
[lowmem-progress] casa_a_per_skill 0 {1234: 0, 1235: 0}
[lowmem-progress] safedpa_adapted 0 {1234: 0, 1235: 0}
[lowmem-progress] pcbf_adapted 0 {1234: 0, 1235: 0}
[lowmem-progress] safer_splat_cbf_adapted 0 {1234: 0, 1235: 0}
[lowmem-progress] mpc_cbf_humanoid_adapted 0 {1234: 0, 1235: 0}
[lowmem-progress] clbf_lbac_adapted 0 {1234: 0, 1235: 0}

[lowmem-progress] 2026-06-07T00:26:30 0/200 completed
[lowmem-progress] sonic_only 0 {1234: 0, 1235: 0}
[lowmem-progress] hard_contract 0 {1234: 0, 1235: 0}
[lowmem-progress] raw_critic_0p5 0 {1234: 0, 1235: 0}
[lowmem-progress] global_conformal 0 {1234: 0, 1235: 0}
[lowmem-progress] casa_a_per_skill 0 {1234: 0, 1235: 0}
[lowmem-progress] safedpa_adapted 0 {1234: 0, 1235: 0}
[lowmem-progress] pcbf_adapted 0 {1234: 0, 1235: 0}
[lowmem-progress] safer_splat_cbf_adapted 0 {1234: 0, 1235: 0}
[lowmem-progress] mpc_cbf_humanoid_adapted 0 {1234: 0, 1235: 0}
[lowmem-progress] clbf_lbac_adapted 0 {1234: 0, 1235: 0}

[lowmem-progress] 2026-06-07T00:27:30 1/200 completed
[lowmem-progress] sonic_only 1 {1234: 1, 1235: 0}
[lowmem-progress] hard_contract 0 {1234: 0, 1235: 0}
[lowmem-progress] raw_critic_0p5 0 {1234: 0, 1235: 0}
[lowmem-progress] global_conformal 0 {1234: 0, 1235: 0}
[lowmem-progress] casa_a_per_skill 0 {1234: 0, 1235: 0}
[lowmem-progress] safedpa_adapted 0 {1234: 0, 1235: 0}
[lowmem-progress] pcbf_adapted 0 {1234: 0, 1235: 0}
[lowmem-progress] safer_splat_cbf_adapted 0 {1234: 0, 1235: 0}
[lowmem-progress] mpc_cbf_humanoid_adapted 0 {1234: 0, 1235: 0}
[lowmem-progress] clbf_lbac_adapted 0 {1234: 0, 1235: 0}
[lowmem] finished lane_v2_sonic_only__seed_1234__ep_000_002 elapsed=212.2s
[lowmem] started lane_v2_hard_contract__seed_1234__ep_000_002 pid=3661683 gpu=2 domain=141 port=18202

[lowmem-progress] 2026-06-07T00:28:32 2/200 completed
[lowmem-progress] sonic_only 2 {1234: 2, 1235: 0}
[lowmem-progress] hard_contract 0 {1234: 0, 1235: 0}
[lowmem-progress] raw_critic_0p5 0 {1234: 0, 1235: 0}
[lowmem-progress] global_conformal 0 {1234: 0, 1235: 0}
[lowmem-progress] casa_a_per_skill 0 {1234: 0, 1235: 0}
[lowmem-progress] safedpa_adapted 0 {1234: 0, 1235: 0}
[lowmem-progress] pcbf_adapted 0 {1234: 0, 1235: 0}
[lowmem-progress] safer_splat_cbf_adapted 0 {1234: 0, 1235: 0}
[lowmem-progress] mpc_cbf_humanoid_adapted 0 {1234: 0, 1235: 0}
[lowmem-progress] clbf_lbac_adapted 0 {1234: 0, 1235: 0}

[lowmem-progress] 2026-06-07T00:29:32 2/200 completed
[lowmem-progress] sonic_only 2 {1234: 2, 1235: 0}
[lowmem-progress] hard_contract 0 {1234: 0, 1235: 0}
[lowmem-progress] raw_critic_0p5 0 {1234: 0, 1235: 0}
[lowmem-progress] global_conformal 0 {1234: 0, 1235: 0}
[lowmem-progress] casa_a_per_skill 0 {1234: 0, 1235: 0}
[lowmem-progress] safedpa_adapted 0 {1234: 0, 1235: 0}
[lowmem-progress] pcbf_adapted 0 {1234: 0, 1235: 0}
[lowmem-progress] safer_splat_cbf_adapted 0 {1234: 0, 1235: 0}
[lowmem-progress] mpc_cbf_humanoid_adapted 0 {1234: 0, 1235: 0}
[lowmem-progress] clbf_lbac_adapted 0 {1234: 0, 1235: 0}
[lowmem] finished lane_v2_hard_contract__seed_1234__ep_000_002 elapsed=122.1s
[lowmem] started lane_v2_raw_critic_0p5__seed_1234__ep_000_002 pid=3663665 gpu=2 domain=142 port=18204

[lowmem-progress] 2026-06-07T00:30:34 4/200 completed
[lowmem-progress] sonic_only 2 {1234: 2, 1235: 0}
[lowmem-progress] hard_contract 2 {1234: 2, 1235: 0}
[lowmem-progress] raw_critic_0p5 0 {1234: 0, 1235: 0}
[lowmem-progress] global_conformal 0 {1234: 0, 1235: 0}
[lowmem-progress] casa_a_per_skill 0 {1234: 0, 1235: 0}
[lowmem-progress] safedpa_adapted 0 {1234: 0, 1235: 0}
[lowmem-progress] pcbf_adapted 0 {1234: 0, 1235: 0}
[lowmem-progress] safer_splat_cbf_adapted 0 {1234: 0, 1235: 0}
[lowmem-progress] mpc_cbf_humanoid_adapted 0 {1234: 0, 1235: 0}
[lowmem-progress] clbf_lbac_adapted 0 {1234: 0, 1235: 0}

[lowmem-progress] 2026-06-07T00:31:34 4/200 completed
[lowmem-progress] sonic_only 2 {1234: 2, 1235: 0}
[lowmem-progress] hard_contract 2 {1234: 2, 1235: 0}
[lowmem-progress] raw_critic_0p5 0 {1234: 0, 1235: 0}
[lowmem-progress] global_conformal 0 {1234: 0, 1235: 0}
[lowmem-progress] casa_a_per_skill 0 {1234: 0, 1235: 0}
[lowmem-progress] safedpa_adapted 0 {1234: 0, 1235: 0}
[lowmem-progress] pcbf_adapted 0 {1234: 0, 1235: 0}
[lowmem-progress] safer_splat_cbf_adapted 0 {1234: 0, 1235: 0}
[lowmem-progress] mpc_cbf_humanoid_adapted 0 {1234: 0, 1235: 0}
[lowmem-progress] clbf_lbac_adapted 0 {1234: 0, 1235: 0}

[lowmem-progress] 2026-06-07T00:32:34 4/200 completed
[lowmem-progress] sonic_only 2 {1234: 2, 1235: 0}
[lowmem-progress] hard_contract 2 {1234: 2, 1235: 0}
[lowmem-progress] raw_critic_0p5 0 {1234: 0, 1235: 0}
[lowmem-progress] global_conformal 0 {1234: 0, 1235: 0}
[lowmem-progress] casa_a_per_skill 0 {1234: 0, 1235: 0}
[lowmem-progress] safedpa_adapted 0 {1234: 0, 1235: 0}
[lowmem-progress] pcbf_adapted 0 {1234: 0, 1235: 0}
[lowmem-progress] safer_splat_cbf_adapted 0 {1234: 0, 1235: 0}
[lowmem-progress] mpc_cbf_humanoid_adapted 0 {1234: 0, 1235: 0}
[lowmem-progress] clbf_lbac_adapted 0 {1234: 0, 1235: 0}
[lowmem] finished lane_v2_raw_critic_0p5__seed_1234__ep_000_002 elapsed=197.2s
[lowmem] started lane_v2_global_conformal__seed_1234__ep_000_002 pid=3666238 gpu=2 domain=143 port=18206

[lowmem-progress] 2026-06-07T00:33:36 6/200 completed
[lowmem-progress] sonic_only 2 {1234: 2, 1235: 0}
[lowmem-progress] hard_contract 2 {1234: 2, 1235: 0}
[lowmem-progress] raw_critic_0p5 2 {1234: 2, 1235: 0}
[lowmem-progress] global_conformal 0 {1234: 0, 1235: 0}
[lowmem-progress] casa_a_per_skill 0 {1234: 0, 1235: 0}
[lowmem-progress] safedpa_adapted 0 {1234: 0, 1235: 0}
[lowmem-progress] pcbf_adapted 0 {1234: 0, 1235: 0}
[lowmem-progress] safer_splat_cbf_adapted 0 {1234: 0, 1235: 0}
[lowmem-progress] mpc_cbf_humanoid_adapted 0 {1234: 0, 1235: 0}
[lowmem-progress] clbf_lbac_adapted 0 {1234: 0, 1235: 0}

[lowmem-progress] 2026-06-07T00:34:36 6/200 completed
[lowmem-progress] sonic_only 2 {1234: 2, 1235: 0}
[lowmem-progress] hard_contract 2 {1234: 2, 1235: 0}
[lowmem-progress] raw_critic_0p5 2 {1234: 2, 1235: 0}
[lowmem-progress] global_conformal 0 {1234: 0, 1235: 0}
[lowmem-progress] casa_a_per_skill 0 {1234: 0, 1235: 0}
[lowmem-progress] safedpa_adapted 0 {1234: 0, 1235: 0}
[lowmem-progress] pcbf_adapted 0 {1234: 0, 1235: 0}
[lowmem-progress] safer_splat_cbf_adapted 0 {1234: 0, 1235: 0}
[lowmem-progress] mpc_cbf_humanoid_adapted 0 {1234: 0, 1235: 0}
[lowmem-progress] clbf_lbac_adapted 0 {1234: 0, 1235: 0}

[lowmem-progress] 2026-06-07T00:35:36 6/200 completed
[lowmem-progress] sonic_only 2 {1234: 2, 1235: 0}
[lowmem-progress] hard_contract 2 {1234: 2, 1235: 0}
[lowmem-progress] raw_critic_0p5 2 {1234: 2, 1235: 0}
[lowmem-progress] global_conformal 0 {1234: 0, 1235: 0}
[lowmem-progress] casa_a_per_skill 0 {1234: 0, 1235: 0}
[lowmem-progress] safedpa_adapted 0 {1234: 0, 1235: 0}
[lowmem-progress] pcbf_adapted 0 {1234: 0, 1235: 0}
[lowmem-progress] safer_splat_cbf_adapted 0 {1234: 0, 1235: 0}
[lowmem-progress] mpc_cbf_humanoid_adapted 0 {1234: 0, 1235: 0}
[lowmem-progress] clbf_lbac_adapted 0 {1234: 0, 1235: 0}

[lowmem-progress] 2026-06-07T00:36:36 7/200 completed
[lowmem-progress] sonic_only 2 {1234: 2, 1235: 0}
[lowmem-progress] hard_contract 2 {1234: 2, 1235: 0}
[lowmem-progress] raw_critic_0p5 2 {1234: 2, 1235: 0}
[lowmem-progress] global_conformal 1 {1234: 1, 1235: 0}
[lowmem-progress] casa_a_per_skill 0 {1234: 0, 1235: 0}
[lowmem-progress] safedpa_adapted 0 {1234: 0, 1235: 0}
[lowmem-progress] pcbf_adapted 0 {1234: 0, 1235: 0}
[lowmem-progress] safer_splat_cbf_adapted 0 {1234: 0, 1235: 0}
[lowmem-progress] mpc_cbf_humanoid_adapted 0 {1234: 0, 1235: 0}
[lowmem-progress] clbf_lbac_adapted 0 {1234: 0, 1235: 0}
[lowmem] finished lane_v2_global_conformal__seed_1234__ep_000_002 elapsed=202.2s
[lowmem] started lane_v2_casa_a_per_skill__seed_1234__ep_000_002 pid=3669331 gpu=2 domain=144 port=18208

[lowmem-progress] 2026-06-07T00:37:38 8/200 completed
[lowmem-progress] sonic_only 2 {1234: 2, 1235: 0}
[lowmem-progress] hard_contract 2 {1234: 2, 1235: 0}
[lowmem-progress] raw_critic_0p5 2 {1234: 2, 1235: 0}
[lowmem-progress] global_conformal 2 {1234: 2, 1235: 0}
[lowmem-progress] casa_a_per_skill 0 {1234: 0, 1235: 0}
[lowmem-progress] safedpa_adapted 0 {1234: 0, 1235: 0}
[lowmem-progress] pcbf_adapted 0 {1234: 0, 1235: 0}
[lowmem-progress] safer_splat_cbf_adapted 0 {1234: 0, 1235: 0}
[lowmem-progress] mpc_cbf_humanoid_adapted 0 {1234: 0, 1235: 0}
[lowmem-progress] clbf_lbac_adapted 0 {1234: 0, 1235: 0}

[lowmem-progress] 2026-06-07T00:38:39 9/200 completed
[lowmem-progress] sonic_only 2 {1234: 2, 1235: 0}
[lowmem-progress] hard_contract 2 {1234: 2, 1235: 0}
[lowmem-progress] raw_critic_0p5 2 {1234: 2, 1235: 0}
[lowmem-progress] global_conformal 2 {1234: 2, 1235: 0}
[lowmem-progress] casa_a_per_skill 1 {1234: 1, 1235: 0}
[lowmem-progress] safedpa_adapted 0 {1234: 0, 1235: 0}
[lowmem-progress] pcbf_adapted 0 {1234: 0, 1235: 0}
[lowmem-progress] safer_splat_cbf_adapted 0 {1234: 0, 1235: 0}
[lowmem-progress] mpc_cbf_humanoid_adapted 0 {1234: 0, 1235: 0}
[lowmem-progress] clbf_lbac_adapted 0 {1234: 0, 1235: 0}
[lowmem] finished lane_v2_casa_a_per_skill__seed_1234__ep_000_002 elapsed=127.1s
[lowmem] started lane_v2_safedpa_adapted__seed_1234__ep_000_002 pid=3670890 gpu=2 domain=145 port=18210

[lowmem-progress] 2026-06-07T00:39:41 10/200 completed
[lowmem-progress] sonic_only 2 {1234: 2, 1235: 0}
[lowmem-progress] hard_contract 2 {1234: 2, 1235: 0}
[lowmem-progress] raw_critic_0p5 2 {1234: 2, 1235: 0}
[lowmem-progress] global_conformal 2 {1234: 2, 1235: 0}
[lowmem-progress] casa_a_per_skill 2 {1234: 2, 1235: 0}
[lowmem-progress] safedpa_adapted 0 {1234: 0, 1235: 0}
[lowmem-progress] pcbf_adapted 0 {1234: 0, 1235: 0}
[lowmem-progress] safer_splat_cbf_adapted 0 {1234: 0, 1235: 0}
[lowmem-progress] mpc_cbf_humanoid_adapted 0 {1234: 0, 1235: 0}
[lowmem-progress] clbf_lbac_adapted 0 {1234: 0, 1235: 0}

[lowmem-progress] 2026-06-07T00:40:41 10/200 completed
[lowmem-progress] sonic_only 2 {1234: 2, 1235: 0}
[lowmem-progress] hard_contract 2 {1234: 2, 1235: 0}
[lowmem-progress] raw_critic_0p5 2 {1234: 2, 1235: 0}
[lowmem-progress] global_conformal 2 {1234: 2, 1235: 0}
[lowmem-progress] casa_a_per_skill 2 {1234: 2, 1235: 0}
[lowmem-progress] safedpa_adapted 0 {1234: 0, 1235: 0}
[lowmem-progress] pcbf_adapted 0 {1234: 0, 1235: 0}
[lowmem-progress] safer_splat_cbf_adapted 0 {1234: 0, 1235: 0}
[lowmem-progress] mpc_cbf_humanoid_adapted 0 {1234: 0, 1235: 0}
[lowmem-progress] clbf_lbac_adapted 0 {1234: 0, 1235: 0}

[lowmem-progress] 2026-06-07T00:41:41 11/200 completed
[lowmem-progress] sonic_only 2 {1234: 2, 1235: 0}
[lowmem-progress] hard_contract 2 {1234: 2, 1235: 0}
[lowmem-progress] raw_critic_0p5 2 {1234: 2, 1235: 0}
[lowmem-progress] global_conformal 2 {1234: 2, 1235: 0}
[lowmem-progress] casa_a_per_skill 2 {1234: 2, 1235: 0}
[lowmem-progress] safedpa_adapted 1 {1234: 1, 1235: 0}
[lowmem-progress] pcbf_adapted 0 {1234: 0, 1235: 0}
[lowmem-progress] safer_splat_cbf_adapted 0 {1234: 0, 1235: 0}
[lowmem-progress] mpc_cbf_humanoid_adapted 0 {1234: 0, 1235: 0}
[lowmem-progress] clbf_lbac_adapted 0 {1234: 0, 1235: 0}
[lowmem] finished lane_v2_safedpa_adapted__seed_1234__ep_000_002 elapsed=202.2s
[lowmem] started lane_v2_pcbf_adapted__seed_1234__ep_000_002 pid=3673775 gpu=2 domain=146 port=18212

[lowmem-progress] 2026-06-07T00:42:43 12/200 completed
[lowmem-progress] sonic_only 2 {1234: 2, 1235: 0}
[lowmem-progress] hard_contract 2 {1234: 2, 1235: 0}
[lowmem-progress] raw_critic_0p5 2 {1234: 2, 1235: 0}
[lowmem-progress] global_conformal 2 {1234: 2, 1235: 0}
[lowmem-progress] casa_a_per_skill 2 {1234: 2, 1235: 0}
[lowmem-progress] safedpa_adapted 2 {1234: 2, 1235: 0}
[lowmem-progress] pcbf_adapted 0 {1234: 0, 1235: 0}
[lowmem-progress] safer_splat_cbf_adapted 0 {1234: 0, 1235: 0}
[lowmem-progress] mpc_cbf_humanoid_adapted 0 {1234: 0, 1235: 0}
[lowmem-progress] clbf_lbac_adapted 0 {1234: 0, 1235: 0}

[lowmem-progress] 2026-06-07T00:43:43 12/200 completed
[lowmem-progress] sonic_only 2 {1234: 2, 1235: 0}
[lowmem-progress] hard_contract 2 {1234: 2, 1235: 0}
[lowmem-progress] raw_critic_0p5 2 {1234: 2, 1235: 0}
[lowmem-progress] global_conformal 2 {1234: 2, 1235: 0}
[lowmem-progress] casa_a_per_skill 2 {1234: 2, 1235: 0}
[lowmem-progress] safedpa_adapted 2 {1234: 2, 1235: 0}
[lowmem-progress] pcbf_adapted 0 {1234: 0, 1235: 0}
[lowmem-progress] safer_splat_cbf_adapted 0 {1234: 0, 1235: 0}
[lowmem-progress] mpc_cbf_humanoid_adapted 0 {1234: 0, 1235: 0}
[lowmem-progress] clbf_lbac_adapted 0 {1234: 0, 1235: 0}

[lowmem-progress] 2026-06-07T00:44:43 12/200 completed
[lowmem-progress] sonic_only 2 {1234: 2, 1235: 0}
[lowmem-progress] hard_contract 2 {1234: 2, 1235: 0}
[lowmem-progress] raw_critic_0p5 2 {1234: 2, 1235: 0}
[lowmem-progress] global_conformal 2 {1234: 2, 1235: 0}
[lowmem-progress] casa_a_per_skill 2 {1234: 2, 1235: 0}
[lowmem-progress] safedpa_adapted 2 {1234: 2, 1235: 0}
[lowmem-progress] pcbf_adapted 0 {1234: 0, 1235: 0}
[lowmem-progress] safer_splat_cbf_adapted 0 {1234: 0, 1235: 0}
[lowmem-progress] mpc_cbf_humanoid_adapted 0 {1234: 0, 1235: 0}
[lowmem-progress] clbf_lbac_adapted 0 {1234: 0, 1235: 0}
[lowmem] finished lane_v2_pcbf_adapted__seed_1234__ep_000_002 elapsed=197.2s
[lowmem] started lane_v2_safer_splat_cbf_adapted__seed_1234__ep_000_002 pid=3676213 gpu=2 domain=147 port=18214

[lowmem-progress] 2026-06-07T00:45:45 14/200 completed
[lowmem-progress] sonic_only 2 {1234: 2, 1235: 0}
[lowmem-progress] hard_contract 2 {1234: 2, 1235: 0}
[lowmem-progress] raw_critic_0p5 2 {1234: 2, 1235: 0}
[lowmem-progress] global_conformal 2 {1234: 2, 1235: 0}
[lowmem-progress] casa_a_per_skill 2 {1234: 2, 1235: 0}
[lowmem-progress] safedpa_adapted 2 {1234: 2, 1235: 0}
[lowmem-progress] pcbf_adapted 2 {1234: 2, 1235: 0}
[lowmem-progress] safer_splat_cbf_adapted 0 {1234: 0, 1235: 0}
[lowmem-progress] mpc_cbf_humanoid_adapted 0 {1234: 0, 1235: 0}
[lowmem-progress] clbf_lbac_adapted 0 {1234: 0, 1235: 0}

[lowmem-progress] 2026-06-07T00:46:45 14/200 completed
[lowmem-progress] sonic_only 2 {1234: 2, 1235: 0}
[lowmem-progress] hard_contract 2 {1234: 2, 1235: 0}
[lowmem-progress] raw_critic_0p5 2 {1234: 2, 1235: 0}
[lowmem-progress] global_conformal 2 {1234: 2, 1235: 0}
[lowmem-progress] casa_a_per_skill 2 {1234: 2, 1235: 0}
[lowmem-progress] safedpa_adapted 2 {1234: 2, 1235: 0}
[lowmem-progress] pcbf_adapted 2 {1234: 2, 1235: 0}
[lowmem-progress] safer_splat_cbf_adapted 0 {1234: 0, 1235: 0}
[lowmem-progress] mpc_cbf_humanoid_adapted 0 {1234: 0, 1235: 0}
[lowmem-progress] clbf_lbac_adapted 0 {1234: 0, 1235: 0}

[lowmem-progress] 2026-06-07T00:47:45 14/200 completed
[lowmem-progress] sonic_only 2 {1234: 2, 1235: 0}
[lowmem-progress] hard_contract 2 {1234: 2, 1235: 0}
[lowmem-progress] raw_critic_0p5 2 {1234: 2, 1235: 0}
[lowmem-progress] global_conformal 2 {1234: 2, 1235: 0}
[lowmem-progress] casa_a_per_skill 2 {1234: 2, 1235: 0}
[lowmem-progress] safedpa_adapted 2 {1234: 2, 1235: 0}
[lowmem-progress] pcbf_adapted 2 {1234: 2, 1235: 0}
[lowmem-progress] safer_splat_cbf_adapted 0 {1234: 0, 1235: 0}
[lowmem-progress] mpc_cbf_humanoid_adapted 0 {1234: 0, 1235: 0}
[lowmem-progress] clbf_lbac_adapted 0 {1234: 0, 1235: 0}
[lowmem] finished lane_v2_safer_splat_cbf_adapted__seed_1234__ep_000_002 elapsed=197.2s
[lowmem] started lane_v2_mpc_cbf_humanoid_adapted__seed_1234__ep_000_002 pid=3678699 gpu=2 domain=148 port=18216

[lowmem-progress] 2026-06-07T00:48:47 16/200 completed
[lowmem-progress] sonic_only 2 {1234: 2, 1235: 0}
[lowmem-progress] hard_contract 2 {1234: 2, 1235: 0}
[lowmem-progress] raw_critic_0p5 2 {1234: 2, 1235: 0}
[lowmem-progress] global_conformal 2 {1234: 2, 1235: 0}
[lowmem-progress] casa_a_per_skill 2 {1234: 2, 1235: 0}
[lowmem-progress] safedpa_adapted 2 {1234: 2, 1235: 0}
[lowmem-progress] pcbf_adapted 2 {1234: 2, 1235: 0}
[lowmem-progress] safer_splat_cbf_adapted 2 {1234: 2, 1235: 0}
[lowmem-progress] mpc_cbf_humanoid_adapted 0 {1234: 0, 1235: 0}
[lowmem-progress] clbf_lbac_adapted 0 {1234: 0, 1235: 0}

[lowmem-progress] 2026-06-07T00:49:47 16/200 completed
[lowmem-progress] sonic_only 2 {1234: 2, 1235: 0}
[lowmem-progress] hard_contract 2 {1234: 2, 1235: 0}
[lowmem-progress] raw_critic_0p5 2 {1234: 2, 1235: 0}
[lowmem-progress] global_conformal 2 {1234: 2, 1235: 0}
[lowmem-progress] casa_a_per_skill 2 {1234: 2, 1235: 0}
[lowmem-progress] safedpa_adapted 2 {1234: 2, 1235: 0}
[lowmem-progress] pcbf_adapted 2 {1234: 2, 1235: 0}
[lowmem-progress] safer_splat_cbf_adapted 2 {1234: 2, 1235: 0}
[lowmem-progress] mpc_cbf_humanoid_adapted 0 {1234: 0, 1235: 0}
[lowmem-progress] clbf_lbac_adapted 0 {1234: 0, 1235: 0}

[lowmem-progress] 2026-06-07T00:50:47 16/200 completed
[lowmem-progress] sonic_only 2 {1234: 2, 1235: 0}
[lowmem-progress] hard_contract 2 {1234: 2, 1235: 0}
[lowmem-progress] raw_critic_0p5 2 {1234: 2, 1235: 0}
[lowmem-progress] global_conformal 2 {1234: 2, 1235: 0}
[lowmem-progress] casa_a_per_skill 2 {1234: 2, 1235: 0}
[lowmem-progress] safedpa_adapted 2 {1234: 2, 1235: 0}
[lowmem-progress] pcbf_adapted 2 {1234: 2, 1235: 0}
[lowmem-progress] safer_splat_cbf_adapted 2 {1234: 2, 1235: 0}
[lowmem-progress] mpc_cbf_humanoid_adapted 0 {1234: 0, 1235: 0}
[lowmem-progress] clbf_lbac_adapted 0 {1234: 0, 1235: 0}

[lowmem-progress] 2026-06-07T00:51:47 17/200 completed
[lowmem-progress] sonic_only 2 {1234: 2, 1235: 0}
[lowmem-progress] hard_contract 2 {1234: 2, 1235: 0}
[lowmem-progress] raw_critic_0p5 2 {1234: 2, 1235: 0}
[lowmem-progress] global_conformal 2 {1234: 2, 1235: 0}
[lowmem-progress] casa_a_per_skill 2 {1234: 2, 1235: 0}
[lowmem-progress] safedpa_adapted 2 {1234: 2, 1235: 0}
[lowmem-progress] pcbf_adapted 2 {1234: 2, 1235: 0}
[lowmem-progress] safer_splat_cbf_adapted 2 {1234: 2, 1235: 0}
[lowmem-progress] mpc_cbf_humanoid_adapted 1 {1234: 1, 1235: 0}
[lowmem-progress] clbf_lbac_adapted 0 {1234: 0, 1235: 0}
[lowmem] finished lane_v2_mpc_cbf_humanoid_adapted__seed_1234__ep_000_002 elapsed=207.2s
[lowmem] started lane_v2_clbf_lbac_adapted__seed_1234__ep_000_002 pid=3681373 gpu=2 domain=149 port=18218

[lowmem-progress] 2026-06-07T00:52:49 18/200 completed
[lowmem-progress] sonic_only 2 {1234: 2, 1235: 0}
[lowmem-progress] hard_contract 2 {1234: 2, 1235: 0}
[lowmem-progress] raw_critic_0p5 2 {1234: 2, 1235: 0}
[lowmem-progress] global_conformal 2 {1234: 2, 1235: 0}
[lowmem-progress] casa_a_per_skill 2 {1234: 2, 1235: 0}
[lowmem-progress] safedpa_adapted 2 {1234: 2, 1235: 0}
[lowmem-progress] pcbf_adapted 2 {1234: 2, 1235: 0}
[lowmem-progress] safer_splat_cbf_adapted 2 {1234: 2, 1235: 0}
[lowmem-progress] mpc_cbf_humanoid_adapted 2 {1234: 2, 1235: 0}
[lowmem-progress] clbf_lbac_adapted 0 {1234: 0, 1235: 0}

[lowmem-progress] 2026-06-07T00:53:49 18/200 completed
[lowmem-progress] sonic_only 2 {1234: 2, 1235: 0}
[lowmem-progress] hard_contract 2 {1234: 2, 1235: 0}
[lowmem-progress] raw_critic_0p5 2 {1234: 2, 1235: 0}
[lowmem-progress] global_conformal 2 {1234: 2, 1235: 0}
[lowmem-progress] casa_a_per_skill 2 {1234: 2, 1235: 0}
[lowmem-progress] safedpa_adapted 2 {1234: 2, 1235: 0}
[lowmem-progress] pcbf_adapted 2 {1234: 2, 1235: 0}
[lowmem-progress] safer_splat_cbf_adapted 2 {1234: 2, 1235: 0}
[lowmem-progress] mpc_cbf_humanoid_adapted 2 {1234: 2, 1235: 0}
[lowmem-progress] clbf_lbac_adapted 0 {1234: 0, 1235: 0}

[lowmem-progress] 2026-06-07T00:54:49 18/200 completed
[lowmem-progress] sonic_only 2 {1234: 2, 1235: 0}
[lowmem-progress] hard_contract 2 {1234: 2, 1235: 0}
[lowmem-progress] raw_critic_0p5 2 {1234: 2, 1235: 0}
[lowmem-progress] global_conformal 2 {1234: 2, 1235: 0}
[lowmem-progress] casa_a_per_skill 2 {1234: 2, 1235: 0}
[lowmem-progress] safedpa_adapted 2 {1234: 2, 1235: 0}
[lowmem-progress] pcbf_adapted 2 {1234: 2, 1235: 0}
[lowmem-progress] safer_splat_cbf_adapted 2 {1234: 2, 1235: 0}
[lowmem-progress] mpc_cbf_humanoid_adapted 2 {1234: 2, 1235: 0}
[lowmem-progress] clbf_lbac_adapted 0 {1234: 0, 1235: 0}
[lowmem] finished lane_v2_clbf_lbac_adapted__seed_1234__ep_000_002 elapsed=202.2s
[lowmem] started lane_v2_sonic_only__seed_1235__ep_000_002 pid=3683874 gpu=2 domain=150 port=18220

[lowmem-progress] 2026-06-07T00:55:52 20/200 completed
[lowmem-progress] sonic_only 2 {1234: 2, 1235: 0}
[lowmem-progress] hard_contract 2 {1234: 2, 1235: 0}
[lowmem-progress] raw_critic_0p5 2 {1234: 2, 1235: 0}
[lowmem-progress] global_conformal 2 {1234: 2, 1235: 0}
[lowmem-progress] casa_a_per_skill 2 {1234: 2, 1235: 0}
[lowmem-progress] safedpa_adapted 2 {1234: 2, 1235: 0}
[lowmem-progress] pcbf_adapted 2 {1234: 2, 1235: 0}
[lowmem-progress] safer_splat_cbf_adapted 2 {1234: 2, 1235: 0}
[lowmem-progress] mpc_cbf_humanoid_adapted 2 {1234: 2, 1235: 0}
[lowmem-progress] clbf_lbac_adapted 2 {1234: 2, 1235: 0}

[lowmem-progress] 2026-06-07T00:56:52 20/200 completed
[lowmem-progress] sonic_only 2 {1234: 2, 1235: 0}
[lowmem-progress] hard_contract 2 {1234: 2, 1235: 0}
[lowmem-progress] raw_critic_0p5 2 {1234: 2, 1235: 0}
[lowmem-progress] global_conformal 2 {1234: 2, 1235: 0}
[lowmem-progress] casa_a_per_skill 2 {1234: 2, 1235: 0}
[lowmem-progress] safedpa_adapted 2 {1234: 2, 1235: 0}
[lowmem-progress] pcbf_adapted 2 {1234: 2, 1235: 0}
[lowmem-progress] safer_splat_cbf_adapted 2 {1234: 2, 1235: 0}
[lowmem-progress] mpc_cbf_humanoid_adapted 2 {1234: 2, 1235: 0}
[lowmem-progress] clbf_lbac_adapted 2 {1234: 2, 1235: 0}

[lowmem-progress] 2026-06-07T00:57:52 20/200 completed
[lowmem-progress] sonic_only 2 {1234: 2, 1235: 0}
[lowmem-progress] hard_contract 2 {1234: 2, 1235: 0}
[lowmem-progress] raw_critic_0p5 2 {1234: 2, 1235: 0}
[lowmem-progress] global_conformal 2 {1234: 2, 1235: 0}
[lowmem-progress] casa_a_per_skill 2 {1234: 2, 1235: 0}
[lowmem-progress] safedpa_adapted 2 {1234: 2, 1235: 0}
[lowmem-progress] pcbf_adapted 2 {1234: 2, 1235: 0}
[lowmem-progress] safer_splat_cbf_adapted 2 {1234: 2, 1235: 0}
[lowmem-progress] mpc_cbf_humanoid_adapted 2 {1234: 2, 1235: 0}
[lowmem-progress] clbf_lbac_adapted 2 {1234: 2, 1235: 0}

[lowmem-progress] 2026-06-07T00:58:52 21/200 completed
[lowmem-progress] sonic_only 3 {1234: 2, 1235: 1}
[lowmem-progress] hard_contract 2 {1234: 2, 1235: 0}
[lowmem-progress] raw_critic_0p5 2 {1234: 2, 1235: 0}
[lowmem-progress] global_conformal 2 {1234: 2, 1235: 0}
[lowmem-progress] casa_a_per_skill 2 {1234: 2, 1235: 0}
[lowmem-progress] safedpa_adapted 2 {1234: 2, 1235: 0}
[lowmem-progress] pcbf_adapted 2 {1234: 2, 1235: 0}
[lowmem-progress] safer_splat_cbf_adapted 2 {1234: 2, 1235: 0}
[lowmem-progress] mpc_cbf_humanoid_adapted 2 {1234: 2, 1235: 0}
[lowmem-progress] clbf_lbac_adapted 2 {1234: 2, 1235: 0}
[lowmem] finished lane_v2_sonic_only__seed_1235__ep_000_002 elapsed=207.2s
[lowmem] started lane_v2_hard_contract__seed_1235__ep_000_002 pid=3686450 gpu=2 domain=151 port=18222

[lowmem-progress] 2026-06-07T00:59:54 22/200 completed
[lowmem-progress] sonic_only 4 {1234: 2, 1235: 2}
[lowmem-progress] hard_contract 2 {1234: 2, 1235: 0}
[lowmem-progress] raw_critic_0p5 2 {1234: 2, 1235: 0}
[lowmem-progress] global_conformal 2 {1234: 2, 1235: 0}
[lowmem-progress] casa_a_per_skill 2 {1234: 2, 1235: 0}
[lowmem-progress] safedpa_adapted 2 {1234: 2, 1235: 0}
[lowmem-progress] pcbf_adapted 2 {1234: 2, 1235: 0}
[lowmem-progress] safer_splat_cbf_adapted 2 {1234: 2, 1235: 0}
[lowmem-progress] mpc_cbf_humanoid_adapted 2 {1234: 2, 1235: 0}
[lowmem-progress] clbf_lbac_adapted 2 {1234: 2, 1235: 0}

[lowmem-progress] 2026-06-07T01:00:54 22/200 completed
[lowmem-progress] sonic_only 4 {1234: 2, 1235: 2}
[lowmem-progress] hard_contract 2 {1234: 2, 1235: 0}
[lowmem-progress] raw_critic_0p5 2 {1234: 2, 1235: 0}
[lowmem-progress] global_conformal 2 {1234: 2, 1235: 0}
[lowmem-progress] casa_a_per_skill 2 {1234: 2, 1235: 0}
[lowmem-progress] safedpa_adapted 2 {1234: 2, 1235: 0}
[lowmem-progress] pcbf_adapted 2 {1234: 2, 1235: 0}
[lowmem-progress] safer_splat_cbf_adapted 2 {1234: 2, 1235: 0}
[lowmem-progress] mpc_cbf_humanoid_adapted 2 {1234: 2, 1235: 0}
[lowmem-progress] clbf_lbac_adapted 2 {1234: 2, 1235: 0}

[lowmem-progress] 2026-06-07T01:01:54 23/200 completed
[lowmem-progress] sonic_only 4 {1234: 2, 1235: 2}
[lowmem-progress] hard_contract 3 {1234: 2, 1235: 1}
[lowmem-progress] raw_critic_0p5 2 {1234: 2, 1235: 0}
[lowmem-progress] global_conformal 2 {1234: 2, 1235: 0}
[lowmem-progress] casa_a_per_skill 2 {1234: 2, 1235: 0}
[lowmem-progress] safedpa_adapted 2 {1234: 2, 1235: 0}
[lowmem-progress] pcbf_adapted 2 {1234: 2, 1235: 0}
[lowmem-progress] safer_splat_cbf_adapted 2 {1234: 2, 1235: 0}
[lowmem-progress] mpc_cbf_humanoid_adapted 2 {1234: 2, 1235: 0}
[lowmem-progress] clbf_lbac_adapted 2 {1234: 2, 1235: 0}
[lowmem] finished lane_v2_hard_contract__seed_1235__ep_000_002 elapsed=197.2s
[lowmem] started lane_v2_raw_critic_0p5__seed_1235__ep_000_002 pid=3688976 gpu=2 domain=152 port=18224

[lowmem-progress] 2026-06-07T01:02:56 24/200 completed
[lowmem-progress] sonic_only 4 {1234: 2, 1235: 2}
[lowmem-progress] hard_contract 4 {1234: 2, 1235: 2}
[lowmem-progress] raw_critic_0p5 2 {1234: 2, 1235: 0}
[lowmem-progress] global_conformal 2 {1234: 2, 1235: 0}
[lowmem-progress] casa_a_per_skill 2 {1234: 2, 1235: 0}
[lowmem-progress] safedpa_adapted 2 {1234: 2, 1235: 0}
[lowmem-progress] pcbf_adapted 2 {1234: 2, 1235: 0}
[lowmem-progress] safer_splat_cbf_adapted 2 {1234: 2, 1235: 0}
[lowmem-progress] mpc_cbf_humanoid_adapted 2 {1234: 2, 1235: 0}
[lowmem-progress] clbf_lbac_adapted 2 {1234: 2, 1235: 0}

[lowmem-progress] 2026-06-07T01:03:56 24/200 completed
[lowmem-progress] sonic_only 4 {1234: 2, 1235: 2}
[lowmem-progress] hard_contract 4 {1234: 2, 1235: 2}
[lowmem-progress] raw_critic_0p5 2 {1234: 2, 1235: 0}
[lowmem-progress] global_conformal 2 {1234: 2, 1235: 0}
[lowmem-progress] casa_a_per_skill 2 {1234: 2, 1235: 0}
[lowmem-progress] safedpa_adapted 2 {1234: 2, 1235: 0}
[lowmem-progress] pcbf_adapted 2 {1234: 2, 1235: 0}
[lowmem-progress] safer_splat_cbf_adapted 2 {1234: 2, 1235: 0}
[lowmem-progress] mpc_cbf_humanoid_adapted 2 {1234: 2, 1235: 0}
[lowmem-progress] clbf_lbac_adapted 2 {1234: 2, 1235: 0}

[lowmem-progress] 2026-06-07T01:04:56 24/200 completed
[lowmem-progress] sonic_only 4 {1234: 2, 1235: 2}
[lowmem-progress] hard_contract 4 {1234: 2, 1235: 2}
[lowmem-progress] raw_critic_0p5 2 {1234: 2, 1235: 0}
[lowmem-progress] global_conformal 2 {1234: 2, 1235: 0}
[lowmem-progress] casa_a_per_skill 2 {1234: 2, 1235: 0}
[lowmem-progress] safedpa_adapted 2 {1234: 2, 1235: 0}
[lowmem-progress] pcbf_adapted 2 {1234: 2, 1235: 0}
[lowmem-progress] safer_splat_cbf_adapted 2 {1234: 2, 1235: 0}
[lowmem-progress] mpc_cbf_humanoid_adapted 2 {1234: 2, 1235: 0}
[lowmem-progress] clbf_lbac_adapted 2 {1234: 2, 1235: 0}
[lowmem] finished lane_v2_raw_critic_0p5__seed_1235__ep_000_002 elapsed=207.2s
[lowmem] started lane_v2_global_conformal__seed_1235__ep_000_002 pid=3691600 gpu=2 domain=153 port=18226

[lowmem-progress] 2026-06-07T01:05:58 26/200 completed
[lowmem-progress] sonic_only 4 {1234: 2, 1235: 2}
[lowmem-progress] hard_contract 4 {1234: 2, 1235: 2}
[lowmem-progress] raw_critic_0p5 4 {1234: 2, 1235: 2}
[lowmem-progress] global_conformal 2 {1234: 2, 1235: 0}
[lowmem-progress] casa_a_per_skill 2 {1234: 2, 1235: 0}
[lowmem-progress] safedpa_adapted 2 {1234: 2, 1235: 0}
[lowmem-progress] pcbf_adapted 2 {1234: 2, 1235: 0}
[lowmem-progress] safer_splat_cbf_adapted 2 {1234: 2, 1235: 0}
[lowmem-progress] mpc_cbf_humanoid_adapted 2 {1234: 2, 1235: 0}
[lowmem-progress] clbf_lbac_adapted 2 {1234: 2, 1235: 0}

[lowmem-progress] 2026-06-07T01:06:58 26/200 completed
[lowmem-progress] sonic_only 4 {1234: 2, 1235: 2}
[lowmem-progress] hard_contract 4 {1234: 2, 1235: 2}
[lowmem-progress] raw_critic_0p5 4 {1234: 2, 1235: 2}
[lowmem-progress] global_conformal 2 {1234: 2, 1235: 0}
[lowmem-progress] casa_a_per_skill 2 {1234: 2, 1235: 0}
[lowmem-progress] safedpa_adapted 2 {1234: 2, 1235: 0}
[lowmem-progress] pcbf_adapted 2 {1234: 2, 1235: 0}
[lowmem-progress] safer_splat_cbf_adapted 2 {1234: 2, 1235: 0}
[lowmem-progress] mpc_cbf_humanoid_adapted 2 {1234: 2, 1235: 0}
[lowmem-progress] clbf_lbac_adapted 2 {1234: 2, 1235: 0}

[lowmem-progress] 2026-06-07T01:07:58 26/200 completed
[lowmem-progress] sonic_only 4 {1234: 2, 1235: 2}
[lowmem-progress] hard_contract 4 {1234: 2, 1235: 2}
[lowmem-progress] raw_critic_0p5 4 {1234: 2, 1235: 2}
[lowmem-progress] global_conformal 2 {1234: 2, 1235: 0}
[lowmem-progress] casa_a_per_skill 2 {1234: 2, 1235: 0}
[lowmem-progress] safedpa_adapted 2 {1234: 2, 1235: 0}
[lowmem-progress] pcbf_adapted 2 {1234: 2, 1235: 0}
[lowmem-progress] safer_splat_cbf_adapted 2 {1234: 2, 1235: 0}
[lowmem-progress] mpc_cbf_humanoid_adapted 2 {1234: 2, 1235: 0}
[lowmem-progress] clbf_lbac_adapted 2 {1234: 2, 1235: 0}

[lowmem-progress] 2026-06-07T01:08:58 28/200 completed
[lowmem-progress] sonic_only 4 {1234: 2, 1235: 2}
[lowmem-progress] hard_contract 4 {1234: 2, 1235: 2}
[lowmem-progress] raw_critic_0p5 4 {1234: 2, 1235: 2}
[lowmem-progress] global_conformal 4 {1234: 2, 1235: 2}
[lowmem-progress] casa_a_per_skill 2 {1234: 2, 1235: 0}
[lowmem-progress] safedpa_adapted 2 {1234: 2, 1235: 0}
[lowmem-progress] pcbf_adapted 2 {1234: 2, 1235: 0}
[lowmem-progress] safer_splat_cbf_adapted 2 {1234: 2, 1235: 0}
[lowmem-progress] mpc_cbf_humanoid_adapted 2 {1234: 2, 1235: 0}
[lowmem-progress] clbf_lbac_adapted 2 {1234: 2, 1235: 0}
[lowmem] finished lane_v2_global_conformal__seed_1235__ep_000_002 elapsed=197.2s
[lowmem] started lane_v2_casa_a_per_skill__seed_1235__ep_000_002 pid=3694025 gpu=2 domain=154 port=18228

[lowmem-progress] 2026-06-07T01:10:00 28/200 completed
[lowmem-progress] sonic_only 4 {1234: 2, 1235: 2}
[lowmem-progress] hard_contract 4 {1234: 2, 1235: 2}
[lowmem-progress] raw_critic_0p5 4 {1234: 2, 1235: 2}
[lowmem-progress] global_conformal 4 {1234: 2, 1235: 2}
[lowmem-progress] casa_a_per_skill 2 {1234: 2, 1235: 0}
[lowmem-progress] safedpa_adapted 2 {1234: 2, 1235: 0}
[lowmem-progress] pcbf_adapted 2 {1234: 2, 1235: 0}
[lowmem-progress] safer_splat_cbf_adapted 2 {1234: 2, 1235: 0}
[lowmem-progress] mpc_cbf_humanoid_adapted 2 {1234: 2, 1235: 0}
[lowmem-progress] clbf_lbac_adapted 2 {1234: 2, 1235: 0}

[lowmem-progress] 2026-06-07T01:11:00 30/200 completed
[lowmem-progress] sonic_only 4 {1234: 2, 1235: 2}
[lowmem-progress] hard_contract 4 {1234: 2, 1235: 2}
[lowmem-progress] raw_critic_0p5 4 {1234: 2, 1235: 2}
[lowmem-progress] global_conformal 4 {1234: 2, 1235: 2}
[lowmem-progress] casa_a_per_skill 4 {1234: 2, 1235: 2}
[lowmem-progress] safedpa_adapted 2 {1234: 2, 1235: 0}
[lowmem-progress] pcbf_adapted 2 {1234: 2, 1235: 0}
[lowmem-progress] safer_splat_cbf_adapted 2 {1234: 2, 1235: 0}
[lowmem-progress] mpc_cbf_humanoid_adapted 2 {1234: 2, 1235: 0}
[lowmem-progress] clbf_lbac_adapted 2 {1234: 2, 1235: 0}
[lowmem] finished lane_v2_casa_a_per_skill__seed_1235__ep_000_002 elapsed=122.1s
[lowmem] started lane_v2_safedpa_adapted__seed_1235__ep_000_002 pid=3695575 gpu=2 domain=155 port=18230

[lowmem-progress] 2026-06-07T01:12:02 30/200 completed
[lowmem-progress] sonic_only 4 {1234: 2, 1235: 2}
[lowmem-progress] hard_contract 4 {1234: 2, 1235: 2}
[lowmem-progress] raw_critic_0p5 4 {1234: 2, 1235: 2}
[lowmem-progress] global_conformal 4 {1234: 2, 1235: 2}
[lowmem-progress] casa_a_per_skill 4 {1234: 2, 1235: 2}
[lowmem-progress] safedpa_adapted 2 {1234: 2, 1235: 0}
[lowmem-progress] pcbf_adapted 2 {1234: 2, 1235: 0}
[lowmem-progress] safer_splat_cbf_adapted 2 {1234: 2, 1235: 0}
[lowmem-progress] mpc_cbf_humanoid_adapted 2 {1234: 2, 1235: 0}
[lowmem-progress] clbf_lbac_adapted 2 {1234: 2, 1235: 0}

[lowmem-progress] 2026-06-07T01:13:03 30/200 completed
[lowmem-progress] sonic_only 4 {1234: 2, 1235: 2}
[lowmem-progress] hard_contract 4 {1234: 2, 1235: 2}
[lowmem-progress] raw_critic_0p5 4 {1234: 2, 1235: 2}
[lowmem-progress] global_conformal 4 {1234: 2, 1235: 2}
[lowmem-progress] casa_a_per_skill 4 {1234: 2, 1235: 2}
[lowmem-progress] safedpa_adapted 2 {1234: 2, 1235: 0}
[lowmem-progress] pcbf_adapted 2 {1234: 2, 1235: 0}
[lowmem-progress] safer_splat_cbf_adapted 2 {1234: 2, 1235: 0}
[lowmem-progress] mpc_cbf_humanoid_adapted 2 {1234: 2, 1235: 0}
[lowmem-progress] clbf_lbac_adapted 2 {1234: 2, 1235: 0}

[lowmem-progress] 2026-06-07T01:14:03 31/200 completed
[lowmem-progress] sonic_only 4 {1234: 2, 1235: 2}
[lowmem-progress] hard_contract 4 {1234: 2, 1235: 2}
[lowmem-progress] raw_critic_0p5 4 {1234: 2, 1235: 2}
[lowmem-progress] global_conformal 4 {1234: 2, 1235: 2}
[lowmem-progress] casa_a_per_skill 4 {1234: 2, 1235: 2}
[lowmem-progress] safedpa_adapted 3 {1234: 2, 1235: 1}
[lowmem-progress] pcbf_adapted 2 {1234: 2, 1235: 0}
[lowmem-progress] safer_splat_cbf_adapted 2 {1234: 2, 1235: 0}
[lowmem-progress] mpc_cbf_humanoid_adapted 2 {1234: 2, 1235: 0}
[lowmem-progress] clbf_lbac_adapted 2 {1234: 2, 1235: 0}
[lowmem] finished lane_v2_safedpa_adapted__seed_1235__ep_000_002 elapsed=187.2s
[lowmem] started lane_v2_pcbf_adapted__seed_1235__ep_000_002 pid=3697895 gpu=2 domain=156 port=18232

[lowmem-progress] 2026-06-07T01:15:05 32/200 completed
[lowmem-progress] sonic_only 4 {1234: 2, 1235: 2}
[lowmem-progress] hard_contract 4 {1234: 2, 1235: 2}
[lowmem-progress] raw_critic_0p5 4 {1234: 2, 1235: 2}
[lowmem-progress] global_conformal 4 {1234: 2, 1235: 2}
[lowmem-progress] casa_a_per_skill 4 {1234: 2, 1235: 2}
[lowmem-progress] safedpa_adapted 4 {1234: 2, 1235: 2}
[lowmem-progress] pcbf_adapted 2 {1234: 2, 1235: 0}
[lowmem-progress] safer_splat_cbf_adapted 2 {1234: 2, 1235: 0}
[lowmem-progress] mpc_cbf_humanoid_adapted 2 {1234: 2, 1235: 0}
[lowmem-progress] clbf_lbac_adapted 2 {1234: 2, 1235: 0}

[lowmem-progress] 2026-06-07T01:16:05 32/200 completed
[lowmem-progress] sonic_only 4 {1234: 2, 1235: 2}
[lowmem-progress] hard_contract 4 {1234: 2, 1235: 2}
[lowmem-progress] raw_critic_0p5 4 {1234: 2, 1235: 2}
[lowmem-progress] global_conformal 4 {1234: 2, 1235: 2}
[lowmem-progress] casa_a_per_skill 4 {1234: 2, 1235: 2}
[lowmem-progress] safedpa_adapted 4 {1234: 2, 1235: 2}
[lowmem-progress] pcbf_adapted 2 {1234: 2, 1235: 0}
[lowmem-progress] safer_splat_cbf_adapted 2 {1234: 2, 1235: 0}
[lowmem-progress] mpc_cbf_humanoid_adapted 2 {1234: 2, 1235: 0}
[lowmem-progress] clbf_lbac_adapted 2 {1234: 2, 1235: 0}

[lowmem-progress] 2026-06-07T01:17:05 33/200 completed
[lowmem-progress] sonic_only 4 {1234: 2, 1235: 2}
[lowmem-progress] hard_contract 4 {1234: 2, 1235: 2}
[lowmem-progress] raw_critic_0p5 4 {1234: 2, 1235: 2}
[lowmem-progress] global_conformal 4 {1234: 2, 1235: 2}
[lowmem-progress] casa_a_per_skill 4 {1234: 2, 1235: 2}
[lowmem-progress] safedpa_adapted 4 {1234: 2, 1235: 2}
[lowmem-progress] pcbf_adapted 3 {1234: 2, 1235: 1}
[lowmem-progress] safer_splat_cbf_adapted 2 {1234: 2, 1235: 0}
[lowmem-progress] mpc_cbf_humanoid_adapted 2 {1234: 2, 1235: 0}
[lowmem-progress] clbf_lbac_adapted 2 {1234: 2, 1235: 0}
[lowmem] finished lane_v2_pcbf_adapted__seed_1235__ep_000_002 elapsed=202.2s
[lowmem] started lane_v2_safer_splat_cbf_adapted__seed_1235__ep_000_002 pid=3700667 gpu=2 domain=157 port=18234

[lowmem-progress] 2026-06-07T01:18:07 34/200 completed
[lowmem-progress] sonic_only 4 {1234: 2, 1235: 2}
[lowmem-progress] hard_contract 4 {1234: 2, 1235: 2}
[lowmem-progress] raw_critic_0p5 4 {1234: 2, 1235: 2}
[lowmem-progress] global_conformal 4 {1234: 2, 1235: 2}
[lowmem-progress] casa_a_per_skill 4 {1234: 2, 1235: 2}
[lowmem-progress] safedpa_adapted 4 {1234: 2, 1235: 2}
[lowmem-progress] pcbf_adapted 4 {1234: 2, 1235: 2}
[lowmem-progress] safer_splat_cbf_adapted 2 {1234: 2, 1235: 0}
[lowmem-progress] mpc_cbf_humanoid_adapted 2 {1234: 2, 1235: 0}
[lowmem-progress] clbf_lbac_adapted 2 {1234: 2, 1235: 0}

[lowmem-progress] 2026-06-07T01:19:07 34/200 completed
[lowmem-progress] sonic_only 4 {1234: 2, 1235: 2}
[lowmem-progress] hard_contract 4 {1234: 2, 1235: 2}
[lowmem-progress] raw_critic_0p5 4 {1234: 2, 1235: 2}
[lowmem-progress] global_conformal 4 {1234: 2, 1235: 2}
[lowmem-progress] casa_a_per_skill 4 {1234: 2, 1235: 2}
[lowmem-progress] safedpa_adapted 4 {1234: 2, 1235: 2}
[lowmem-progress] pcbf_adapted 4 {1234: 2, 1235: 2}
[lowmem-progress] safer_splat_cbf_adapted 2 {1234: 2, 1235: 0}
[lowmem-progress] mpc_cbf_humanoid_adapted 2 {1234: 2, 1235: 0}
[lowmem-progress] clbf_lbac_adapted 2 {1234: 2, 1235: 0}

[lowmem-progress] 2026-06-07T01:20:07 34/200 completed
[lowmem-progress] sonic_only 4 {1234: 2, 1235: 2}
[lowmem-progress] hard_contract 4 {1234: 2, 1235: 2}
[lowmem-progress] raw_critic_0p5 4 {1234: 2, 1235: 2}
[lowmem-progress] global_conformal 4 {1234: 2, 1235: 2}
[lowmem-progress] casa_a_per_skill 4 {1234: 2, 1235: 2}
[lowmem-progress] safedpa_adapted 4 {1234: 2, 1235: 2}
[lowmem-progress] pcbf_adapted 4 {1234: 2, 1235: 2}
[lowmem-progress] safer_splat_cbf_adapted 2 {1234: 2, 1235: 0}
[lowmem-progress] mpc_cbf_humanoid_adapted 2 {1234: 2, 1235: 0}
[lowmem-progress] clbf_lbac_adapted 2 {1234: 2, 1235: 0}
[lowmem] finished lane_v2_safer_splat_cbf_adapted__seed_1235__ep_000_002 elapsed=202.2s
[lowmem] started lane_v2_mpc_cbf_humanoid_adapted__seed_1235__ep_000_002 pid=3703203 gpu=2 domain=158 port=18236

[lowmem-progress] 2026-06-07T01:21:09 36/200 completed
[lowmem-progress] sonic_only 4 {1234: 2, 1235: 2}
[lowmem-progress] hard_contract 4 {1234: 2, 1235: 2}
[lowmem-progress] raw_critic_0p5 4 {1234: 2, 1235: 2}
[lowmem-progress] global_conformal 4 {1234: 2, 1235: 2}
[lowmem-progress] casa_a_per_skill 4 {1234: 2, 1235: 2}
[lowmem-progress] safedpa_adapted 4 {1234: 2, 1235: 2}
[lowmem-progress] pcbf_adapted 4 {1234: 2, 1235: 2}
[lowmem-progress] safer_splat_cbf_adapted 4 {1234: 2, 1235: 2}
[lowmem-progress] mpc_cbf_humanoid_adapted 2 {1234: 2, 1235: 0}
[lowmem-progress] clbf_lbac_adapted 2 {1234: 2, 1235: 0}

[lowmem-progress] 2026-06-07T01:22:09 36/200 completed
[lowmem-progress] sonic_only 4 {1234: 2, 1235: 2}
[lowmem-progress] hard_contract 4 {1234: 2, 1235: 2}
[lowmem-progress] raw_critic_0p5 4 {1234: 2, 1235: 2}
[lowmem-progress] global_conformal 4 {1234: 2, 1235: 2}
[lowmem-progress] casa_a_per_skill 4 {1234: 2, 1235: 2}
[lowmem-progress] safedpa_adapted 4 {1234: 2, 1235: 2}
[lowmem-progress] pcbf_adapted 4 {1234: 2, 1235: 2}
[lowmem-progress] safer_splat_cbf_adapted 4 {1234: 2, 1235: 2}
[lowmem-progress] mpc_cbf_humanoid_adapted 2 {1234: 2, 1235: 0}
[lowmem-progress] clbf_lbac_adapted 2 {1234: 2, 1235: 0}

[lowmem-progress] 2026-06-07T01:23:09 36/200 completed
[lowmem-progress] sonic_only 4 {1234: 2, 1235: 2}
[lowmem-progress] hard_contract 4 {1234: 2, 1235: 2}
[lowmem-progress] raw_critic_0p5 4 {1234: 2, 1235: 2}
[lowmem-progress] global_conformal 4 {1234: 2, 1235: 2}
[lowmem-progress] casa_a_per_skill 4 {1234: 2, 1235: 2}
[lowmem-progress] safedpa_adapted 4 {1234: 2, 1235: 2}
[lowmem-progress] pcbf_adapted 4 {1234: 2, 1235: 2}
[lowmem-progress] safer_splat_cbf_adapted 4 {1234: 2, 1235: 2}
[lowmem-progress] mpc_cbf_humanoid_adapted 2 {1234: 2, 1235: 0}
[lowmem-progress] clbf_lbac_adapted 2 {1234: 2, 1235: 0}

[lowmem-progress] 2026-06-07T01:24:09 37/200 completed
[lowmem-progress] sonic_only 4 {1234: 2, 1235: 2}
[lowmem-progress] hard_contract 4 {1234: 2, 1235: 2}
[lowmem-progress] raw_critic_0p5 4 {1234: 2, 1235: 2}
[lowmem-progress] global_conformal 4 {1234: 2, 1235: 2}
[lowmem-progress] casa_a_per_skill 4 {1234: 2, 1235: 2}
[lowmem-progress] safedpa_adapted 4 {1234: 2, 1235: 2}
[lowmem-progress] pcbf_adapted 4 {1234: 2, 1235: 2}
[lowmem-progress] safer_splat_cbf_adapted 4 {1234: 2, 1235: 2}
[lowmem-progress] mpc_cbf_humanoid_adapted 3 {1234: 2, 1235: 1}
[lowmem-progress] clbf_lbac_adapted 2 {1234: 2, 1235: 0}
[lowmem] finished lane_v2_mpc_cbf_humanoid_adapted__seed_1235__ep_000_002 elapsed=197.2s
[lowmem] started lane_v2_clbf_lbac_adapted__seed_1235__ep_000_002 pid=3705632 gpu=2 domain=159 port=18238

[lowmem-progress] 2026-06-07T01:25:11 38/200 completed
[lowmem-progress] sonic_only 4 {1234: 2, 1235: 2}
[lowmem-progress] hard_contract 4 {1234: 2, 1235: 2}
[lowmem-progress] raw_critic_0p5 4 {1234: 2, 1235: 2}
[lowmem-progress] global_conformal 4 {1234: 2, 1235: 2}
[lowmem-progress] casa_a_per_skill 4 {1234: 2, 1235: 2}
[lowmem-progress] safedpa_adapted 4 {1234: 2, 1235: 2}
[lowmem-progress] pcbf_adapted 4 {1234: 2, 1235: 2}
[lowmem-progress] safer_splat_cbf_adapted 4 {1234: 2, 1235: 2}
[lowmem-progress] mpc_cbf_humanoid_adapted 4 {1234: 2, 1235: 2}
[lowmem-progress] clbf_lbac_adapted 2 {1234: 2, 1235: 0}

[lowmem-progress] 2026-06-07T01:26:11 38/200 completed
[lowmem-progress] sonic_only 4 {1234: 2, 1235: 2}
[lowmem-progress] hard_contract 4 {1234: 2, 1235: 2}
[lowmem-progress] raw_critic_0p5 4 {1234: 2, 1235: 2}
[lowmem-progress] global_conformal 4 {1234: 2, 1235: 2}
[lowmem-progress] casa_a_per_skill 4 {1234: 2, 1235: 2}
[lowmem-progress] safedpa_adapted 4 {1234: 2, 1235: 2}
[lowmem-progress] pcbf_adapted 4 {1234: 2, 1235: 2}
[lowmem-progress] safer_splat_cbf_adapted 4 {1234: 2, 1235: 2}
[lowmem-progress] mpc_cbf_humanoid_adapted 4 {1234: 2, 1235: 2}
[lowmem-progress] clbf_lbac_adapted 2 {1234: 2, 1235: 0}

[lowmem-progress] 2026-06-07T01:27:11 39/200 completed
[lowmem-progress] sonic_only 4 {1234: 2, 1235: 2}
[lowmem-progress] hard_contract 4 {1234: 2, 1235: 2}
[lowmem-progress] raw_critic_0p5 4 {1234: 2, 1235: 2}
[lowmem-progress] global_conformal 4 {1234: 2, 1235: 2}
[lowmem-progress] casa_a_per_skill 4 {1234: 2, 1235: 2}
[lowmem-progress] safedpa_adapted 4 {1234: 2, 1235: 2}
[lowmem-progress] pcbf_adapted 4 {1234: 2, 1235: 2}
[lowmem-progress] safer_splat_cbf_adapted 4 {1234: 2, 1235: 2}
[lowmem-progress] mpc_cbf_humanoid_adapted 4 {1234: 2, 1235: 2}
[lowmem-progress] clbf_lbac_adapted 3 {1234: 2, 1235: 1}
[lowmem] finished lane_v2_clbf_lbac_adapted__seed_1235__ep_000_002 elapsed=202.2s
[lowmem] started lane_v2_sonic_only__seed_1234__ep_002_004 pid=3708248 gpu=2 domain=160 port=18240

[lowmem-progress] 2026-06-07T01:28:13 40/200 completed
[lowmem-progress] sonic_only 4 {1234: 2, 1235: 2}
[lowmem-progress] hard_contract 4 {1234: 2, 1235: 2}
[lowmem-progress] raw_critic_0p5 4 {1234: 2, 1235: 2}
[lowmem-progress] global_conformal 4 {1234: 2, 1235: 2}
[lowmem-progress] casa_a_per_skill 4 {1234: 2, 1235: 2}
[lowmem-progress] safedpa_adapted 4 {1234: 2, 1235: 2}
[lowmem-progress] pcbf_adapted 4 {1234: 2, 1235: 2}
[lowmem-progress] safer_splat_cbf_adapted 4 {1234: 2, 1235: 2}
[lowmem-progress] mpc_cbf_humanoid_adapted 4 {1234: 2, 1235: 2}
[lowmem-progress] clbf_lbac_adapted 4 {1234: 2, 1235: 2}

[lowmem-progress] 2026-06-07T01:29:13 40/200 completed
[lowmem-progress] sonic_only 4 {1234: 2, 1235: 2}
[lowmem-progress] hard_contract 4 {1234: 2, 1235: 2}
[lowmem-progress] raw_critic_0p5 4 {1234: 2, 1235: 2}
[lowmem-progress] global_conformal 4 {1234: 2, 1235: 2}
[lowmem-progress] casa_a_per_skill 4 {1234: 2, 1235: 2}
[lowmem-progress] safedpa_adapted 4 {1234: 2, 1235: 2}
[lowmem-progress] pcbf_adapted 4 {1234: 2, 1235: 2}
[lowmem-progress] safer_splat_cbf_adapted 4 {1234: 2, 1235: 2}
[lowmem-progress] mpc_cbf_humanoid_adapted 4 {1234: 2, 1235: 2}
[lowmem-progress] clbf_lbac_adapted 4 {1234: 2, 1235: 2}

[lowmem-progress] 2026-06-07T01:30:14 40/200 completed
[lowmem-progress] sonic_only 4 {1234: 2, 1235: 2}
[lowmem-progress] hard_contract 4 {1234: 2, 1235: 2}
[lowmem-progress] raw_critic_0p5 4 {1234: 2, 1235: 2}
[lowmem-progress] global_conformal 4 {1234: 2, 1235: 2}
[lowmem-progress] casa_a_per_skill 4 {1234: 2, 1235: 2}
[lowmem-progress] safedpa_adapted 4 {1234: 2, 1235: 2}
[lowmem-progress] pcbf_adapted 4 {1234: 2, 1235: 2}
[lowmem-progress] safer_splat_cbf_adapted 4 {1234: 2, 1235: 2}
[lowmem-progress] mpc_cbf_humanoid_adapted 4 {1234: 2, 1235: 2}
[lowmem-progress] clbf_lbac_adapted 4 {1234: 2, 1235: 2}
[lowmem] finished lane_v2_sonic_only__seed_1234__ep_002_004 elapsed=207.2s
[lowmem] started lane_v2_hard_contract__seed_1234__ep_002_004 pid=3710807 gpu=2 domain=161 port=18242

[lowmem-progress] 2026-06-07T01:31:16 42/200 completed
[lowmem-progress] sonic_only 6 {1234: 4, 1235: 2}
[lowmem-progress] hard_contract 4 {1234: 2, 1235: 2}
[lowmem-progress] raw_critic_0p5 4 {1234: 2, 1235: 2}
[lowmem-progress] global_conformal 4 {1234: 2, 1235: 2}
[lowmem-progress] casa_a_per_skill 4 {1234: 2, 1235: 2}
[lowmem-progress] safedpa_adapted 4 {1234: 2, 1235: 2}
[lowmem-progress] pcbf_adapted 4 {1234: 2, 1235: 2}
[lowmem-progress] safer_splat_cbf_adapted 4 {1234: 2, 1235: 2}
[lowmem-progress] mpc_cbf_humanoid_adapted 4 {1234: 2, 1235: 2}
[lowmem-progress] clbf_lbac_adapted 4 {1234: 2, 1235: 2}

[lowmem-progress] 2026-06-07T01:32:16 42/200 completed
[lowmem-progress] sonic_only 6 {1234: 4, 1235: 2}
[lowmem-progress] hard_contract 4 {1234: 2, 1235: 2}
[lowmem-progress] raw_critic_0p5 4 {1234: 2, 1235: 2}
[lowmem-progress] global_conformal 4 {1234: 2, 1235: 2}
[lowmem-progress] casa_a_per_skill 4 {1234: 2, 1235: 2}
[lowmem-progress] safedpa_adapted 4 {1234: 2, 1235: 2}
[lowmem-progress] pcbf_adapted 4 {1234: 2, 1235: 2}
[lowmem-progress] safer_splat_cbf_adapted 4 {1234: 2, 1235: 2}
[lowmem-progress] mpc_cbf_humanoid_adapted 4 {1234: 2, 1235: 2}
[lowmem-progress] clbf_lbac_adapted 4 {1234: 2, 1235: 2}
[lowmem] finished lane_v2_hard_contract__seed_1234__ep_002_004 elapsed=112.1s
[lowmem] started lane_v2_raw_critic_0p5__seed_1234__ep_002_004 pid=3712206 gpu=2 domain=162 port=18244

[lowmem-progress] 2026-06-07T01:33:18 44/200 completed
[lowmem-progress] sonic_only 6 {1234: 4, 1235: 2}
[lowmem-progress] hard_contract 6 {1234: 4, 1235: 2}
[lowmem-progress] raw_critic_0p5 4 {1234: 2, 1235: 2}
[lowmem-progress] global_conformal 4 {1234: 2, 1235: 2}
[lowmem-progress] casa_a_per_skill 4 {1234: 2, 1235: 2}
[lowmem-progress] safedpa_adapted 4 {1234: 2, 1235: 2}
[lowmem-progress] pcbf_adapted 4 {1234: 2, 1235: 2}
[lowmem-progress] safer_splat_cbf_adapted 4 {1234: 2, 1235: 2}
[lowmem-progress] mpc_cbf_humanoid_adapted 4 {1234: 2, 1235: 2}
[lowmem-progress] clbf_lbac_adapted 4 {1234: 2, 1235: 2}

[lowmem-progress] 2026-06-07T01:34:18 44/200 completed
[lowmem-progress] sonic_only 6 {1234: 4, 1235: 2}
[lowmem-progress] hard_contract 6 {1234: 4, 1235: 2}
[lowmem-progress] raw_critic_0p5 4 {1234: 2, 1235: 2}
[lowmem-progress] global_conformal 4 {1234: 2, 1235: 2}
[lowmem-progress] casa_a_per_skill 4 {1234: 2, 1235: 2}
[lowmem-progress] safedpa_adapted 4 {1234: 2, 1235: 2}
[lowmem-progress] pcbf_adapted 4 {1234: 2, 1235: 2}
[lowmem-progress] safer_splat_cbf_adapted 4 {1234: 2, 1235: 2}
[lowmem-progress] mpc_cbf_humanoid_adapted 4 {1234: 2, 1235: 2}
[lowmem-progress] clbf_lbac_adapted 4 {1234: 2, 1235: 2}

[lowmem-progress] 2026-06-07T01:35:18 44/200 completed
[lowmem-progress] sonic_only 6 {1234: 4, 1235: 2}
[lowmem-progress] hard_contract 6 {1234: 4, 1235: 2}
[lowmem-progress] raw_critic_0p5 4 {1234: 2, 1235: 2}
[lowmem-progress] global_conformal 4 {1234: 2, 1235: 2}
[lowmem-progress] casa_a_per_skill 4 {1234: 2, 1235: 2}
[lowmem-progress] safedpa_adapted 4 {1234: 2, 1235: 2}
[lowmem-progress] pcbf_adapted 4 {1234: 2, 1235: 2}
[lowmem-progress] safer_splat_cbf_adapted 4 {1234: 2, 1235: 2}
[lowmem-progress] mpc_cbf_humanoid_adapted 4 {1234: 2, 1235: 2}
[lowmem-progress] clbf_lbac_adapted 4 {1234: 2, 1235: 2}
[lowmem] finished lane_v2_raw_critic_0p5__seed_1234__ep_002_004 elapsed=182.2s
[lowmem] started lane_v2_global_conformal__seed_1234__ep_002_004 pid=3714471 gpu=2 domain=163 port=18246

[lowmem-progress] 2026-06-07T01:36:20 46/200 completed
[lowmem-progress] sonic_only 6 {1234: 4, 1235: 2}
[lowmem-progress] hard_contract 6 {1234: 4, 1235: 2}
[lowmem-progress] raw_critic_0p5 6 {1234: 4, 1235: 2}
[lowmem-progress] global_conformal 4 {1234: 2, 1235: 2}
[lowmem-progress] casa_a_per_skill 4 {1234: 2, 1235: 2}
[lowmem-progress] safedpa_adapted 4 {1234: 2, 1235: 2}
[lowmem-progress] pcbf_adapted 4 {1234: 2, 1235: 2}
[lowmem-progress] safer_splat_cbf_adapted 4 {1234: 2, 1235: 2}
[lowmem-progress] mpc_cbf_humanoid_adapted 4 {1234: 2, 1235: 2}
[lowmem-progress] clbf_lbac_adapted 4 {1234: 2, 1235: 2}

[lowmem-progress] 2026-06-07T01:37:20 46/200 completed
[lowmem-progress] sonic_only 6 {1234: 4, 1235: 2}
[lowmem-progress] hard_contract 6 {1234: 4, 1235: 2}
[lowmem-progress] raw_critic_0p5 6 {1234: 4, 1235: 2}
[lowmem-progress] global_conformal 4 {1234: 2, 1235: 2}
[lowmem-progress] casa_a_per_skill 4 {1234: 2, 1235: 2}
[lowmem-progress] safedpa_adapted 4 {1234: 2, 1235: 2}
[lowmem-progress] pcbf_adapted 4 {1234: 2, 1235: 2}
[lowmem-progress] safer_splat_cbf_adapted 4 {1234: 2, 1235: 2}
[lowmem-progress] mpc_cbf_humanoid_adapted 4 {1234: 2, 1235: 2}
[lowmem-progress] clbf_lbac_adapted 4 {1234: 2, 1235: 2}

[lowmem-progress] 2026-06-07T01:38:20 46/200 completed
[lowmem-progress] sonic_only 6 {1234: 4, 1235: 2}
[lowmem-progress] hard_contract 6 {1234: 4, 1235: 2}
[lowmem-progress] raw_critic_0p5 6 {1234: 4, 1235: 2}
[lowmem-progress] global_conformal 4 {1234: 2, 1235: 2}
[lowmem-progress] casa_a_per_skill 4 {1234: 2, 1235: 2}
[lowmem-progress] safedpa_adapted 4 {1234: 2, 1235: 2}
[lowmem-progress] pcbf_adapted 4 {1234: 2, 1235: 2}
[lowmem-progress] safer_splat_cbf_adapted 4 {1234: 2, 1235: 2}
[lowmem-progress] mpc_cbf_humanoid_adapted 4 {1234: 2, 1235: 2}
[lowmem-progress] clbf_lbac_adapted 4 {1234: 2, 1235: 2}
[lowmem] finished lane_v2_global_conformal__seed_1234__ep_002_004 elapsed=202.2s
[lowmem] started lane_v2_casa_a_per_skill__seed_1234__ep_002_004 pid=3716581 gpu=2 domain=164 port=18248

[lowmem-progress] 2026-06-07T01:39:22 48/200 completed
[lowmem-progress] sonic_only 6 {1234: 4, 1235: 2}
[lowmem-progress] hard_contract 6 {1234: 4, 1235: 2}
[lowmem-progress] raw_critic_0p5 6 {1234: 4, 1235: 2}
[lowmem-progress] global_conformal 6 {1234: 4, 1235: 2}
[lowmem-progress] casa_a_per_skill 4 {1234: 2, 1235: 2}
[lowmem-progress] safedpa_adapted 4 {1234: 2, 1235: 2}
[lowmem-progress] pcbf_adapted 4 {1234: 2, 1235: 2}
[lowmem-progress] safer_splat_cbf_adapted 4 {1234: 2, 1235: 2}
[lowmem-progress] mpc_cbf_humanoid_adapted 4 {1234: 2, 1235: 2}
[lowmem-progress] clbf_lbac_adapted 4 {1234: 2, 1235: 2}

[lowmem-progress] 2026-06-07T01:40:22 48/200 completed
[lowmem-progress] sonic_only 6 {1234: 4, 1235: 2}
[lowmem-progress] hard_contract 6 {1234: 4, 1235: 2}
[lowmem-progress] raw_critic_0p5 6 {1234: 4, 1235: 2}
[lowmem-progress] global_conformal 6 {1234: 4, 1235: 2}
[lowmem-progress] casa_a_per_skill 4 {1234: 2, 1235: 2}
[lowmem-progress] safedpa_adapted 4 {1234: 2, 1235: 2}
[lowmem-progress] pcbf_adapted 4 {1234: 2, 1235: 2}
[lowmem-progress] safer_splat_cbf_adapted 4 {1234: 2, 1235: 2}
[lowmem-progress] mpc_cbf_humanoid_adapted 4 {1234: 2, 1235: 2}
[lowmem-progress] clbf_lbac_adapted 4 {1234: 2, 1235: 2}

[lowmem-progress] 2026-06-07T01:41:22 48/200 completed
[lowmem-progress] sonic_only 6 {1234: 4, 1235: 2}
[lowmem-progress] hard_contract 6 {1234: 4, 1235: 2}
[lowmem-progress] raw_critic_0p5 6 {1234: 4, 1235: 2}
[lowmem-progress] global_conformal 6 {1234: 4, 1235: 2}
[lowmem-progress] casa_a_per_skill 4 {1234: 2, 1235: 2}
[lowmem-progress] safedpa_adapted 4 {1234: 2, 1235: 2}
[lowmem-progress] pcbf_adapted 4 {1234: 2, 1235: 2}
[lowmem-progress] safer_splat_cbf_adapted 4 {1234: 2, 1235: 2}
[lowmem-progress] mpc_cbf_humanoid_adapted 4 {1234: 2, 1235: 2}
[lowmem-progress] clbf_lbac_adapted 4 {1234: 2, 1235: 2}

[lowmem-progress] 2026-06-07T01:42:23 49/200 completed
[lowmem-progress] sonic_only 6 {1234: 4, 1235: 2}
[lowmem-progress] hard_contract 6 {1234: 4, 1235: 2}
[lowmem-progress] raw_critic_0p5 6 {1234: 4, 1235: 2}
[lowmem-progress] global_conformal 6 {1234: 4, 1235: 2}
[lowmem-progress] casa_a_per_skill 5 {1234: 3, 1235: 2}
[lowmem-progress] safedpa_adapted 4 {1234: 2, 1235: 2}
[lowmem-progress] pcbf_adapted 4 {1234: 2, 1235: 2}
[lowmem-progress] safer_splat_cbf_adapted 4 {1234: 2, 1235: 2}
[lowmem-progress] mpc_cbf_humanoid_adapted 4 {1234: 2, 1235: 2}
[lowmem-progress] clbf_lbac_adapted 4 {1234: 2, 1235: 2}
[lowmem] finished lane_v2_casa_a_per_skill__seed_1234__ep_002_004 elapsed=202.2s
[lowmem] started lane_v2_safedpa_adapted__seed_1234__ep_002_004 pid=3718780 gpu=2 domain=165 port=18250

[lowmem-progress] 2026-06-07T01:43:25 50/200 completed
[lowmem-progress] sonic_only 6 {1234: 4, 1235: 2}
[lowmem-progress] hard_contract 6 {1234: 4, 1235: 2}
[lowmem-progress] raw_critic_0p5 6 {1234: 4, 1235: 2}
[lowmem-progress] global_conformal 6 {1234: 4, 1235: 2}
[lowmem-progress] casa_a_per_skill 6 {1234: 4, 1235: 2}
[lowmem-progress] safedpa_adapted 4 {1234: 2, 1235: 2}
[lowmem-progress] pcbf_adapted 4 {1234: 2, 1235: 2}
[lowmem-progress] safer_splat_cbf_adapted 4 {1234: 2, 1235: 2}
[lowmem-progress] mpc_cbf_humanoid_adapted 4 {1234: 2, 1235: 2}
[lowmem-progress] clbf_lbac_adapted 4 {1234: 2, 1235: 2}

[lowmem-progress] 2026-06-07T01:44:25 50/200 completed
[lowmem-progress] sonic_only 6 {1234: 4, 1235: 2}
[lowmem-progress] hard_contract 6 {1234: 4, 1235: 2}
[lowmem-progress] raw_critic_0p5 6 {1234: 4, 1235: 2}
[lowmem-progress] global_conformal 6 {1234: 4, 1235: 2}
[lowmem-progress] casa_a_per_skill 6 {1234: 4, 1235: 2}
[lowmem-progress] safedpa_adapted 4 {1234: 2, 1235: 2}
[lowmem-progress] pcbf_adapted 4 {1234: 2, 1235: 2}
[lowmem-progress] safer_splat_cbf_adapted 4 {1234: 2, 1235: 2}
[lowmem-progress] mpc_cbf_humanoid_adapted 4 {1234: 2, 1235: 2}
[lowmem-progress] clbf_lbac_adapted 4 {1234: 2, 1235: 2}

[lowmem-progress] 2026-06-07T01:45:25 50/200 completed
[lowmem-progress] sonic_only 6 {1234: 4, 1235: 2}
[lowmem-progress] hard_contract 6 {1234: 4, 1235: 2}
[lowmem-progress] raw_critic_0p5 6 {1234: 4, 1235: 2}
[lowmem-progress] global_conformal 6 {1234: 4, 1235: 2}
[lowmem-progress] casa_a_per_skill 6 {1234: 4, 1235: 2}
[lowmem-progress] safedpa_adapted 4 {1234: 2, 1235: 2}
[lowmem-progress] pcbf_adapted 4 {1234: 2, 1235: 2}
[lowmem-progress] safer_splat_cbf_adapted 4 {1234: 2, 1235: 2}
[lowmem-progress] mpc_cbf_humanoid_adapted 4 {1234: 2, 1235: 2}
[lowmem-progress] clbf_lbac_adapted 4 {1234: 2, 1235: 2}
[lowmem] finished lane_v2_safedpa_adapted__seed_1234__ep_002_004 elapsed=197.2s
[lowmem] started lane_v2_pcbf_adapted__seed_1234__ep_002_004 pid=3720842 gpu=2 domain=166 port=18252

[lowmem-progress] 2026-06-07T01:46:27 52/200 completed
[lowmem-progress] sonic_only 6 {1234: 4, 1235: 2}
[lowmem-progress] hard_contract 6 {1234: 4, 1235: 2}
[lowmem-progress] raw_critic_0p5 6 {1234: 4, 1235: 2}
[lowmem-progress] global_conformal 6 {1234: 4, 1235: 2}
[lowmem-progress] casa_a_per_skill 6 {1234: 4, 1235: 2}
[lowmem-progress] safedpa_adapted 6 {1234: 4, 1235: 2}
[lowmem-progress] pcbf_adapted 4 {1234: 2, 1235: 2}
[lowmem-progress] safer_splat_cbf_adapted 4 {1234: 2, 1235: 2}
[lowmem-progress] mpc_cbf_humanoid_adapted 4 {1234: 2, 1235: 2}
[lowmem-progress] clbf_lbac_adapted 4 {1234: 2, 1235: 2}

[lowmem-progress] 2026-06-07T01:47:27 52/200 completed
[lowmem-progress] sonic_only 6 {1234: 4, 1235: 2}
[lowmem-progress] hard_contract 6 {1234: 4, 1235: 2}
[lowmem-progress] raw_critic_0p5 6 {1234: 4, 1235: 2}
[lowmem-progress] global_conformal 6 {1234: 4, 1235: 2}
[lowmem-progress] casa_a_per_skill 6 {1234: 4, 1235: 2}
[lowmem-progress] safedpa_adapted 6 {1234: 4, 1235: 2}
[lowmem-progress] pcbf_adapted 4 {1234: 2, 1235: 2}
[lowmem-progress] safer_splat_cbf_adapted 4 {1234: 2, 1235: 2}
[lowmem-progress] mpc_cbf_humanoid_adapted 4 {1234: 2, 1235: 2}
[lowmem-progress] clbf_lbac_adapted 4 {1234: 2, 1235: 2}

[lowmem-progress] 2026-06-07T01:48:27 52/200 completed
[lowmem-progress] sonic_only 6 {1234: 4, 1235: 2}
[lowmem-progress] hard_contract 6 {1234: 4, 1235: 2}
[lowmem-progress] raw_critic_0p5 6 {1234: 4, 1235: 2}
[lowmem-progress] global_conformal 6 {1234: 4, 1235: 2}
[lowmem-progress] casa_a_per_skill 6 {1234: 4, 1235: 2}
[lowmem-progress] safedpa_adapted 6 {1234: 4, 1235: 2}
[lowmem-progress] pcbf_adapted 4 {1234: 2, 1235: 2}
[lowmem-progress] safer_splat_cbf_adapted 4 {1234: 2, 1235: 2}
[lowmem-progress] mpc_cbf_humanoid_adapted 4 {1234: 2, 1235: 2}
[lowmem-progress] clbf_lbac_adapted 4 {1234: 2, 1235: 2}
[lowmem] finished lane_v2_pcbf_adapted__seed_1234__ep_002_004 elapsed=197.2s
[lowmem] started lane_v2_safer_splat_cbf_adapted__seed_1234__ep_002_004 pid=3722898 gpu=2 domain=167 port=18254

[lowmem-progress] 2026-06-07T01:49:29 54/200 completed
[lowmem-progress] sonic_only 6 {1234: 4, 1235: 2}
[lowmem-progress] hard_contract 6 {1234: 4, 1235: 2}
[lowmem-progress] raw_critic_0p5 6 {1234: 4, 1235: 2}
[lowmem-progress] global_conformal 6 {1234: 4, 1235: 2}
[lowmem-progress] casa_a_per_skill 6 {1234: 4, 1235: 2}
[lowmem-progress] safedpa_adapted 6 {1234: 4, 1235: 2}
[lowmem-progress] pcbf_adapted 6 {1234: 4, 1235: 2}
[lowmem-progress] safer_splat_cbf_adapted 4 {1234: 2, 1235: 2}
[lowmem-progress] mpc_cbf_humanoid_adapted 4 {1234: 2, 1235: 2}
[lowmem-progress] clbf_lbac_adapted 4 {1234: 2, 1235: 2}

[lowmem-progress] 2026-06-07T01:50:29 54/200 completed
[lowmem-progress] sonic_only 6 {1234: 4, 1235: 2}
[lowmem-progress] hard_contract 6 {1234: 4, 1235: 2}
[lowmem-progress] raw_critic_0p5 6 {1234: 4, 1235: 2}
[lowmem-progress] global_conformal 6 {1234: 4, 1235: 2}
[lowmem-progress] casa_a_per_skill 6 {1234: 4, 1235: 2}
[lowmem-progress] safedpa_adapted 6 {1234: 4, 1235: 2}
[lowmem-progress] pcbf_adapted 6 {1234: 4, 1235: 2}
[lowmem-progress] safer_splat_cbf_adapted 4 {1234: 2, 1235: 2}
[lowmem-progress] mpc_cbf_humanoid_adapted 4 {1234: 2, 1235: 2}
[lowmem-progress] clbf_lbac_adapted 4 {1234: 2, 1235: 2}
[lowmem] finished lane_v2_safer_splat_cbf_adapted__seed_1234__ep_002_004 elapsed=117.1s
[lowmem] started lane_v2_mpc_cbf_humanoid_adapted__seed_1234__ep_002_004 pid=3724125 gpu=2 domain=168 port=18256

[lowmem-progress] 2026-06-07T01:51:31 56/200 completed
[lowmem-progress] sonic_only 6 {1234: 4, 1235: 2}
[lowmem-progress] hard_contract 6 {1234: 4, 1235: 2}
[lowmem-progress] raw_critic_0p5 6 {1234: 4, 1235: 2}
[lowmem-progress] global_conformal 6 {1234: 4, 1235: 2}
[lowmem-progress] casa_a_per_skill 6 {1234: 4, 1235: 2}
[lowmem-progress] safedpa_adapted 6 {1234: 4, 1235: 2}
[lowmem-progress] pcbf_adapted 6 {1234: 4, 1235: 2}
[lowmem-progress] safer_splat_cbf_adapted 6 {1234: 4, 1235: 2}
[lowmem-progress] mpc_cbf_humanoid_adapted 4 {1234: 2, 1235: 2}
[lowmem-progress] clbf_lbac_adapted 4 {1234: 2, 1235: 2}

[lowmem-progress] 2026-06-07T01:52:31 56/200 completed
[lowmem-progress] sonic_only 6 {1234: 4, 1235: 2}
[lowmem-progress] hard_contract 6 {1234: 4, 1235: 2}
[lowmem-progress] raw_critic_0p5 6 {1234: 4, 1235: 2}
[lowmem-progress] global_conformal 6 {1234: 4, 1235: 2}
[lowmem-progress] casa_a_per_skill 6 {1234: 4, 1235: 2}
[lowmem-progress] safedpa_adapted 6 {1234: 4, 1235: 2}
[lowmem-progress] pcbf_adapted 6 {1234: 4, 1235: 2}
[lowmem-progress] safer_splat_cbf_adapted 6 {1234: 4, 1235: 2}
[lowmem-progress] mpc_cbf_humanoid_adapted 4 {1234: 2, 1235: 2}
[lowmem-progress] clbf_lbac_adapted 4 {1234: 2, 1235: 2}

[lowmem-progress] 2026-06-07T01:53:31 56/200 completed
[lowmem-progress] sonic_only 6 {1234: 4, 1235: 2}
[lowmem-progress] hard_contract 6 {1234: 4, 1235: 2}
[lowmem-progress] raw_critic_0p5 6 {1234: 4, 1235: 2}
[lowmem-progress] global_conformal 6 {1234: 4, 1235: 2}
[lowmem-progress] casa_a_per_skill 6 {1234: 4, 1235: 2}
[lowmem-progress] safedpa_adapted 6 {1234: 4, 1235: 2}
[lowmem-progress] pcbf_adapted 6 {1234: 4, 1235: 2}
[lowmem-progress] safer_splat_cbf_adapted 6 {1234: 4, 1235: 2}
[lowmem-progress] mpc_cbf_humanoid_adapted 4 {1234: 2, 1235: 2}
[lowmem-progress] clbf_lbac_adapted 4 {1234: 2, 1235: 2}
[lowmem] finished lane_v2_mpc_cbf_humanoid_adapted__seed_1234__ep_002_004 elapsed=182.2s
[lowmem] started lane_v2_clbf_lbac_adapted__seed_1234__ep_002_004 pid=3726036 gpu=2 domain=169 port=18258

[lowmem-progress] 2026-06-07T01:54:33 58/200 completed
[lowmem-progress] sonic_only 6 {1234: 4, 1235: 2}
[lowmem-progress] hard_contract 6 {1234: 4, 1235: 2}
[lowmem-progress] raw_critic_0p5 6 {1234: 4, 1235: 2}
[lowmem-progress] global_conformal 6 {1234: 4, 1235: 2}
[lowmem-progress] casa_a_per_skill 6 {1234: 4, 1235: 2}
[lowmem-progress] safedpa_adapted 6 {1234: 4, 1235: 2}
[lowmem-progress] pcbf_adapted 6 {1234: 4, 1235: 2}
[lowmem-progress] safer_splat_cbf_adapted 6 {1234: 4, 1235: 2}
[lowmem-progress] mpc_cbf_humanoid_adapted 6 {1234: 4, 1235: 2}
[lowmem-progress] clbf_lbac_adapted 4 {1234: 2, 1235: 2}

[lowmem-progress] 2026-06-07T01:55:33 58/200 completed
[lowmem-progress] sonic_only 6 {1234: 4, 1235: 2}
[lowmem-progress] hard_contract 6 {1234: 4, 1235: 2}
[lowmem-progress] raw_critic_0p5 6 {1234: 4, 1235: 2}
[lowmem-progress] global_conformal 6 {1234: 4, 1235: 2}
[lowmem-progress] casa_a_per_skill 6 {1234: 4, 1235: 2}
[lowmem-progress] safedpa_adapted 6 {1234: 4, 1235: 2}
[lowmem-progress] pcbf_adapted 6 {1234: 4, 1235: 2}
[lowmem-progress] safer_splat_cbf_adapted 6 {1234: 4, 1235: 2}
[lowmem-progress] mpc_cbf_humanoid_adapted 6 {1234: 4, 1235: 2}
[lowmem-progress] clbf_lbac_adapted 4 {1234: 2, 1235: 2}

[lowmem-progress] 2026-06-07T01:56:33 58/200 completed
[lowmem-progress] sonic_only 6 {1234: 4, 1235: 2}
[lowmem-progress] hard_contract 6 {1234: 4, 1235: 2}
[lowmem-progress] raw_critic_0p5 6 {1234: 4, 1235: 2}
[lowmem-progress] global_conformal 6 {1234: 4, 1235: 2}
[lowmem-progress] casa_a_per_skill 6 {1234: 4, 1235: 2}
[lowmem-progress] safedpa_adapted 6 {1234: 4, 1235: 2}
[lowmem-progress] pcbf_adapted 6 {1234: 4, 1235: 2}
[lowmem-progress] safer_splat_cbf_adapted 6 {1234: 4, 1235: 2}
[lowmem-progress] mpc_cbf_humanoid_adapted 6 {1234: 4, 1235: 2}
[lowmem-progress] clbf_lbac_adapted 4 {1234: 2, 1235: 2}
[lowmem] finished lane_v2_clbf_lbac_adapted__seed_1234__ep_002_004 elapsed=192.2s
[lowmem] started lane_v2_sonic_only__seed_1235__ep_002_004 pid=3728085 gpu=2 domain=140 port=18260

[lowmem-progress] 2026-06-07T01:57:35 60/200 completed
[lowmem-progress] sonic_only 6 {1234: 4, 1235: 2}
[lowmem-progress] hard_contract 6 {1234: 4, 1235: 2}
[lowmem-progress] raw_critic_0p5 6 {1234: 4, 1235: 2}
[lowmem-progress] global_conformal 6 {1234: 4, 1235: 2}
[lowmem-progress] casa_a_per_skill 6 {1234: 4, 1235: 2}
[lowmem-progress] safedpa_adapted 6 {1234: 4, 1235: 2}
[lowmem-progress] pcbf_adapted 6 {1234: 4, 1235: 2}
[lowmem-progress] safer_splat_cbf_adapted 6 {1234: 4, 1235: 2}
[lowmem-progress] mpc_cbf_humanoid_adapted 6 {1234: 4, 1235: 2}
[lowmem-progress] clbf_lbac_adapted 6 {1234: 4, 1235: 2}

[lowmem-progress] 2026-06-07T01:58:36 60/200 completed
[lowmem-progress] sonic_only 6 {1234: 4, 1235: 2}
[lowmem-progress] hard_contract 6 {1234: 4, 1235: 2}
[lowmem-progress] raw_critic_0p5 6 {1234: 4, 1235: 2}
[lowmem-progress] global_conformal 6 {1234: 4, 1235: 2}
[lowmem-progress] casa_a_per_skill 6 {1234: 4, 1235: 2}
[lowmem-progress] safedpa_adapted 6 {1234: 4, 1235: 2}
[lowmem-progress] pcbf_adapted 6 {1234: 4, 1235: 2}
[lowmem-progress] safer_splat_cbf_adapted 6 {1234: 4, 1235: 2}
[lowmem-progress] mpc_cbf_humanoid_adapted 6 {1234: 4, 1235: 2}
[lowmem-progress] clbf_lbac_adapted 6 {1234: 4, 1235: 2}

[lowmem-progress] 2026-06-07T01:59:36 60/200 completed
[lowmem-progress] sonic_only 6 {1234: 4, 1235: 2}
[lowmem-progress] hard_contract 6 {1234: 4, 1235: 2}
[lowmem-progress] raw_critic_0p5 6 {1234: 4, 1235: 2}
[lowmem-progress] global_conformal 6 {1234: 4, 1235: 2}
[lowmem-progress] casa_a_per_skill 6 {1234: 4, 1235: 2}
[lowmem-progress] safedpa_adapted 6 {1234: 4, 1235: 2}
[lowmem-progress] pcbf_adapted 6 {1234: 4, 1235: 2}
[lowmem-progress] safer_splat_cbf_adapted 6 {1234: 4, 1235: 2}
[lowmem-progress] mpc_cbf_humanoid_adapted 6 {1234: 4, 1235: 2}
[lowmem-progress] clbf_lbac_adapted 6 {1234: 4, 1235: 2}

[lowmem-progress] 2026-06-07T02:00:36 61/200 completed
[lowmem-progress] sonic_only 7 {1234: 4, 1235: 3}
[lowmem-progress] hard_contract 6 {1234: 4, 1235: 2}
[lowmem-progress] raw_critic_0p5 6 {1234: 4, 1235: 2}
[lowmem-progress] global_conformal 6 {1234: 4, 1235: 2}
[lowmem-progress] casa_a_per_skill 6 {1234: 4, 1235: 2}
[lowmem-progress] safedpa_adapted 6 {1234: 4, 1235: 2}
[lowmem-progress] pcbf_adapted 6 {1234: 4, 1235: 2}
[lowmem-progress] safer_splat_cbf_adapted 6 {1234: 4, 1235: 2}
[lowmem-progress] mpc_cbf_humanoid_adapted 6 {1234: 4, 1235: 2}
[lowmem-progress] clbf_lbac_adapted 6 {1234: 4, 1235: 2}
[lowmem] finished lane_v2_sonic_only__seed_1235__ep_002_004 elapsed=207.2s
[lowmem] started lane_v2_hard_contract__seed_1235__ep_002_004 pid=3730290 gpu=2 domain=141 port=18262

[lowmem-progress] 2026-06-07T02:01:38 62/200 completed
[lowmem-progress] sonic_only 8 {1234: 4, 1235: 4}
[lowmem-progress] hard_contract 6 {1234: 4, 1235: 2}
[lowmem-progress] raw_critic_0p5 6 {1234: 4, 1235: 2}
[lowmem-progress] global_conformal 6 {1234: 4, 1235: 2}
[lowmem-progress] casa_a_per_skill 6 {1234: 4, 1235: 2}
[lowmem-progress] safedpa_adapted 6 {1234: 4, 1235: 2}
[lowmem-progress] pcbf_adapted 6 {1234: 4, 1235: 2}
[lowmem-progress] safer_splat_cbf_adapted 6 {1234: 4, 1235: 2}
[lowmem-progress] mpc_cbf_humanoid_adapted 6 {1234: 4, 1235: 2}
[lowmem-progress] clbf_lbac_adapted 6 {1234: 4, 1235: 2}

[lowmem-progress] 2026-06-07T02:02:38 62/200 completed
[lowmem-progress] sonic_only 8 {1234: 4, 1235: 4}
[lowmem-progress] hard_contract 6 {1234: 4, 1235: 2}
[lowmem-progress] raw_critic_0p5 6 {1234: 4, 1235: 2}
[lowmem-progress] global_conformal 6 {1234: 4, 1235: 2}
[lowmem-progress] casa_a_per_skill 6 {1234: 4, 1235: 2}
[lowmem-progress] safedpa_adapted 6 {1234: 4, 1235: 2}
[lowmem-progress] pcbf_adapted 6 {1234: 4, 1235: 2}
[lowmem-progress] safer_splat_cbf_adapted 6 {1234: 4, 1235: 2}
[lowmem-progress] mpc_cbf_humanoid_adapted 6 {1234: 4, 1235: 2}
[lowmem-progress] clbf_lbac_adapted 6 {1234: 4, 1235: 2}

[lowmem-progress] 2026-06-07T02:03:38 63/200 completed
[lowmem-progress] sonic_only 8 {1234: 4, 1235: 4}
[lowmem-progress] hard_contract 7 {1234: 4, 1235: 3}
[lowmem-progress] raw_critic_0p5 6 {1234: 4, 1235: 2}
[lowmem-progress] global_conformal 6 {1234: 4, 1235: 2}
[lowmem-progress] casa_a_per_skill 6 {1234: 4, 1235: 2}
[lowmem-progress] safedpa_adapted 6 {1234: 4, 1235: 2}
[lowmem-progress] pcbf_adapted 6 {1234: 4, 1235: 2}
[lowmem-progress] safer_splat_cbf_adapted 6 {1234: 4, 1235: 2}
[lowmem-progress] mpc_cbf_humanoid_adapted 6 {1234: 4, 1235: 2}
[lowmem-progress] clbf_lbac_adapted 6 {1234: 4, 1235: 2}
[lowmem] finished lane_v2_hard_contract__seed_1235__ep_002_004 elapsed=192.2s
[lowmem] started lane_v2_raw_critic_0p5__seed_1235__ep_002_004 pid=3732262 gpu=2 domain=142 port=18264

[lowmem-progress] 2026-06-07T02:04:40 64/200 completed
[lowmem-progress] sonic_only 8 {1234: 4, 1235: 4}
[lowmem-progress] hard_contract 8 {1234: 4, 1235: 4}
[lowmem-progress] raw_critic_0p5 6 {1234: 4, 1235: 2}
[lowmem-progress] global_conformal 6 {1234: 4, 1235: 2}
[lowmem-progress] casa_a_per_skill 6 {1234: 4, 1235: 2}
[lowmem-progress] safedpa_adapted 6 {1234: 4, 1235: 2}
[lowmem-progress] pcbf_adapted 6 {1234: 4, 1235: 2}
[lowmem-progress] safer_splat_cbf_adapted 6 {1234: 4, 1235: 2}
[lowmem-progress] mpc_cbf_humanoid_adapted 6 {1234: 4, 1235: 2}
[lowmem-progress] clbf_lbac_adapted 6 {1234: 4, 1235: 2}

[lowmem-progress] 2026-06-07T02:05:40 64/200 completed
[lowmem-progress] sonic_only 8 {1234: 4, 1235: 4}
[lowmem-progress] hard_contract 8 {1234: 4, 1235: 4}
[lowmem-progress] raw_critic_0p5 6 {1234: 4, 1235: 2}
[lowmem-progress] global_conformal 6 {1234: 4, 1235: 2}
[lowmem-progress] casa_a_per_skill 6 {1234: 4, 1235: 2}
[lowmem-progress] safedpa_adapted 6 {1234: 4, 1235: 2}
[lowmem-progress] pcbf_adapted 6 {1234: 4, 1235: 2}
[lowmem-progress] safer_splat_cbf_adapted 6 {1234: 4, 1235: 2}
[lowmem-progress] mpc_cbf_humanoid_adapted 6 {1234: 4, 1235: 2}
[lowmem-progress] clbf_lbac_adapted 6 {1234: 4, 1235: 2}

[lowmem-progress] 2026-06-07T02:06:40 64/200 completed
[lowmem-progress] sonic_only 8 {1234: 4, 1235: 4}
[lowmem-progress] hard_contract 8 {1234: 4, 1235: 4}
[lowmem-progress] raw_critic_0p5 6 {1234: 4, 1235: 2}
[lowmem-progress] global_conformal 6 {1234: 4, 1235: 2}
[lowmem-progress] casa_a_per_skill 6 {1234: 4, 1235: 2}
[lowmem-progress] safedpa_adapted 6 {1234: 4, 1235: 2}
[lowmem-progress] pcbf_adapted 6 {1234: 4, 1235: 2}
[lowmem-progress] safer_splat_cbf_adapted 6 {1234: 4, 1235: 2}
[lowmem-progress] mpc_cbf_humanoid_adapted 6 {1234: 4, 1235: 2}
[lowmem-progress] clbf_lbac_adapted 6 {1234: 4, 1235: 2}
[lowmem] finished lane_v2_raw_critic_0p5__seed_1235__ep_002_004 elapsed=197.2s
[lowmem] started lane_v2_global_conformal__seed_1235__ep_002_004 pid=3734364 gpu=2 domain=143 port=18266

[lowmem-progress] 2026-06-07T02:07:42 66/200 completed
[lowmem-progress] sonic_only 8 {1234: 4, 1235: 4}
[lowmem-progress] hard_contract 8 {1234: 4, 1235: 4}
[lowmem-progress] raw_critic_0p5 8 {1234: 4, 1235: 4}
[lowmem-progress] global_conformal 6 {1234: 4, 1235: 2}
[lowmem-progress] casa_a_per_skill 6 {1234: 4, 1235: 2}
[lowmem-progress] safedpa_adapted 6 {1234: 4, 1235: 2}
[lowmem-progress] pcbf_adapted 6 {1234: 4, 1235: 2}
[lowmem-progress] safer_splat_cbf_adapted 6 {1234: 4, 1235: 2}
[lowmem-progress] mpc_cbf_humanoid_adapted 6 {1234: 4, 1235: 2}
[lowmem-progress] clbf_lbac_adapted 6 {1234: 4, 1235: 2}

[lowmem-progress] 2026-06-07T02:08:42 66/200 completed
[lowmem-progress] sonic_only 8 {1234: 4, 1235: 4}
[lowmem-progress] hard_contract 8 {1234: 4, 1235: 4}
[lowmem-progress] raw_critic_0p5 8 {1234: 4, 1235: 4}
[lowmem-progress] global_conformal 6 {1234: 4, 1235: 2}
[lowmem-progress] casa_a_per_skill 6 {1234: 4, 1235: 2}
[lowmem-progress] safedpa_adapted 6 {1234: 4, 1235: 2}
[lowmem-progress] pcbf_adapted 6 {1234: 4, 1235: 2}
[lowmem-progress] safer_splat_cbf_adapted 6 {1234: 4, 1235: 2}
[lowmem-progress] mpc_cbf_humanoid_adapted 6 {1234: 4, 1235: 2}
[lowmem-progress] clbf_lbac_adapted 6 {1234: 4, 1235: 2}

[lowmem-progress] 2026-06-07T02:09:42 66/200 completed
[lowmem-progress] sonic_only 8 {1234: 4, 1235: 4}
[lowmem-progress] hard_contract 8 {1234: 4, 1235: 4}
[lowmem-progress] raw_critic_0p5 8 {1234: 4, 1235: 4}
[lowmem-progress] global_conformal 6 {1234: 4, 1235: 2}
[lowmem-progress] casa_a_per_skill 6 {1234: 4, 1235: 2}
[lowmem-progress] safedpa_adapted 6 {1234: 4, 1235: 2}
[lowmem-progress] pcbf_adapted 6 {1234: 4, 1235: 2}
[lowmem-progress] safer_splat_cbf_adapted 6 {1234: 4, 1235: 2}
[lowmem-progress] mpc_cbf_humanoid_adapted 6 {1234: 4, 1235: 2}
[lowmem-progress] clbf_lbac_adapted 6 {1234: 4, 1235: 2}
[lowmem] finished lane_v2_global_conformal__seed_1235__ep_002_004 elapsed=192.2s
[lowmem] started lane_v2_casa_a_per_skill__seed_1235__ep_002_004 pid=3736397 gpu=2 domain=144 port=18268

[lowmem-progress] 2026-06-07T02:10:44 68/200 completed
[lowmem-progress] sonic_only 8 {1234: 4, 1235: 4}
[lowmem-progress] hard_contract 8 {1234: 4, 1235: 4}
[lowmem-progress] raw_critic_0p5 8 {1234: 4, 1235: 4}
[lowmem-progress] global_conformal 8 {1234: 4, 1235: 4}
[lowmem-progress] casa_a_per_skill 6 {1234: 4, 1235: 2}
[lowmem-progress] safedpa_adapted 6 {1234: 4, 1235: 2}
[lowmem-progress] pcbf_adapted 6 {1234: 4, 1235: 2}
[lowmem-progress] safer_splat_cbf_adapted 6 {1234: 4, 1235: 2}
[lowmem-progress] mpc_cbf_humanoid_adapted 6 {1234: 4, 1235: 2}
[lowmem-progress] clbf_lbac_adapted 6 {1234: 4, 1235: 2}

[lowmem-progress] 2026-06-07T02:11:44 68/200 completed
[lowmem-progress] sonic_only 8 {1234: 4, 1235: 4}
[lowmem-progress] hard_contract 8 {1234: 4, 1235: 4}
[lowmem-progress] raw_critic_0p5 8 {1234: 4, 1235: 4}
[lowmem-progress] global_conformal 8 {1234: 4, 1235: 4}
[lowmem-progress] casa_a_per_skill 6 {1234: 4, 1235: 2}
[lowmem-progress] safedpa_adapted 6 {1234: 4, 1235: 2}
[lowmem-progress] pcbf_adapted 6 {1234: 4, 1235: 2}
[lowmem-progress] safer_splat_cbf_adapted 6 {1234: 4, 1235: 2}
[lowmem-progress] mpc_cbf_humanoid_adapted 6 {1234: 4, 1235: 2}
[lowmem-progress] clbf_lbac_adapted 6 {1234: 4, 1235: 2}

[lowmem-progress] 2026-06-07T02:12:44 68/200 completed
[lowmem-progress] sonic_only 8 {1234: 4, 1235: 4}
[lowmem-progress] hard_contract 8 {1234: 4, 1235: 4}
[lowmem-progress] raw_critic_0p5 8 {1234: 4, 1235: 4}
[lowmem-progress] global_conformal 8 {1234: 4, 1235: 4}
[lowmem-progress] casa_a_per_skill 6 {1234: 4, 1235: 2}
[lowmem-progress] safedpa_adapted 6 {1234: 4, 1235: 2}
[lowmem-progress] pcbf_adapted 6 {1234: 4, 1235: 2}
[lowmem-progress] safer_splat_cbf_adapted 6 {1234: 4, 1235: 2}
[lowmem-progress] mpc_cbf_humanoid_adapted 6 {1234: 4, 1235: 2}
[lowmem-progress] clbf_lbac_adapted 6 {1234: 4, 1235: 2}

[lowmem-progress] 2026-06-07T02:13:44 69/200 completed
[lowmem-progress] sonic_only 8 {1234: 4, 1235: 4}
[lowmem-progress] hard_contract 8 {1234: 4, 1235: 4}
[lowmem-progress] raw_critic_0p5 8 {1234: 4, 1235: 4}
[lowmem-progress] global_conformal 8 {1234: 4, 1235: 4}
[lowmem-progress] casa_a_per_skill 7 {1234: 4, 1235: 3}
[lowmem-progress] safedpa_adapted 6 {1234: 4, 1235: 2}
[lowmem-progress] pcbf_adapted 6 {1234: 4, 1235: 2}
[lowmem-progress] safer_splat_cbf_adapted 6 {1234: 4, 1235: 2}
[lowmem-progress] mpc_cbf_humanoid_adapted 6 {1234: 4, 1235: 2}
[lowmem-progress] clbf_lbac_adapted 6 {1234: 4, 1235: 2}
[lowmem] finished lane_v2_casa_a_per_skill__seed_1235__ep_002_004 elapsed=197.2s
[lowmem] started lane_v2_safedpa_adapted__seed_1235__ep_002_004 pid=3738520 gpu=2 domain=145 port=18270

[lowmem-progress] 2026-06-07T02:14:46 70/200 completed
[lowmem-progress] sonic_only 8 {1234: 4, 1235: 4}
[lowmem-progress] hard_contract 8 {1234: 4, 1235: 4}
[lowmem-progress] raw_critic_0p5 8 {1234: 4, 1235: 4}
[lowmem-progress] global_conformal 8 {1234: 4, 1235: 4}
[lowmem-progress] casa_a_per_skill 8 {1234: 4, 1235: 4}
[lowmem-progress] safedpa_adapted 6 {1234: 4, 1235: 2}
[lowmem-progress] pcbf_adapted 6 {1234: 4, 1235: 2}
[lowmem-progress] safer_splat_cbf_adapted 6 {1234: 4, 1235: 2}
[lowmem-progress] mpc_cbf_humanoid_adapted 6 {1234: 4, 1235: 2}
[lowmem-progress] clbf_lbac_adapted 6 {1234: 4, 1235: 2}

[lowmem-progress] 2026-06-07T02:15:47 70/200 completed
[lowmem-progress] sonic_only 8 {1234: 4, 1235: 4}
[lowmem-progress] hard_contract 8 {1234: 4, 1235: 4}
[lowmem-progress] raw_critic_0p5 8 {1234: 4, 1235: 4}
[lowmem-progress] global_conformal 8 {1234: 4, 1235: 4}
[lowmem-progress] casa_a_per_skill 8 {1234: 4, 1235: 4}
[lowmem-progress] safedpa_adapted 6 {1234: 4, 1235: 2}
[lowmem-progress] pcbf_adapted 6 {1234: 4, 1235: 2}
[lowmem-progress] safer_splat_cbf_adapted 6 {1234: 4, 1235: 2}
[lowmem-progress] mpc_cbf_humanoid_adapted 6 {1234: 4, 1235: 2}
[lowmem-progress] clbf_lbac_adapted 6 {1234: 4, 1235: 2}

[lowmem-progress] 2026-06-07T02:16:47 71/200 completed
[lowmem-progress] sonic_only 8 {1234: 4, 1235: 4}
[lowmem-progress] hard_contract 8 {1234: 4, 1235: 4}
[lowmem-progress] raw_critic_0p5 8 {1234: 4, 1235: 4}
[lowmem-progress] global_conformal 8 {1234: 4, 1235: 4}
[lowmem-progress] casa_a_per_skill 8 {1234: 4, 1235: 4}
[lowmem-progress] safedpa_adapted 7 {1234: 4, 1235: 3}
[lowmem-progress] pcbf_adapted 6 {1234: 4, 1235: 2}
[lowmem-progress] safer_splat_cbf_adapted 6 {1234: 4, 1235: 2}
[lowmem-progress] mpc_cbf_humanoid_adapted 6 {1234: 4, 1235: 2}
[lowmem-progress] clbf_lbac_adapted 6 {1234: 4, 1235: 2}
[lowmem] finished lane_v2_safedpa_adapted__seed_1235__ep_002_004 elapsed=197.2s
[lowmem] started lane_v2_pcbf_adapted__seed_1235__ep_002_004 pid=3740784 gpu=2 domain=146 port=18272

[lowmem-progress] 2026-06-07T02:17:49 72/200 completed
[lowmem-progress] sonic_only 8 {1234: 4, 1235: 4}
[lowmem-progress] hard_contract 8 {1234: 4, 1235: 4}
[lowmem-progress] raw_critic_0p5 8 {1234: 4, 1235: 4}
[lowmem-progress] global_conformal 8 {1234: 4, 1235: 4}
[lowmem-progress] casa_a_per_skill 8 {1234: 4, 1235: 4}
[lowmem-progress] safedpa_adapted 8 {1234: 4, 1235: 4}
[lowmem-progress] pcbf_adapted 6 {1234: 4, 1235: 2}
[lowmem-progress] safer_splat_cbf_adapted 6 {1234: 4, 1235: 2}
[lowmem-progress] mpc_cbf_humanoid_adapted 6 {1234: 4, 1235: 2}
[lowmem-progress] clbf_lbac_adapted 6 {1234: 4, 1235: 2}

[lowmem-progress] 2026-06-07T02:18:49 72/200 completed
[lowmem-progress] sonic_only 8 {1234: 4, 1235: 4}
[lowmem-progress] hard_contract 8 {1234: 4, 1235: 4}
[lowmem-progress] raw_critic_0p5 8 {1234: 4, 1235: 4}
[lowmem-progress] global_conformal 8 {1234: 4, 1235: 4}
[lowmem-progress] casa_a_per_skill 8 {1234: 4, 1235: 4}
[lowmem-progress] safedpa_adapted 8 {1234: 4, 1235: 4}
[lowmem-progress] pcbf_adapted 6 {1234: 4, 1235: 2}
[lowmem-progress] safer_splat_cbf_adapted 6 {1234: 4, 1235: 2}
[lowmem-progress] mpc_cbf_humanoid_adapted 6 {1234: 4, 1235: 2}
[lowmem-progress] clbf_lbac_adapted 6 {1234: 4, 1235: 2}

[lowmem-progress] 2026-06-07T02:19:49 72/200 completed
[lowmem-progress] sonic_only 8 {1234: 4, 1235: 4}
[lowmem-progress] hard_contract 8 {1234: 4, 1235: 4}
[lowmem-progress] raw_critic_0p5 8 {1234: 4, 1235: 4}
[lowmem-progress] global_conformal 8 {1234: 4, 1235: 4}
[lowmem-progress] casa_a_per_skill 8 {1234: 4, 1235: 4}
[lowmem-progress] safedpa_adapted 8 {1234: 4, 1235: 4}
[lowmem-progress] pcbf_adapted 6 {1234: 4, 1235: 2}
[lowmem-progress] safer_splat_cbf_adapted 6 {1234: 4, 1235: 2}
[lowmem-progress] mpc_cbf_humanoid_adapted 6 {1234: 4, 1235: 2}
[lowmem-progress] clbf_lbac_adapted 6 {1234: 4, 1235: 2}
[lowmem] finished lane_v2_pcbf_adapted__seed_1235__ep_002_004 elapsed=197.2s
[lowmem] started lane_v2_safer_splat_cbf_adapted__seed_1235__ep_002_004 pid=3742812 gpu=2 domain=147 port=18274

[lowmem-progress] 2026-06-07T02:20:51 74/200 completed
[lowmem-progress] sonic_only 8 {1234: 4, 1235: 4}
[lowmem-progress] hard_contract 8 {1234: 4, 1235: 4}
[lowmem-progress] raw_critic_0p5 8 {1234: 4, 1235: 4}
[lowmem-progress] global_conformal 8 {1234: 4, 1235: 4}
[lowmem-progress] casa_a_per_skill 8 {1234: 4, 1235: 4}
[lowmem-progress] safedpa_adapted 8 {1234: 4, 1235: 4}
[lowmem-progress] pcbf_adapted 8 {1234: 4, 1235: 4}
[lowmem-progress] safer_splat_cbf_adapted 6 {1234: 4, 1235: 2}
[lowmem-progress] mpc_cbf_humanoid_adapted 6 {1234: 4, 1235: 2}
[lowmem-progress] clbf_lbac_adapted 6 {1234: 4, 1235: 2}

[lowmem-progress] 2026-06-07T02:21:51 74/200 completed
[lowmem-progress] sonic_only 8 {1234: 4, 1235: 4}
[lowmem-progress] hard_contract 8 {1234: 4, 1235: 4}
[lowmem-progress] raw_critic_0p5 8 {1234: 4, 1235: 4}
[lowmem-progress] global_conformal 8 {1234: 4, 1235: 4}
[lowmem-progress] casa_a_per_skill 8 {1234: 4, 1235: 4}
[lowmem-progress] safedpa_adapted 8 {1234: 4, 1235: 4}
[lowmem-progress] pcbf_adapted 8 {1234: 4, 1235: 4}
[lowmem-progress] safer_splat_cbf_adapted 6 {1234: 4, 1235: 2}
[lowmem-progress] mpc_cbf_humanoid_adapted 6 {1234: 4, 1235: 2}
[lowmem-progress] clbf_lbac_adapted 6 {1234: 4, 1235: 2}
[lowmem] finished lane_v2_safer_splat_cbf_adapted__seed_1235__ep_002_004 elapsed=112.1s
[lowmem] started lane_v2_mpc_cbf_humanoid_adapted__seed_1235__ep_002_004 pid=3744037 gpu=2 domain=148 port=18276

[lowmem-progress] 2026-06-07T02:22:53 76/200 completed
[lowmem-progress] sonic_only 8 {1234: 4, 1235: 4}
[lowmem-progress] hard_contract 8 {1234: 4, 1235: 4}
[lowmem-progress] raw_critic_0p5 8 {1234: 4, 1235: 4}
[lowmem-progress] global_conformal 8 {1234: 4, 1235: 4}
[lowmem-progress] casa_a_per_skill 8 {1234: 4, 1235: 4}
[lowmem-progress] safedpa_adapted 8 {1234: 4, 1235: 4}
[lowmem-progress] pcbf_adapted 8 {1234: 4, 1235: 4}
[lowmem-progress] safer_splat_cbf_adapted 8 {1234: 4, 1235: 4}
[lowmem-progress] mpc_cbf_humanoid_adapted 6 {1234: 4, 1235: 2}
[lowmem-progress] clbf_lbac_adapted 6 {1234: 4, 1235: 2}

[lowmem-progress] 2026-06-07T02:23:53 76/200 completed
[lowmem-progress] sonic_only 8 {1234: 4, 1235: 4}
[lowmem-progress] hard_contract 8 {1234: 4, 1235: 4}
[lowmem-progress] raw_critic_0p5 8 {1234: 4, 1235: 4}
[lowmem-progress] global_conformal 8 {1234: 4, 1235: 4}
[lowmem-progress] casa_a_per_skill 8 {1234: 4, 1235: 4}
[lowmem-progress] safedpa_adapted 8 {1234: 4, 1235: 4}
[lowmem-progress] pcbf_adapted 8 {1234: 4, 1235: 4}
[lowmem-progress] safer_splat_cbf_adapted 8 {1234: 4, 1235: 4}
[lowmem-progress] mpc_cbf_humanoid_adapted 6 {1234: 4, 1235: 2}
[lowmem-progress] clbf_lbac_adapted 6 {1234: 4, 1235: 2}

[lowmem-progress] 2026-06-07T02:24:53 76/200 completed
[lowmem-progress] sonic_only 8 {1234: 4, 1235: 4}
[lowmem-progress] hard_contract 8 {1234: 4, 1235: 4}
[lowmem-progress] raw_critic_0p5 8 {1234: 4, 1235: 4}
[lowmem-progress] global_conformal 8 {1234: 4, 1235: 4}
[lowmem-progress] casa_a_per_skill 8 {1234: 4, 1235: 4}
[lowmem-progress] safedpa_adapted 8 {1234: 4, 1235: 4}
[lowmem-progress] pcbf_adapted 8 {1234: 4, 1235: 4}
[lowmem-progress] safer_splat_cbf_adapted 8 {1234: 4, 1235: 4}
[lowmem-progress] mpc_cbf_humanoid_adapted 6 {1234: 4, 1235: 2}
[lowmem-progress] clbf_lbac_adapted 6 {1234: 4, 1235: 2}
[lowmem] finished lane_v2_mpc_cbf_humanoid_adapted__seed_1235__ep_002_004 elapsed=197.2s
[lowmem] started lane_v2_clbf_lbac_adapted__seed_1235__ep_002_004 pid=3746075 gpu=2 domain=149 port=18278

[lowmem-progress] 2026-06-07T02:25:55 78/200 completed
[lowmem-progress] sonic_only 8 {1234: 4, 1235: 4}
[lowmem-progress] hard_contract 8 {1234: 4, 1235: 4}
[lowmem-progress] raw_critic_0p5 8 {1234: 4, 1235: 4}
[lowmem-progress] global_conformal 8 {1234: 4, 1235: 4}
[lowmem-progress] casa_a_per_skill 8 {1234: 4, 1235: 4}
[lowmem-progress] safedpa_adapted 8 {1234: 4, 1235: 4}
[lowmem-progress] pcbf_adapted 8 {1234: 4, 1235: 4}
[lowmem-progress] safer_splat_cbf_adapted 8 {1234: 4, 1235: 4}
[lowmem-progress] mpc_cbf_humanoid_adapted 8 {1234: 4, 1235: 4}
[lowmem-progress] clbf_lbac_adapted 6 {1234: 4, 1235: 2}

[lowmem-progress] 2026-06-07T02:26:55 78/200 completed
[lowmem-progress] sonic_only 8 {1234: 4, 1235: 4}
[lowmem-progress] hard_contract 8 {1234: 4, 1235: 4}
[lowmem-progress] raw_critic_0p5 8 {1234: 4, 1235: 4}
[lowmem-progress] global_conformal 8 {1234: 4, 1235: 4}
[lowmem-progress] casa_a_per_skill 8 {1234: 4, 1235: 4}
[lowmem-progress] safedpa_adapted 8 {1234: 4, 1235: 4}
[lowmem-progress] pcbf_adapted 8 {1234: 4, 1235: 4}
[lowmem-progress] safer_splat_cbf_adapted 8 {1234: 4, 1235: 4}
[lowmem-progress] mpc_cbf_humanoid_adapted 8 {1234: 4, 1235: 4}
[lowmem-progress] clbf_lbac_adapted 6 {1234: 4, 1235: 2}

[lowmem-progress] 2026-06-07T02:27:55 78/200 completed
[lowmem-progress] sonic_only 8 {1234: 4, 1235: 4}
[lowmem-progress] hard_contract 8 {1234: 4, 1235: 4}
[lowmem-progress] raw_critic_0p5 8 {1234: 4, 1235: 4}
[lowmem-progress] global_conformal 8 {1234: 4, 1235: 4}
[lowmem-progress] casa_a_per_skill 8 {1234: 4, 1235: 4}
[lowmem-progress] safedpa_adapted 8 {1234: 4, 1235: 4}
[lowmem-progress] pcbf_adapted 8 {1234: 4, 1235: 4}
[lowmem-progress] safer_splat_cbf_adapted 8 {1234: 4, 1235: 4}
[lowmem-progress] mpc_cbf_humanoid_adapted 8 {1234: 4, 1235: 4}
[lowmem-progress] clbf_lbac_adapted 6 {1234: 4, 1235: 2}
[lowmem] finished lane_v2_clbf_lbac_adapted__seed_1235__ep_002_004 elapsed=192.2s
[lowmem] started lane_v2_sonic_only__seed_1234__ep_004_006 pid=3748110 gpu=2 domain=150 port=18280

[lowmem-progress] 2026-06-07T02:28:57 80/200 completed
[lowmem-progress] sonic_only 8 {1234: 4, 1235: 4}
[lowmem-progress] hard_contract 8 {1234: 4, 1235: 4}
[lowmem-progress] raw_critic_0p5 8 {1234: 4, 1235: 4}
[lowmem-progress] global_conformal 8 {1234: 4, 1235: 4}
[lowmem-progress] casa_a_per_skill 8 {1234: 4, 1235: 4}
[lowmem-progress] safedpa_adapted 8 {1234: 4, 1235: 4}
[lowmem-progress] pcbf_adapted 8 {1234: 4, 1235: 4}
[lowmem-progress] safer_splat_cbf_adapted 8 {1234: 4, 1235: 4}
[lowmem-progress] mpc_cbf_humanoid_adapted 8 {1234: 4, 1235: 4}
[lowmem-progress] clbf_lbac_adapted 8 {1234: 4, 1235: 4}

[lowmem-progress] 2026-06-07T02:29:57 80/200 completed
[lowmem-progress] sonic_only 8 {1234: 4, 1235: 4}
[lowmem-progress] hard_contract 8 {1234: 4, 1235: 4}
[lowmem-progress] raw_critic_0p5 8 {1234: 4, 1235: 4}
[lowmem-progress] global_conformal 8 {1234: 4, 1235: 4}
[lowmem-progress] casa_a_per_skill 8 {1234: 4, 1235: 4}
[lowmem-progress] safedpa_adapted 8 {1234: 4, 1235: 4}
[lowmem-progress] pcbf_adapted 8 {1234: 4, 1235: 4}
[lowmem-progress] safer_splat_cbf_adapted 8 {1234: 4, 1235: 4}
[lowmem-progress] mpc_cbf_humanoid_adapted 8 {1234: 4, 1235: 4}
[lowmem-progress] clbf_lbac_adapted 8 {1234: 4, 1235: 4}

[lowmem-progress] 2026-06-07T02:30:57 80/200 completed
[lowmem-progress] sonic_only 8 {1234: 4, 1235: 4}
[lowmem-progress] hard_contract 8 {1234: 4, 1235: 4}
[lowmem-progress] raw_critic_0p5 8 {1234: 4, 1235: 4}
[lowmem-progress] global_conformal 8 {1234: 4, 1235: 4}
[lowmem-progress] casa_a_per_skill 8 {1234: 4, 1235: 4}
[lowmem-progress] safedpa_adapted 8 {1234: 4, 1235: 4}
[lowmem-progress] pcbf_adapted 8 {1234: 4, 1235: 4}
[lowmem-progress] safer_splat_cbf_adapted 8 {1234: 4, 1235: 4}
[lowmem-progress] mpc_cbf_humanoid_adapted 8 {1234: 4, 1235: 4}
[lowmem-progress] clbf_lbac_adapted 8 {1234: 4, 1235: 4}

[lowmem-progress] 2026-06-07T02:31:58 81/200 completed
[lowmem-progress] sonic_only 9 {1234: 5, 1235: 4}
[lowmem-progress] hard_contract 8 {1234: 4, 1235: 4}
[lowmem-progress] raw_critic_0p5 8 {1234: 4, 1235: 4}
[lowmem-progress] global_conformal 8 {1234: 4, 1235: 4}
[lowmem-progress] casa_a_per_skill 8 {1234: 4, 1235: 4}
[lowmem-progress] safedpa_adapted 8 {1234: 4, 1235: 4}
[lowmem-progress] pcbf_adapted 8 {1234: 4, 1235: 4}
[lowmem-progress] safer_splat_cbf_adapted 8 {1234: 4, 1235: 4}
[lowmem-progress] mpc_cbf_humanoid_adapted 8 {1234: 4, 1235: 4}
[lowmem-progress] clbf_lbac_adapted 8 {1234: 4, 1235: 4}
[lowmem] finished lane_v2_sonic_only__seed_1234__ep_004_006 elapsed=207.2s
[lowmem] started lane_v2_hard_contract__seed_1234__ep_004_006 pid=3750296 gpu=2 domain=151 port=18282

[lowmem-progress] 2026-06-07T02:33:00 82/200 completed
[lowmem-progress] sonic_only 10 {1234: 6, 1235: 4}
[lowmem-progress] hard_contract 8 {1234: 4, 1235: 4}
[lowmem-progress] raw_critic_0p5 8 {1234: 4, 1235: 4}
[lowmem-progress] global_conformal 8 {1234: 4, 1235: 4}
[lowmem-progress] casa_a_per_skill 8 {1234: 4, 1235: 4}
[lowmem-progress] safedpa_adapted 8 {1234: 4, 1235: 4}
[lowmem-progress] pcbf_adapted 8 {1234: 4, 1235: 4}
[lowmem-progress] safer_splat_cbf_adapted 8 {1234: 4, 1235: 4}
[lowmem-progress] mpc_cbf_humanoid_adapted 8 {1234: 4, 1235: 4}
[lowmem-progress] clbf_lbac_adapted 8 {1234: 4, 1235: 4}

[lowmem-progress] 2026-06-07T02:34:00 82/200 completed
[lowmem-progress] sonic_only 10 {1234: 6, 1235: 4}
[lowmem-progress] hard_contract 8 {1234: 4, 1235: 4}
[lowmem-progress] raw_critic_0p5 8 {1234: 4, 1235: 4}
[lowmem-progress] global_conformal 8 {1234: 4, 1235: 4}
[lowmem-progress] casa_a_per_skill 8 {1234: 4, 1235: 4}
[lowmem-progress] safedpa_adapted 8 {1234: 4, 1235: 4}
[lowmem-progress] pcbf_adapted 8 {1234: 4, 1235: 4}
[lowmem-progress] safer_splat_cbf_adapted 8 {1234: 4, 1235: 4}
[lowmem-progress] mpc_cbf_humanoid_adapted 8 {1234: 4, 1235: 4}
[lowmem-progress] clbf_lbac_adapted 8 {1234: 4, 1235: 4}

[lowmem-progress] 2026-06-07T02:35:00 82/200 completed
[lowmem-progress] sonic_only 10 {1234: 6, 1235: 4}
[lowmem-progress] hard_contract 8 {1234: 4, 1235: 4}
[lowmem-progress] raw_critic_0p5 8 {1234: 4, 1235: 4}
[lowmem-progress] global_conformal 8 {1234: 4, 1235: 4}
[lowmem-progress] casa_a_per_skill 8 {1234: 4, 1235: 4}
[lowmem-progress] safedpa_adapted 8 {1234: 4, 1235: 4}
[lowmem-progress] pcbf_adapted 8 {1234: 4, 1235: 4}
[lowmem-progress] safer_splat_cbf_adapted 8 {1234: 4, 1235: 4}
[lowmem-progress] mpc_cbf_humanoid_adapted 8 {1234: 4, 1235: 4}
[lowmem-progress] clbf_lbac_adapted 8 {1234: 4, 1235: 4}
[lowmem] finished lane_v2_hard_contract__seed_1234__ep_004_006 elapsed=192.2s
[lowmem] started lane_v2_raw_critic_0p5__seed_1234__ep_004_006 pid=3752335 gpu=2 domain=152 port=18284

[lowmem-progress] 2026-06-07T02:36:02 84/200 completed
[lowmem-progress] sonic_only 10 {1234: 6, 1235: 4}
[lowmem-progress] hard_contract 10 {1234: 6, 1235: 4}
[lowmem-progress] raw_critic_0p5 8 {1234: 4, 1235: 4}
[lowmem-progress] global_conformal 8 {1234: 4, 1235: 4}
[lowmem-progress] casa_a_per_skill 8 {1234: 4, 1235: 4}
[lowmem-progress] safedpa_adapted 8 {1234: 4, 1235: 4}
[lowmem-progress] pcbf_adapted 8 {1234: 4, 1235: 4}
[lowmem-progress] safer_splat_cbf_adapted 8 {1234: 4, 1235: 4}
[lowmem-progress] mpc_cbf_humanoid_adapted 8 {1234: 4, 1235: 4}
[lowmem-progress] clbf_lbac_adapted 8 {1234: 4, 1235: 4}

[lowmem-progress] 2026-06-07T02:37:02 84/200 completed
[lowmem-progress] sonic_only 10 {1234: 6, 1235: 4}
[lowmem-progress] hard_contract 10 {1234: 6, 1235: 4}
[lowmem-progress] raw_critic_0p5 8 {1234: 4, 1235: 4}
[lowmem-progress] global_conformal 8 {1234: 4, 1235: 4}
[lowmem-progress] casa_a_per_skill 8 {1234: 4, 1235: 4}
[lowmem-progress] safedpa_adapted 8 {1234: 4, 1235: 4}
[lowmem-progress] pcbf_adapted 8 {1234: 4, 1235: 4}
[lowmem-progress] safer_splat_cbf_adapted 8 {1234: 4, 1235: 4}
[lowmem-progress] mpc_cbf_humanoid_adapted 8 {1234: 4, 1235: 4}
[lowmem-progress] clbf_lbac_adapted 8 {1234: 4, 1235: 4}

[lowmem-progress] 2026-06-07T02:38:02 84/200 completed
[lowmem-progress] sonic_only 10 {1234: 6, 1235: 4}
[lowmem-progress] hard_contract 10 {1234: 6, 1235: 4}
[lowmem-progress] raw_critic_0p5 8 {1234: 4, 1235: 4}
[lowmem-progress] global_conformal 8 {1234: 4, 1235: 4}
[lowmem-progress] casa_a_per_skill 8 {1234: 4, 1235: 4}
[lowmem-progress] safedpa_adapted 8 {1234: 4, 1235: 4}
[lowmem-progress] pcbf_adapted 8 {1234: 4, 1235: 4}
[lowmem-progress] safer_splat_cbf_adapted 8 {1234: 4, 1235: 4}
[lowmem-progress] mpc_cbf_humanoid_adapted 8 {1234: 4, 1235: 4}
[lowmem-progress] clbf_lbac_adapted 8 {1234: 4, 1235: 4}
[lowmem] finished lane_v2_raw_critic_0p5__seed_1234__ep_004_006 elapsed=202.2s
[lowmem] started lane_v2_global_conformal__seed_1234__ep_004_006 pid=3754521 gpu=2 domain=153 port=18286

[lowmem-progress] 2026-06-07T02:39:04 86/200 completed
[lowmem-progress] sonic_only 10 {1234: 6, 1235: 4}
[lowmem-progress] hard_contract 10 {1234: 6, 1235: 4}
[lowmem-progress] raw_critic_0p5 10 {1234: 6, 1235: 4}
[lowmem-progress] global_conformal 8 {1234: 4, 1235: 4}
[lowmem-progress] casa_a_per_skill 8 {1234: 4, 1235: 4}
[lowmem-progress] safedpa_adapted 8 {1234: 4, 1235: 4}
[lowmem-progress] pcbf_adapted 8 {1234: 4, 1235: 4}
[lowmem-progress] safer_splat_cbf_adapted 8 {1234: 4, 1235: 4}
[lowmem-progress] mpc_cbf_humanoid_adapted 8 {1234: 4, 1235: 4}
[lowmem-progress] clbf_lbac_adapted 8 {1234: 4, 1235: 4}

[lowmem-progress] 2026-06-07T02:40:04 86/200 completed
[lowmem-progress] sonic_only 10 {1234: 6, 1235: 4}
[lowmem-progress] hard_contract 10 {1234: 6, 1235: 4}
[lowmem-progress] raw_critic_0p5 10 {1234: 6, 1235: 4}
[lowmem-progress] global_conformal 8 {1234: 4, 1235: 4}
[lowmem-progress] casa_a_per_skill 8 {1234: 4, 1235: 4}
[lowmem-progress] safedpa_adapted 8 {1234: 4, 1235: 4}
[lowmem-progress] pcbf_adapted 8 {1234: 4, 1235: 4}
[lowmem-progress] safer_splat_cbf_adapted 8 {1234: 4, 1235: 4}
[lowmem-progress] mpc_cbf_humanoid_adapted 8 {1234: 4, 1235: 4}
[lowmem-progress] clbf_lbac_adapted 8 {1234: 4, 1235: 4}

[lowmem-progress] 2026-06-07T02:41:04 86/200 completed
[lowmem-progress] sonic_only 10 {1234: 6, 1235: 4}
[lowmem-progress] hard_contract 10 {1234: 6, 1235: 4}
[lowmem-progress] raw_critic_0p5 10 {1234: 6, 1235: 4}
[lowmem-progress] global_conformal 8 {1234: 4, 1235: 4}
[lowmem-progress] casa_a_per_skill 8 {1234: 4, 1235: 4}
[lowmem-progress] safedpa_adapted 8 {1234: 4, 1235: 4}
[lowmem-progress] pcbf_adapted 8 {1234: 4, 1235: 4}
[lowmem-progress] safer_splat_cbf_adapted 8 {1234: 4, 1235: 4}
[lowmem-progress] mpc_cbf_humanoid_adapted 8 {1234: 4, 1235: 4}
[lowmem-progress] clbf_lbac_adapted 8 {1234: 4, 1235: 4}

[lowmem-progress] 2026-06-07T02:42:04 87/200 completed
[lowmem-progress] sonic_only 10 {1234: 6, 1235: 4}
[lowmem-progress] hard_contract 10 {1234: 6, 1235: 4}
[lowmem-progress] raw_critic_0p5 10 {1234: 6, 1235: 4}
[lowmem-progress] global_conformal 9 {1234: 5, 1235: 4}
[lowmem-progress] casa_a_per_skill 8 {1234: 4, 1235: 4}
[lowmem-progress] safedpa_adapted 8 {1234: 4, 1235: 4}
[lowmem-progress] pcbf_adapted 8 {1234: 4, 1235: 4}
[lowmem-progress] safer_splat_cbf_adapted 8 {1234: 4, 1235: 4}
[lowmem-progress] mpc_cbf_humanoid_adapted 8 {1234: 4, 1235: 4}
[lowmem-progress] clbf_lbac_adapted 8 {1234: 4, 1235: 4}
[lowmem] finished lane_v2_global_conformal__seed_1234__ep_004_006 elapsed=202.2s
[lowmem] started lane_v2_casa_a_per_skill__seed_1234__ep_004_006 pid=3756653 gpu=2 domain=154 port=18288

[lowmem-progress] 2026-06-07T02:43:06 88/200 completed
[lowmem-progress] sonic_only 10 {1234: 6, 1235: 4}
[lowmem-progress] hard_contract 10 {1234: 6, 1235: 4}
[lowmem-progress] raw_critic_0p5 10 {1234: 6, 1235: 4}
[lowmem-progress] global_conformal 10 {1234: 6, 1235: 4}
[lowmem-progress] casa_a_per_skill 8 {1234: 4, 1235: 4}
[lowmem-progress] safedpa_adapted 8 {1234: 4, 1235: 4}
[lowmem-progress] pcbf_adapted 8 {1234: 4, 1235: 4}
[lowmem-progress] safer_splat_cbf_adapted 8 {1234: 4, 1235: 4}
[lowmem-progress] mpc_cbf_humanoid_adapted 8 {1234: 4, 1235: 4}
[lowmem-progress] clbf_lbac_adapted 8 {1234: 4, 1235: 4}

[lowmem-progress] 2026-06-07T02:44:06 88/200 completed
[lowmem-progress] sonic_only 10 {1234: 6, 1235: 4}
[lowmem-progress] hard_contract 10 {1234: 6, 1235: 4}
[lowmem-progress] raw_critic_0p5 10 {1234: 6, 1235: 4}
[lowmem-progress] global_conformal 10 {1234: 6, 1235: 4}
[lowmem-progress] casa_a_per_skill 8 {1234: 4, 1235: 4}
[lowmem-progress] safedpa_adapted 8 {1234: 4, 1235: 4}
[lowmem-progress] pcbf_adapted 8 {1234: 4, 1235: 4}
[lowmem-progress] safer_splat_cbf_adapted 8 {1234: 4, 1235: 4}
[lowmem-progress] mpc_cbf_humanoid_adapted 8 {1234: 4, 1235: 4}
[lowmem-progress] clbf_lbac_adapted 8 {1234: 4, 1235: 4}

[lowmem-progress] 2026-06-07T02:45:06 89/200 completed
[lowmem-progress] sonic_only 10 {1234: 6, 1235: 4}
[lowmem-progress] hard_contract 10 {1234: 6, 1235: 4}
[lowmem-progress] raw_critic_0p5 10 {1234: 6, 1235: 4}
[lowmem-progress] global_conformal 10 {1234: 6, 1235: 4}
[lowmem-progress] casa_a_per_skill 9 {1234: 5, 1235: 4}
[lowmem-progress] safedpa_adapted 8 {1234: 4, 1235: 4}
[lowmem-progress] pcbf_adapted 8 {1234: 4, 1235: 4}
[lowmem-progress] safer_splat_cbf_adapted 8 {1234: 4, 1235: 4}
[lowmem-progress] mpc_cbf_humanoid_adapted 8 {1234: 4, 1235: 4}
[lowmem-progress] clbf_lbac_adapted 8 {1234: 4, 1235: 4}
[lowmem] finished lane_v2_casa_a_per_skill__seed_1234__ep_004_006 elapsed=202.2s
[lowmem] started lane_v2_safedpa_adapted__seed_1234__ep_004_006 pid=3758726 gpu=2 domain=155 port=18290

[lowmem-progress] 2026-06-07T02:46:08 90/200 completed
[lowmem-progress] sonic_only 10 {1234: 6, 1235: 4}
[lowmem-progress] hard_contract 10 {1234: 6, 1235: 4}
[lowmem-progress] raw_critic_0p5 10 {1234: 6, 1235: 4}
[lowmem-progress] global_conformal 10 {1234: 6, 1235: 4}
[lowmem-progress] casa_a_per_skill 10 {1234: 6, 1235: 4}
[lowmem-progress] safedpa_adapted 8 {1234: 4, 1235: 4}
[lowmem-progress] pcbf_adapted 8 {1234: 4, 1235: 4}
[lowmem-progress] safer_splat_cbf_adapted 8 {1234: 4, 1235: 4}
[lowmem-progress] mpc_cbf_humanoid_adapted 8 {1234: 4, 1235: 4}
[lowmem-progress] clbf_lbac_adapted 8 {1234: 4, 1235: 4}

[lowmem-progress] 2026-06-07T02:47:08 90/200 completed
[lowmem-progress] sonic_only 10 {1234: 6, 1235: 4}
[lowmem-progress] hard_contract 10 {1234: 6, 1235: 4}
[lowmem-progress] raw_critic_0p5 10 {1234: 6, 1235: 4}
[lowmem-progress] global_conformal 10 {1234: 6, 1235: 4}
[lowmem-progress] casa_a_per_skill 10 {1234: 6, 1235: 4}
[lowmem-progress] safedpa_adapted 8 {1234: 4, 1235: 4}
[lowmem-progress] pcbf_adapted 8 {1234: 4, 1235: 4}
[lowmem-progress] safer_splat_cbf_adapted 8 {1234: 4, 1235: 4}
[lowmem-progress] mpc_cbf_humanoid_adapted 8 {1234: 4, 1235: 4}
[lowmem-progress] clbf_lbac_adapted 8 {1234: 4, 1235: 4}

[lowmem-progress] 2026-06-07T02:48:09 90/200 completed
[lowmem-progress] sonic_only 10 {1234: 6, 1235: 4}
[lowmem-progress] hard_contract 10 {1234: 6, 1235: 4}
[lowmem-progress] raw_critic_0p5 10 {1234: 6, 1235: 4}
[lowmem-progress] global_conformal 10 {1234: 6, 1235: 4}
[lowmem-progress] casa_a_per_skill 10 {1234: 6, 1235: 4}
[lowmem-progress] safedpa_adapted 8 {1234: 4, 1235: 4}
[lowmem-progress] pcbf_adapted 8 {1234: 4, 1235: 4}
[lowmem-progress] safer_splat_cbf_adapted 8 {1234: 4, 1235: 4}
[lowmem-progress] mpc_cbf_humanoid_adapted 8 {1234: 4, 1235: 4}
[lowmem-progress] clbf_lbac_adapted 8 {1234: 4, 1235: 4}

[lowmem-progress] 2026-06-07T02:49:09 92/200 completed
[lowmem-progress] sonic_only 10 {1234: 6, 1235: 4}
[lowmem-progress] hard_contract 10 {1234: 6, 1235: 4}
[lowmem-progress] raw_critic_0p5 10 {1234: 6, 1235: 4}
[lowmem-progress] global_conformal 10 {1234: 6, 1235: 4}
[lowmem-progress] casa_a_per_skill 10 {1234: 6, 1235: 4}
[lowmem-progress] safedpa_adapted 10 {1234: 6, 1235: 4}
[lowmem-progress] pcbf_adapted 8 {1234: 4, 1235: 4}
[lowmem-progress] safer_splat_cbf_adapted 8 {1234: 4, 1235: 4}
[lowmem-progress] mpc_cbf_humanoid_adapted 8 {1234: 4, 1235: 4}
[lowmem-progress] clbf_lbac_adapted 8 {1234: 4, 1235: 4}
[lowmem] finished lane_v2_safedpa_adapted__seed_1234__ep_004_006 elapsed=217.2s
[lowmem] started lane_v2_pcbf_adapted__seed_1234__ep_004_006 pid=3761052 gpu=2 domain=156 port=18292

[lowmem-progress] 2026-06-07T02:50:11 92/200 completed
[lowmem-progress] sonic_only 10 {1234: 6, 1235: 4}
[lowmem-progress] hard_contract 10 {1234: 6, 1235: 4}
[lowmem-progress] raw_critic_0p5 10 {1234: 6, 1235: 4}
[lowmem-progress] global_conformal 10 {1234: 6, 1235: 4}
[lowmem-progress] casa_a_per_skill 10 {1234: 6, 1235: 4}
[lowmem-progress] safedpa_adapted 10 {1234: 6, 1235: 4}
[lowmem-progress] pcbf_adapted 8 {1234: 4, 1235: 4}
[lowmem-progress] safer_splat_cbf_adapted 8 {1234: 4, 1235: 4}
[lowmem-progress] mpc_cbf_humanoid_adapted 8 {1234: 4, 1235: 4}
[lowmem-progress] clbf_lbac_adapted 8 {1234: 4, 1235: 4}

[lowmem-progress] 2026-06-07T02:51:11 92/200 completed
[lowmem-progress] sonic_only 10 {1234: 6, 1235: 4}
[lowmem-progress] hard_contract 10 {1234: 6, 1235: 4}
[lowmem-progress] raw_critic_0p5 10 {1234: 6, 1235: 4}
[lowmem-progress] global_conformal 10 {1234: 6, 1235: 4}
[lowmem-progress] casa_a_per_skill 10 {1234: 6, 1235: 4}
[lowmem-progress] safedpa_adapted 10 {1234: 6, 1235: 4}
[lowmem-progress] pcbf_adapted 8 {1234: 4, 1235: 4}
[lowmem-progress] safer_splat_cbf_adapted 8 {1234: 4, 1235: 4}
[lowmem-progress] mpc_cbf_humanoid_adapted 8 {1234: 4, 1235: 4}
[lowmem-progress] clbf_lbac_adapted 8 {1234: 4, 1235: 4}

[lowmem-progress] 2026-06-07T02:52:11 93/200 completed
[lowmem-progress] sonic_only 10 {1234: 6, 1235: 4}
[lowmem-progress] hard_contract 10 {1234: 6, 1235: 4}
[lowmem-progress] raw_critic_0p5 10 {1234: 6, 1235: 4}
[lowmem-progress] global_conformal 10 {1234: 6, 1235: 4}
[lowmem-progress] casa_a_per_skill 10 {1234: 6, 1235: 4}
[lowmem-progress] safedpa_adapted 10 {1234: 6, 1235: 4}
[lowmem-progress] pcbf_adapted 9 {1234: 5, 1235: 4}
[lowmem-progress] safer_splat_cbf_adapted 8 {1234: 4, 1235: 4}
[lowmem-progress] mpc_cbf_humanoid_adapted 8 {1234: 4, 1235: 4}
[lowmem-progress] clbf_lbac_adapted 8 {1234: 4, 1235: 4}
[lowmem] finished lane_v2_pcbf_adapted__seed_1234__ep_004_006 elapsed=197.2s
[lowmem] started lane_v2_safer_splat_cbf_adapted__seed_1234__ep_004_006 pid=3763135 gpu=2 domain=157 port=18294

[lowmem-progress] 2026-06-07T02:53:13 94/200 completed
[lowmem-progress] sonic_only 10 {1234: 6, 1235: 4}
[lowmem-progress] hard_contract 10 {1234: 6, 1235: 4}
[lowmem-progress] raw_critic_0p5 10 {1234: 6, 1235: 4}
[lowmem-progress] global_conformal 10 {1234: 6, 1235: 4}
[lowmem-progress] casa_a_per_skill 10 {1234: 6, 1235: 4}
[lowmem-progress] safedpa_adapted 10 {1234: 6, 1235: 4}
[lowmem-progress] pcbf_adapted 10 {1234: 6, 1235: 4}
[lowmem-progress] safer_splat_cbf_adapted 8 {1234: 4, 1235: 4}
[lowmem-progress] mpc_cbf_humanoid_adapted 8 {1234: 4, 1235: 4}
[lowmem-progress] clbf_lbac_adapted 8 {1234: 4, 1235: 4}

[lowmem-progress] 2026-06-07T02:54:13 94/200 completed
[lowmem-progress] sonic_only 10 {1234: 6, 1235: 4}
[lowmem-progress] hard_contract 10 {1234: 6, 1235: 4}
[lowmem-progress] raw_critic_0p5 10 {1234: 6, 1235: 4}
[lowmem-progress] global_conformal 10 {1234: 6, 1235: 4}
[lowmem-progress] casa_a_per_skill 10 {1234: 6, 1235: 4}
[lowmem-progress] safedpa_adapted 10 {1234: 6, 1235: 4}
[lowmem-progress] pcbf_adapted 10 {1234: 6, 1235: 4}
[lowmem-progress] safer_splat_cbf_adapted 8 {1234: 4, 1235: 4}
[lowmem-progress] mpc_cbf_humanoid_adapted 8 {1234: 4, 1235: 4}
[lowmem-progress] clbf_lbac_adapted 8 {1234: 4, 1235: 4}

[lowmem-progress] 2026-06-07T02:55:13 94/200 completed
[lowmem-progress] sonic_only 10 {1234: 6, 1235: 4}
[lowmem-progress] hard_contract 10 {1234: 6, 1235: 4}
[lowmem-progress] raw_critic_0p5 10 {1234: 6, 1235: 4}
[lowmem-progress] global_conformal 10 {1234: 6, 1235: 4}
[lowmem-progress] casa_a_per_skill 10 {1234: 6, 1235: 4}
[lowmem-progress] safedpa_adapted 10 {1234: 6, 1235: 4}
[lowmem-progress] pcbf_adapted 10 {1234: 6, 1235: 4}
[lowmem-progress] safer_splat_cbf_adapted 8 {1234: 4, 1235: 4}
[lowmem-progress] mpc_cbf_humanoid_adapted 8 {1234: 4, 1235: 4}
[lowmem-progress] clbf_lbac_adapted 8 {1234: 4, 1235: 4}
[lowmem] finished lane_v2_safer_splat_cbf_adapted__seed_1234__ep_004_006 elapsed=197.2s
[lowmem] started lane_v2_mpc_cbf_humanoid_adapted__seed_1234__ep_004_006 pid=3765210 gpu=2 domain=158 port=18296

[lowmem-progress] 2026-06-07T02:56:15 96/200 completed
[lowmem-progress] sonic_only 10 {1234: 6, 1235: 4}
[lowmem-progress] hard_contract 10 {1234: 6, 1235: 4}
[lowmem-progress] raw_critic_0p5 10 {1234: 6, 1235: 4}
[lowmem-progress] global_conformal 10 {1234: 6, 1235: 4}
[lowmem-progress] casa_a_per_skill 10 {1234: 6, 1235: 4}
[lowmem-progress] safedpa_adapted 10 {1234: 6, 1235: 4}
[lowmem-progress] pcbf_adapted 10 {1234: 6, 1235: 4}
[lowmem-progress] safer_splat_cbf_adapted 10 {1234: 6, 1235: 4}
[lowmem-progress] mpc_cbf_humanoid_adapted 8 {1234: 4, 1235: 4}
[lowmem-progress] clbf_lbac_adapted 8 {1234: 4, 1235: 4}

[lowmem-progress] 2026-06-07T02:57:15 96/200 completed
[lowmem-progress] sonic_only 10 {1234: 6, 1235: 4}
[lowmem-progress] hard_contract 10 {1234: 6, 1235: 4}
[lowmem-progress] raw_critic_0p5 10 {1234: 6, 1235: 4}
[lowmem-progress] global_conformal 10 {1234: 6, 1235: 4}
[lowmem-progress] casa_a_per_skill 10 {1234: 6, 1235: 4}
[lowmem-progress] safedpa_adapted 10 {1234: 6, 1235: 4}
[lowmem-progress] pcbf_adapted 10 {1234: 6, 1235: 4}
[lowmem-progress] safer_splat_cbf_adapted 10 {1234: 6, 1235: 4}
[lowmem-progress] mpc_cbf_humanoid_adapted 8 {1234: 4, 1235: 4}
[lowmem-progress] clbf_lbac_adapted 8 {1234: 4, 1235: 4}

[lowmem-progress] 2026-06-07T02:58:15 96/200 completed
[lowmem-progress] sonic_only 10 {1234: 6, 1235: 4}
[lowmem-progress] hard_contract 10 {1234: 6, 1235: 4}
[lowmem-progress] raw_critic_0p5 10 {1234: 6, 1235: 4}
[lowmem-progress] global_conformal 10 {1234: 6, 1235: 4}
[lowmem-progress] casa_a_per_skill 10 {1234: 6, 1235: 4}
[lowmem-progress] safedpa_adapted 10 {1234: 6, 1235: 4}
[lowmem-progress] pcbf_adapted 10 {1234: 6, 1235: 4}
[lowmem-progress] safer_splat_cbf_adapted 10 {1234: 6, 1235: 4}
[lowmem-progress] mpc_cbf_humanoid_adapted 8 {1234: 4, 1235: 4}
[lowmem-progress] clbf_lbac_adapted 8 {1234: 4, 1235: 4}
[lowmem] finished lane_v2_mpc_cbf_humanoid_adapted__seed_1234__ep_004_006 elapsed=207.2s
[lowmem] started lane_v2_clbf_lbac_adapted__seed_1234__ep_004_006 pid=3767401 gpu=2 domain=159 port=18298

[lowmem-progress] 2026-06-07T02:59:17 98/200 completed
[lowmem-progress] sonic_only 10 {1234: 6, 1235: 4}
[lowmem-progress] hard_contract 10 {1234: 6, 1235: 4}
[lowmem-progress] raw_critic_0p5 10 {1234: 6, 1235: 4}
[lowmem-progress] global_conformal 10 {1234: 6, 1235: 4}
[lowmem-progress] casa_a_per_skill 10 {1234: 6, 1235: 4}
[lowmem-progress] safedpa_adapted 10 {1234: 6, 1235: 4}
[lowmem-progress] pcbf_adapted 10 {1234: 6, 1235: 4}
[lowmem-progress] safer_splat_cbf_adapted 10 {1234: 6, 1235: 4}
[lowmem-progress] mpc_cbf_humanoid_adapted 10 {1234: 6, 1235: 4}
[lowmem-progress] clbf_lbac_adapted 8 {1234: 4, 1235: 4}

[lowmem-progress] 2026-06-07T03:00:17 98/200 completed
[lowmem-progress] sonic_only 10 {1234: 6, 1235: 4}
[lowmem-progress] hard_contract 10 {1234: 6, 1235: 4}
[lowmem-progress] raw_critic_0p5 10 {1234: 6, 1235: 4}
[lowmem-progress] global_conformal 10 {1234: 6, 1235: 4}
[lowmem-progress] casa_a_per_skill 10 {1234: 6, 1235: 4}
[lowmem-progress] safedpa_adapted 10 {1234: 6, 1235: 4}
[lowmem-progress] pcbf_adapted 10 {1234: 6, 1235: 4}
[lowmem-progress] safer_splat_cbf_adapted 10 {1234: 6, 1235: 4}
[lowmem-progress] mpc_cbf_humanoid_adapted 10 {1234: 6, 1235: 4}
[lowmem-progress] clbf_lbac_adapted 8 {1234: 4, 1235: 4}

[lowmem-progress] 2026-06-07T03:01:17 98/200 completed
[lowmem-progress] sonic_only 10 {1234: 6, 1235: 4}
[lowmem-progress] hard_contract 10 {1234: 6, 1235: 4}
[lowmem-progress] raw_critic_0p5 10 {1234: 6, 1235: 4}
[lowmem-progress] global_conformal 10 {1234: 6, 1235: 4}
[lowmem-progress] casa_a_per_skill 10 {1234: 6, 1235: 4}
[lowmem-progress] safedpa_adapted 10 {1234: 6, 1235: 4}
[lowmem-progress] pcbf_adapted 10 {1234: 6, 1235: 4}
[lowmem-progress] safer_splat_cbf_adapted 10 {1234: 6, 1235: 4}
[lowmem-progress] mpc_cbf_humanoid_adapted 10 {1234: 6, 1235: 4}
[lowmem-progress] clbf_lbac_adapted 8 {1234: 4, 1235: 4}

[lowmem-progress] 2026-06-07T03:02:17 99/200 completed
[lowmem-progress] sonic_only 10 {1234: 6, 1235: 4}
[lowmem-progress] hard_contract 10 {1234: 6, 1235: 4}
[lowmem-progress] raw_critic_0p5 10 {1234: 6, 1235: 4}
[lowmem-progress] global_conformal 10 {1234: 6, 1235: 4}
[lowmem-progress] casa_a_per_skill 10 {1234: 6, 1235: 4}
[lowmem-progress] safedpa_adapted 10 {1234: 6, 1235: 4}
[lowmem-progress] pcbf_adapted 10 {1234: 6, 1235: 4}
[lowmem-progress] safer_splat_cbf_adapted 10 {1234: 6, 1235: 4}
[lowmem-progress] mpc_cbf_humanoid_adapted 10 {1234: 6, 1235: 4}
[lowmem-progress] clbf_lbac_adapted 9 {1234: 5, 1235: 4}
[lowmem] finished lane_v2_clbf_lbac_adapted__seed_1234__ep_004_006 elapsed=192.2s
[lowmem] started lane_v2_sonic_only__seed_1235__ep_004_006 pid=3770183 gpu=2 domain=160 port=18300

[lowmem-progress] 2026-06-07T03:03:19 100/200 completed
[lowmem-progress] sonic_only 10 {1234: 6, 1235: 4}
[lowmem-progress] hard_contract 10 {1234: 6, 1235: 4}
[lowmem-progress] raw_critic_0p5 10 {1234: 6, 1235: 4}
[lowmem-progress] global_conformal 10 {1234: 6, 1235: 4}
[lowmem-progress] casa_a_per_skill 10 {1234: 6, 1235: 4}
[lowmem-progress] safedpa_adapted 10 {1234: 6, 1235: 4}
[lowmem-progress] pcbf_adapted 10 {1234: 6, 1235: 4}
[lowmem-progress] safer_splat_cbf_adapted 10 {1234: 6, 1235: 4}
[lowmem-progress] mpc_cbf_humanoid_adapted 10 {1234: 6, 1235: 4}
[lowmem-progress] clbf_lbac_adapted 10 {1234: 6, 1235: 4}

[lowmem-progress] 2026-06-07T03:04:20 100/200 completed
[lowmem-progress] sonic_only 10 {1234: 6, 1235: 4}
[lowmem-progress] hard_contract 10 {1234: 6, 1235: 4}
[lowmem-progress] raw_critic_0p5 10 {1234: 6, 1235: 4}
[lowmem-progress] global_conformal 10 {1234: 6, 1235: 4}
[lowmem-progress] casa_a_per_skill 10 {1234: 6, 1235: 4}
[lowmem-progress] safedpa_adapted 10 {1234: 6, 1235: 4}
[lowmem-progress] pcbf_adapted 10 {1234: 6, 1235: 4}
[lowmem-progress] safer_splat_cbf_adapted 10 {1234: 6, 1235: 4}
[lowmem-progress] mpc_cbf_humanoid_adapted 10 {1234: 6, 1235: 4}
[lowmem-progress] clbf_lbac_adapted 10 {1234: 6, 1235: 4}

[lowmem-progress] 2026-06-07T03:05:20 101/200 completed
[lowmem-progress] sonic_only 11 {1234: 6, 1235: 5}
[lowmem-progress] hard_contract 10 {1234: 6, 1235: 4}
[lowmem-progress] raw_critic_0p5 10 {1234: 6, 1235: 4}
[lowmem-progress] global_conformal 10 {1234: 6, 1235: 4}
[lowmem-progress] casa_a_per_skill 10 {1234: 6, 1235: 4}
[lowmem-progress] safedpa_adapted 10 {1234: 6, 1235: 4}
[lowmem-progress] pcbf_adapted 10 {1234: 6, 1235: 4}
[lowmem-progress] safer_splat_cbf_adapted 10 {1234: 6, 1235: 4}
[lowmem-progress] mpc_cbf_humanoid_adapted 10 {1234: 6, 1235: 4}
[lowmem-progress] clbf_lbac_adapted 10 {1234: 6, 1235: 4}
[lowmem] finished lane_v2_sonic_only__seed_1235__ep_004_006 elapsed=207.2s
[lowmem] started lane_v2_hard_contract__seed_1235__ep_004_006 pid=3772358 gpu=2 domain=161 port=18302

[lowmem-progress] 2026-06-07T03:06:22 102/200 completed
[lowmem-progress] sonic_only 12 {1234: 6, 1235: 6}
[lowmem-progress] hard_contract 10 {1234: 6, 1235: 4}
[lowmem-progress] raw_critic_0p5 10 {1234: 6, 1235: 4}
[lowmem-progress] global_conformal 10 {1234: 6, 1235: 4}
[lowmem-progress] casa_a_per_skill 10 {1234: 6, 1235: 4}
[lowmem-progress] safedpa_adapted 10 {1234: 6, 1235: 4}
[lowmem-progress] pcbf_adapted 10 {1234: 6, 1235: 4}
[lowmem-progress] safer_splat_cbf_adapted 10 {1234: 6, 1235: 4}
[lowmem-progress] mpc_cbf_humanoid_adapted 10 {1234: 6, 1235: 4}
[lowmem-progress] clbf_lbac_adapted 10 {1234: 6, 1235: 4}

[lowmem-progress] 2026-06-07T03:07:22 102/200 completed
[lowmem-progress] sonic_only 12 {1234: 6, 1235: 6}
[lowmem-progress] hard_contract 10 {1234: 6, 1235: 4}
[lowmem-progress] raw_critic_0p5 10 {1234: 6, 1235: 4}
[lowmem-progress] global_conformal 10 {1234: 6, 1235: 4}
[lowmem-progress] casa_a_per_skill 10 {1234: 6, 1235: 4}
[lowmem-progress] safedpa_adapted 10 {1234: 6, 1235: 4}
[lowmem-progress] pcbf_adapted 10 {1234: 6, 1235: 4}
[lowmem-progress] safer_splat_cbf_adapted 10 {1234: 6, 1235: 4}
[lowmem-progress] mpc_cbf_humanoid_adapted 10 {1234: 6, 1235: 4}
[lowmem-progress] clbf_lbac_adapted 10 {1234: 6, 1235: 4}

[lowmem-progress] 2026-06-07T03:08:22 102/200 completed
[lowmem-progress] sonic_only 12 {1234: 6, 1235: 6}
[lowmem-progress] hard_contract 10 {1234: 6, 1235: 4}
[lowmem-progress] raw_critic_0p5 10 {1234: 6, 1235: 4}
[lowmem-progress] global_conformal 10 {1234: 6, 1235: 4}
[lowmem-progress] casa_a_per_skill 10 {1234: 6, 1235: 4}
[lowmem-progress] safedpa_adapted 10 {1234: 6, 1235: 4}
[lowmem-progress] pcbf_adapted 10 {1234: 6, 1235: 4}
[lowmem-progress] safer_splat_cbf_adapted 10 {1234: 6, 1235: 4}
[lowmem-progress] mpc_cbf_humanoid_adapted 10 {1234: 6, 1235: 4}
[lowmem-progress] clbf_lbac_adapted 10 {1234: 6, 1235: 4}
[lowmem] finished lane_v2_hard_contract__seed_1235__ep_004_006 elapsed=192.2s
[lowmem] started lane_v2_raw_critic_0p5__seed_1235__ep_004_006 pid=3774390 gpu=2 domain=162 port=18304

[lowmem-progress] 2026-06-07T03:09:24 104/200 completed
[lowmem-progress] sonic_only 12 {1234: 6, 1235: 6}
[lowmem-progress] hard_contract 12 {1234: 6, 1235: 6}
[lowmem-progress] raw_critic_0p5 10 {1234: 6, 1235: 4}
[lowmem-progress] global_conformal 10 {1234: 6, 1235: 4}
[lowmem-progress] casa_a_per_skill 10 {1234: 6, 1235: 4}
[lowmem-progress] safedpa_adapted 10 {1234: 6, 1235: 4}
[lowmem-progress] pcbf_adapted 10 {1234: 6, 1235: 4}
[lowmem-progress] safer_splat_cbf_adapted 10 {1234: 6, 1235: 4}
[lowmem-progress] mpc_cbf_humanoid_adapted 10 {1234: 6, 1235: 4}
[lowmem-progress] clbf_lbac_adapted 10 {1234: 6, 1235: 4}

[lowmem-progress] 2026-06-07T03:10:24 104/200 completed
[lowmem-progress] sonic_only 12 {1234: 6, 1235: 6}
[lowmem-progress] hard_contract 12 {1234: 6, 1235: 6}
[lowmem-progress] raw_critic_0p5 10 {1234: 6, 1235: 4}
[lowmem-progress] global_conformal 10 {1234: 6, 1235: 4}
[lowmem-progress] casa_a_per_skill 10 {1234: 6, 1235: 4}
[lowmem-progress] safedpa_adapted 10 {1234: 6, 1235: 4}
[lowmem-progress] pcbf_adapted 10 {1234: 6, 1235: 4}
[lowmem-progress] safer_splat_cbf_adapted 10 {1234: 6, 1235: 4}
[lowmem-progress] mpc_cbf_humanoid_adapted 10 {1234: 6, 1235: 4}
[lowmem-progress] clbf_lbac_adapted 10 {1234: 6, 1235: 4}

[lowmem-progress] 2026-06-07T03:11:24 104/200 completed
[lowmem-progress] sonic_only 12 {1234: 6, 1235: 6}
[lowmem-progress] hard_contract 12 {1234: 6, 1235: 6}
[lowmem-progress] raw_critic_0p5 10 {1234: 6, 1235: 4}
[lowmem-progress] global_conformal 10 {1234: 6, 1235: 4}
[lowmem-progress] casa_a_per_skill 10 {1234: 6, 1235: 4}
[lowmem-progress] safedpa_adapted 10 {1234: 6, 1235: 4}
[lowmem-progress] pcbf_adapted 10 {1234: 6, 1235: 4}
[lowmem-progress] safer_splat_cbf_adapted 10 {1234: 6, 1235: 4}
[lowmem-progress] mpc_cbf_humanoid_adapted 10 {1234: 6, 1235: 4}
[lowmem-progress] clbf_lbac_adapted 10 {1234: 6, 1235: 4}
[lowmem] finished lane_v2_raw_critic_0p5__seed_1235__ep_004_006 elapsed=197.2s
[lowmem] started lane_v2_global_conformal__seed_1235__ep_004_006 pid=3776525 gpu=2 domain=163 port=18306

[lowmem-progress] 2026-06-07T03:12:26 106/200 completed
[lowmem-progress] sonic_only 12 {1234: 6, 1235: 6}
[lowmem-progress] hard_contract 12 {1234: 6, 1235: 6}
[lowmem-progress] raw_critic_0p5 12 {1234: 6, 1235: 6}
[lowmem-progress] global_conformal 10 {1234: 6, 1235: 4}
[lowmem-progress] casa_a_per_skill 10 {1234: 6, 1235: 4}
[lowmem-progress] safedpa_adapted 10 {1234: 6, 1235: 4}
[lowmem-progress] pcbf_adapted 10 {1234: 6, 1235: 4}
[lowmem-progress] safer_splat_cbf_adapted 10 {1234: 6, 1235: 4}
[lowmem-progress] mpc_cbf_humanoid_adapted 10 {1234: 6, 1235: 4}
[lowmem-progress] clbf_lbac_adapted 10 {1234: 6, 1235: 4}

[lowmem-progress] 2026-06-07T03:13:26 106/200 completed
[lowmem-progress] sonic_only 12 {1234: 6, 1235: 6}
[lowmem-progress] hard_contract 12 {1234: 6, 1235: 6}
[lowmem-progress] raw_critic_0p5 12 {1234: 6, 1235: 6}
[lowmem-progress] global_conformal 10 {1234: 6, 1235: 4}
[lowmem-progress] casa_a_per_skill 10 {1234: 6, 1235: 4}
[lowmem-progress] safedpa_adapted 10 {1234: 6, 1235: 4}
[lowmem-progress] pcbf_adapted 10 {1234: 6, 1235: 4}
[lowmem-progress] safer_splat_cbf_adapted 10 {1234: 6, 1235: 4}
[lowmem-progress] mpc_cbf_humanoid_adapted 10 {1234: 6, 1235: 4}
[lowmem-progress] clbf_lbac_adapted 10 {1234: 6, 1235: 4}

[lowmem-progress] 2026-06-07T03:14:26 106/200 completed
[lowmem-progress] sonic_only 12 {1234: 6, 1235: 6}
[lowmem-progress] hard_contract 12 {1234: 6, 1235: 6}
[lowmem-progress] raw_critic_0p5 12 {1234: 6, 1235: 6}
[lowmem-progress] global_conformal 10 {1234: 6, 1235: 4}
[lowmem-progress] casa_a_per_skill 10 {1234: 6, 1235: 4}
[lowmem-progress] safedpa_adapted 10 {1234: 6, 1235: 4}
[lowmem-progress] pcbf_adapted 10 {1234: 6, 1235: 4}
[lowmem-progress] safer_splat_cbf_adapted 10 {1234: 6, 1235: 4}
[lowmem-progress] mpc_cbf_humanoid_adapted 10 {1234: 6, 1235: 4}
[lowmem-progress] clbf_lbac_adapted 10 {1234: 6, 1235: 4}

[lowmem-progress] 2026-06-07T03:15:26 107/200 completed
[lowmem-progress] sonic_only 12 {1234: 6, 1235: 6}
[lowmem-progress] hard_contract 12 {1234: 6, 1235: 6}
[lowmem-progress] raw_critic_0p5 12 {1234: 6, 1235: 6}
[lowmem-progress] global_conformal 11 {1234: 6, 1235: 5}
[lowmem-progress] casa_a_per_skill 10 {1234: 6, 1235: 4}
[lowmem-progress] safedpa_adapted 10 {1234: 6, 1235: 4}
[lowmem-progress] pcbf_adapted 10 {1234: 6, 1235: 4}
[lowmem-progress] safer_splat_cbf_adapted 10 {1234: 6, 1235: 4}
[lowmem-progress] mpc_cbf_humanoid_adapted 10 {1234: 6, 1235: 4}
[lowmem-progress] clbf_lbac_adapted 10 {1234: 6, 1235: 4}
[lowmem] finished lane_v2_global_conformal__seed_1235__ep_004_006 elapsed=202.2s
[lowmem] started lane_v2_casa_a_per_skill__seed_1235__ep_004_006 pid=3778854 gpu=2 domain=164 port=18308

[lowmem-progress] 2026-06-07T03:16:28 108/200 completed
[lowmem-progress] sonic_only 12 {1234: 6, 1235: 6}
[lowmem-progress] hard_contract 12 {1234: 6, 1235: 6}
[lowmem-progress] raw_critic_0p5 12 {1234: 6, 1235: 6}
[lowmem-progress] global_conformal 12 {1234: 6, 1235: 6}
[lowmem-progress] casa_a_per_skill 10 {1234: 6, 1235: 4}
[lowmem-progress] safedpa_adapted 10 {1234: 6, 1235: 4}
[lowmem-progress] pcbf_adapted 10 {1234: 6, 1235: 4}
[lowmem-progress] safer_splat_cbf_adapted 10 {1234: 6, 1235: 4}
[lowmem-progress] mpc_cbf_humanoid_adapted 10 {1234: 6, 1235: 4}
[lowmem-progress] clbf_lbac_adapted 10 {1234: 6, 1235: 4}

[lowmem-progress] 2026-06-07T03:17:28 108/200 completed
[lowmem-progress] sonic_only 12 {1234: 6, 1235: 6}
[lowmem-progress] hard_contract 12 {1234: 6, 1235: 6}
[lowmem-progress] raw_critic_0p5 12 {1234: 6, 1235: 6}
[lowmem-progress] global_conformal 12 {1234: 6, 1235: 6}
[lowmem-progress] casa_a_per_skill 10 {1234: 6, 1235: 4}
[lowmem-progress] safedpa_adapted 10 {1234: 6, 1235: 4}
[lowmem-progress] pcbf_adapted 10 {1234: 6, 1235: 4}
[lowmem-progress] safer_splat_cbf_adapted 10 {1234: 6, 1235: 4}
[lowmem-progress] mpc_cbf_humanoid_adapted 10 {1234: 6, 1235: 4}
[lowmem-progress] clbf_lbac_adapted 10 {1234: 6, 1235: 4}

[lowmem-progress] 2026-06-07T03:18:28 108/200 completed
[lowmem-progress] sonic_only 12 {1234: 6, 1235: 6}
[lowmem-progress] hard_contract 12 {1234: 6, 1235: 6}
[lowmem-progress] raw_critic_0p5 12 {1234: 6, 1235: 6}
[lowmem-progress] global_conformal 12 {1234: 6, 1235: 6}
[lowmem-progress] casa_a_per_skill 10 {1234: 6, 1235: 4}
[lowmem-progress] safedpa_adapted 10 {1234: 6, 1235: 4}
[lowmem-progress] pcbf_adapted 10 {1234: 6, 1235: 4}
[lowmem-progress] safer_splat_cbf_adapted 10 {1234: 6, 1235: 4}
[lowmem-progress] mpc_cbf_humanoid_adapted 10 {1234: 6, 1235: 4}
[lowmem-progress] clbf_lbac_adapted 10 {1234: 6, 1235: 4}
[lowmem] finished lane_v2_casa_a_per_skill__seed_1235__ep_004_006 elapsed=207.2s
[lowmem] started lane_v2_safedpa_adapted__seed_1235__ep_004_006 pid=3780966 gpu=2 domain=165 port=18310

[lowmem-progress] 2026-06-07T03:19:30 110/200 completed
[lowmem-progress] sonic_only 12 {1234: 6, 1235: 6}
[lowmem-progress] hard_contract 12 {1234: 6, 1235: 6}
[lowmem-progress] raw_critic_0p5 12 {1234: 6, 1235: 6}
[lowmem-progress] global_conformal 12 {1234: 6, 1235: 6}
[lowmem-progress] casa_a_per_skill 12 {1234: 6, 1235: 6}
[lowmem-progress] safedpa_adapted 10 {1234: 6, 1235: 4}
[lowmem-progress] pcbf_adapted 10 {1234: 6, 1235: 4}
[lowmem-progress] safer_splat_cbf_adapted 10 {1234: 6, 1235: 4}
[lowmem-progress] mpc_cbf_humanoid_adapted 10 {1234: 6, 1235: 4}
[lowmem-progress] clbf_lbac_adapted 10 {1234: 6, 1235: 4}

[lowmem-progress] 2026-06-07T03:20:31 110/200 completed
[lowmem-progress] sonic_only 12 {1234: 6, 1235: 6}
[lowmem-progress] hard_contract 12 {1234: 6, 1235: 6}
[lowmem-progress] raw_critic_0p5 12 {1234: 6, 1235: 6}
[lowmem-progress] global_conformal 12 {1234: 6, 1235: 6}
[lowmem-progress] casa_a_per_skill 12 {1234: 6, 1235: 6}
[lowmem-progress] safedpa_adapted 10 {1234: 6, 1235: 4}
[lowmem-progress] pcbf_adapted 10 {1234: 6, 1235: 4}
[lowmem-progress] safer_splat_cbf_adapted 10 {1234: 6, 1235: 4}
[lowmem-progress] mpc_cbf_humanoid_adapted 10 {1234: 6, 1235: 4}
[lowmem-progress] clbf_lbac_adapted 10 {1234: 6, 1235: 4}

[lowmem-progress] 2026-06-07T03:21:31 110/200 completed
[lowmem-progress] sonic_only 12 {1234: 6, 1235: 6}
[lowmem-progress] hard_contract 12 {1234: 6, 1235: 6}
[lowmem-progress] raw_critic_0p5 12 {1234: 6, 1235: 6}
[lowmem-progress] global_conformal 12 {1234: 6, 1235: 6}
[lowmem-progress] casa_a_per_skill 12 {1234: 6, 1235: 6}
[lowmem-progress] safedpa_adapted 10 {1234: 6, 1235: 4}
[lowmem-progress] pcbf_adapted 10 {1234: 6, 1235: 4}
[lowmem-progress] safer_splat_cbf_adapted 10 {1234: 6, 1235: 4}
[lowmem-progress] mpc_cbf_humanoid_adapted 10 {1234: 6, 1235: 4}
[lowmem-progress] clbf_lbac_adapted 10 {1234: 6, 1235: 4}

[lowmem-progress] 2026-06-07T03:22:31 111/200 completed
[lowmem-progress] sonic_only 12 {1234: 6, 1235: 6}
[lowmem-progress] hard_contract 12 {1234: 6, 1235: 6}
[lowmem-progress] raw_critic_0p5 12 {1234: 6, 1235: 6}
[lowmem-progress] global_conformal 12 {1234: 6, 1235: 6}
[lowmem-progress] casa_a_per_skill 12 {1234: 6, 1235: 6}
[lowmem-progress] safedpa_adapted 11 {1234: 6, 1235: 5}
[lowmem-progress] pcbf_adapted 10 {1234: 6, 1235: 4}
[lowmem-progress] safer_splat_cbf_adapted 10 {1234: 6, 1235: 4}
[lowmem-progress] mpc_cbf_humanoid_adapted 10 {1234: 6, 1235: 4}
[lowmem-progress] clbf_lbac_adapted 10 {1234: 6, 1235: 4}
[lowmem] finished lane_v2_safedpa_adapted__seed_1235__ep_004_006 elapsed=202.2s
[lowmem] started lane_v2_pcbf_adapted__seed_1235__ep_004_006 pid=3783107 gpu=2 domain=166 port=18312

[lowmem-progress] 2026-06-07T03:23:33 112/200 completed
[lowmem-progress] sonic_only 12 {1234: 6, 1235: 6}
[lowmem-progress] hard_contract 12 {1234: 6, 1235: 6}
[lowmem-progress] raw_critic_0p5 12 {1234: 6, 1235: 6}
[lowmem-progress] global_conformal 12 {1234: 6, 1235: 6}
[lowmem-progress] casa_a_per_skill 12 {1234: 6, 1235: 6}
[lowmem-progress] safedpa_adapted 12 {1234: 6, 1235: 6}
[lowmem-progress] pcbf_adapted 10 {1234: 6, 1235: 4}
[lowmem-progress] safer_splat_cbf_adapted 10 {1234: 6, 1235: 4}
[lowmem-progress] mpc_cbf_humanoid_adapted 10 {1234: 6, 1235: 4}
[lowmem-progress] clbf_lbac_adapted 10 {1234: 6, 1235: 4}

[lowmem-progress] 2026-06-07T03:24:33 112/200 completed
[lowmem-progress] sonic_only 12 {1234: 6, 1235: 6}
[lowmem-progress] hard_contract 12 {1234: 6, 1235: 6}
[lowmem-progress] raw_critic_0p5 12 {1234: 6, 1235: 6}
[lowmem-progress] global_conformal 12 {1234: 6, 1235: 6}
[lowmem-progress] casa_a_per_skill 12 {1234: 6, 1235: 6}
[lowmem-progress] safedpa_adapted 12 {1234: 6, 1235: 6}
[lowmem-progress] pcbf_adapted 10 {1234: 6, 1235: 4}
[lowmem-progress] safer_splat_cbf_adapted 10 {1234: 6, 1235: 4}
[lowmem-progress] mpc_cbf_humanoid_adapted 10 {1234: 6, 1235: 4}
[lowmem-progress] clbf_lbac_adapted 10 {1234: 6, 1235: 4}

[lowmem-progress] 2026-06-07T03:25:33 113/200 completed
[lowmem-progress] sonic_only 12 {1234: 6, 1235: 6}
[lowmem-progress] hard_contract 12 {1234: 6, 1235: 6}
[lowmem-progress] raw_critic_0p5 12 {1234: 6, 1235: 6}
[lowmem-progress] global_conformal 12 {1234: 6, 1235: 6}
[lowmem-progress] casa_a_per_skill 12 {1234: 6, 1235: 6}
[lowmem-progress] safedpa_adapted 12 {1234: 6, 1235: 6}
[lowmem-progress] pcbf_adapted 11 {1234: 6, 1235: 5}
[lowmem-progress] safer_splat_cbf_adapted 10 {1234: 6, 1235: 4}
[lowmem-progress] mpc_cbf_humanoid_adapted 10 {1234: 6, 1235: 4}
[lowmem-progress] clbf_lbac_adapted 10 {1234: 6, 1235: 4}
[lowmem] finished lane_v2_pcbf_adapted__seed_1235__ep_004_006 elapsed=202.2s
[lowmem] started lane_v2_safer_splat_cbf_adapted__seed_1235__ep_004_006 pid=3785270 gpu=2 domain=167 port=18314

[lowmem-progress] 2026-06-07T03:26:35 114/200 completed
[lowmem-progress] sonic_only 12 {1234: 6, 1235: 6}
[lowmem-progress] hard_contract 12 {1234: 6, 1235: 6}
[lowmem-progress] raw_critic_0p5 12 {1234: 6, 1235: 6}
[lowmem-progress] global_conformal 12 {1234: 6, 1235: 6}
[lowmem-progress] casa_a_per_skill 12 {1234: 6, 1235: 6}
[lowmem-progress] safedpa_adapted 12 {1234: 6, 1235: 6}
[lowmem-progress] pcbf_adapted 12 {1234: 6, 1235: 6}
[lowmem-progress] safer_splat_cbf_adapted 10 {1234: 6, 1235: 4}
[lowmem-progress] mpc_cbf_humanoid_adapted 10 {1234: 6, 1235: 4}
[lowmem-progress] clbf_lbac_adapted 10 {1234: 6, 1235: 4}

[lowmem-progress] 2026-06-07T03:27:35 114/200 completed
[lowmem-progress] sonic_only 12 {1234: 6, 1235: 6}
[lowmem-progress] hard_contract 12 {1234: 6, 1235: 6}
[lowmem-progress] raw_critic_0p5 12 {1234: 6, 1235: 6}
[lowmem-progress] global_conformal 12 {1234: 6, 1235: 6}
[lowmem-progress] casa_a_per_skill 12 {1234: 6, 1235: 6}
[lowmem-progress] safedpa_adapted 12 {1234: 6, 1235: 6}
[lowmem-progress] pcbf_adapted 12 {1234: 6, 1235: 6}
[lowmem-progress] safer_splat_cbf_adapted 10 {1234: 6, 1235: 4}
[lowmem-progress] mpc_cbf_humanoid_adapted 10 {1234: 6, 1235: 4}
[lowmem-progress] clbf_lbac_adapted 10 {1234: 6, 1235: 4}

[lowmem-progress] 2026-06-07T03:28:35 114/200 completed
[lowmem-progress] sonic_only 12 {1234: 6, 1235: 6}
[lowmem-progress] hard_contract 12 {1234: 6, 1235: 6}
[lowmem-progress] raw_critic_0p5 12 {1234: 6, 1235: 6}
[lowmem-progress] global_conformal 12 {1234: 6, 1235: 6}
[lowmem-progress] casa_a_per_skill 12 {1234: 6, 1235: 6}
[lowmem-progress] safedpa_adapted 12 {1234: 6, 1235: 6}
[lowmem-progress] pcbf_adapted 12 {1234: 6, 1235: 6}
[lowmem-progress] safer_splat_cbf_adapted 10 {1234: 6, 1235: 4}
[lowmem-progress] mpc_cbf_humanoid_adapted 10 {1234: 6, 1235: 4}
[lowmem-progress] clbf_lbac_adapted 10 {1234: 6, 1235: 4}
[lowmem] finished lane_v2_safer_splat_cbf_adapted__seed_1235__ep_004_006 elapsed=192.2s
[lowmem] started lane_v2_mpc_cbf_humanoid_adapted__seed_1235__ep_004_006 pid=3787277 gpu=2 domain=168 port=18316

[lowmem-progress] 2026-06-07T03:29:37 116/200 completed
[lowmem-progress] sonic_only 12 {1234: 6, 1235: 6}
[lowmem-progress] hard_contract 12 {1234: 6, 1235: 6}
[lowmem-progress] raw_critic_0p5 12 {1234: 6, 1235: 6}
[lowmem-progress] global_conformal 12 {1234: 6, 1235: 6}
[lowmem-progress] casa_a_per_skill 12 {1234: 6, 1235: 6}
[lowmem-progress] safedpa_adapted 12 {1234: 6, 1235: 6}
[lowmem-progress] pcbf_adapted 12 {1234: 6, 1235: 6}
[lowmem-progress] safer_splat_cbf_adapted 12 {1234: 6, 1235: 6}
[lowmem-progress] mpc_cbf_humanoid_adapted 10 {1234: 6, 1235: 4}
[lowmem-progress] clbf_lbac_adapted 10 {1234: 6, 1235: 4}

[lowmem-progress] 2026-06-07T03:30:37 116/200 completed
[lowmem-progress] sonic_only 12 {1234: 6, 1235: 6}
[lowmem-progress] hard_contract 12 {1234: 6, 1235: 6}
[lowmem-progress] raw_critic_0p5 12 {1234: 6, 1235: 6}
[lowmem-progress] global_conformal 12 {1234: 6, 1235: 6}
[lowmem-progress] casa_a_per_skill 12 {1234: 6, 1235: 6}
[lowmem-progress] safedpa_adapted 12 {1234: 6, 1235: 6}
[lowmem-progress] pcbf_adapted 12 {1234: 6, 1235: 6}
[lowmem-progress] safer_splat_cbf_adapted 12 {1234: 6, 1235: 6}
[lowmem-progress] mpc_cbf_humanoid_adapted 10 {1234: 6, 1235: 4}
[lowmem-progress] clbf_lbac_adapted 10 {1234: 6, 1235: 4}

[lowmem-progress] 2026-06-07T03:31:37 116/200 completed
[lowmem-progress] sonic_only 12 {1234: 6, 1235: 6}
[lowmem-progress] hard_contract 12 {1234: 6, 1235: 6}
[lowmem-progress] raw_critic_0p5 12 {1234: 6, 1235: 6}
[lowmem-progress] global_conformal 12 {1234: 6, 1235: 6}
[lowmem-progress] casa_a_per_skill 12 {1234: 6, 1235: 6}
[lowmem-progress] safedpa_adapted 12 {1234: 6, 1235: 6}
[lowmem-progress] pcbf_adapted 12 {1234: 6, 1235: 6}
[lowmem-progress] safer_splat_cbf_adapted 12 {1234: 6, 1235: 6}
[lowmem-progress] mpc_cbf_humanoid_adapted 10 {1234: 6, 1235: 4}
[lowmem-progress] clbf_lbac_adapted 10 {1234: 6, 1235: 4}
[lowmem] finished lane_v2_mpc_cbf_humanoid_adapted__seed_1235__ep_004_006 elapsed=197.2s
[lowmem] started lane_v2_clbf_lbac_adapted__seed_1235__ep_004_006 pid=3789361 gpu=2 domain=169 port=18318

[lowmem-progress] 2026-06-07T03:32:39 118/200 completed
[lowmem-progress] sonic_only 12 {1234: 6, 1235: 6}
[lowmem-progress] hard_contract 12 {1234: 6, 1235: 6}
[lowmem-progress] raw_critic_0p5 12 {1234: 6, 1235: 6}
[lowmem-progress] global_conformal 12 {1234: 6, 1235: 6}
[lowmem-progress] casa_a_per_skill 12 {1234: 6, 1235: 6}
[lowmem-progress] safedpa_adapted 12 {1234: 6, 1235: 6}
[lowmem-progress] pcbf_adapted 12 {1234: 6, 1235: 6}
[lowmem-progress] safer_splat_cbf_adapted 12 {1234: 6, 1235: 6}
[lowmem-progress] mpc_cbf_humanoid_adapted 12 {1234: 6, 1235: 6}
[lowmem-progress] clbf_lbac_adapted 10 {1234: 6, 1235: 4}

[lowmem-progress] 2026-06-07T03:33:39 118/200 completed
[lowmem-progress] sonic_only 12 {1234: 6, 1235: 6}
[lowmem-progress] hard_contract 12 {1234: 6, 1235: 6}
[lowmem-progress] raw_critic_0p5 12 {1234: 6, 1235: 6}
[lowmem-progress] global_conformal 12 {1234: 6, 1235: 6}
[lowmem-progress] casa_a_per_skill 12 {1234: 6, 1235: 6}
[lowmem-progress] safedpa_adapted 12 {1234: 6, 1235: 6}
[lowmem-progress] pcbf_adapted 12 {1234: 6, 1235: 6}
[lowmem-progress] safer_splat_cbf_adapted 12 {1234: 6, 1235: 6}
[lowmem-progress] mpc_cbf_humanoid_adapted 12 {1234: 6, 1235: 6}
[lowmem-progress] clbf_lbac_adapted 10 {1234: 6, 1235: 4}
[lowmem] finished lane_v2_clbf_lbac_adapted__seed_1235__ep_004_006 elapsed=112.1s
[lowmem] started lane_v2_sonic_only__seed_1234__ep_006_008 pid=3790506 gpu=2 domain=140 port=18320

[lowmem-progress] 2026-06-07T03:34:41 120/200 completed
[lowmem-progress] sonic_only 12 {1234: 6, 1235: 6}
[lowmem-progress] hard_contract 12 {1234: 6, 1235: 6}
[lowmem-progress] raw_critic_0p5 12 {1234: 6, 1235: 6}
[lowmem-progress] global_conformal 12 {1234: 6, 1235: 6}
[lowmem-progress] casa_a_per_skill 12 {1234: 6, 1235: 6}
[lowmem-progress] safedpa_adapted 12 {1234: 6, 1235: 6}
[lowmem-progress] pcbf_adapted 12 {1234: 6, 1235: 6}
[lowmem-progress] safer_splat_cbf_adapted 12 {1234: 6, 1235: 6}
[lowmem-progress] mpc_cbf_humanoid_adapted 12 {1234: 6, 1235: 6}
[lowmem-progress] clbf_lbac_adapted 12 {1234: 6, 1235: 6}

[lowmem-progress] 2026-06-07T03:35:41 120/200 completed
[lowmem-progress] sonic_only 12 {1234: 6, 1235: 6}
[lowmem-progress] hard_contract 12 {1234: 6, 1235: 6}
[lowmem-progress] raw_critic_0p5 12 {1234: 6, 1235: 6}
[lowmem-progress] global_conformal 12 {1234: 6, 1235: 6}
[lowmem-progress] casa_a_per_skill 12 {1234: 6, 1235: 6}
[lowmem-progress] safedpa_adapted 12 {1234: 6, 1235: 6}
[lowmem-progress] pcbf_adapted 12 {1234: 6, 1235: 6}
[lowmem-progress] safer_splat_cbf_adapted 12 {1234: 6, 1235: 6}
[lowmem-progress] mpc_cbf_humanoid_adapted 12 {1234: 6, 1235: 6}
[lowmem-progress] clbf_lbac_adapted 12 {1234: 6, 1235: 6}

[lowmem-progress] 2026-06-07T03:36:42 120/200 completed
[lowmem-progress] sonic_only 12 {1234: 6, 1235: 6}
[lowmem-progress] hard_contract 12 {1234: 6, 1235: 6}
[lowmem-progress] raw_critic_0p5 12 {1234: 6, 1235: 6}
[lowmem-progress] global_conformal 12 {1234: 6, 1235: 6}
[lowmem-progress] casa_a_per_skill 12 {1234: 6, 1235: 6}
[lowmem-progress] safedpa_adapted 12 {1234: 6, 1235: 6}
[lowmem-progress] pcbf_adapted 12 {1234: 6, 1235: 6}
[lowmem-progress] safer_splat_cbf_adapted 12 {1234: 6, 1235: 6}
[lowmem-progress] mpc_cbf_humanoid_adapted 12 {1234: 6, 1235: 6}
[lowmem-progress] clbf_lbac_adapted 12 {1234: 6, 1235: 6}
[lowmem] finished lane_v2_sonic_only__seed_1234__ep_006_008 elapsed=197.2s
[lowmem] started lane_v2_hard_contract__seed_1234__ep_006_008 pid=3792633 gpu=2 domain=141 port=18322

[lowmem-progress] 2026-06-07T03:37:44 122/200 completed
[lowmem-progress] sonic_only 14 {1234: 8, 1235: 6}
[lowmem-progress] hard_contract 12 {1234: 6, 1235: 6}
[lowmem-progress] raw_critic_0p5 12 {1234: 6, 1235: 6}
[lowmem-progress] global_conformal 12 {1234: 6, 1235: 6}
[lowmem-progress] casa_a_per_skill 12 {1234: 6, 1235: 6}
[lowmem-progress] safedpa_adapted 12 {1234: 6, 1235: 6}
[lowmem-progress] pcbf_adapted 12 {1234: 6, 1235: 6}
[lowmem-progress] safer_splat_cbf_adapted 12 {1234: 6, 1235: 6}
[lowmem-progress] mpc_cbf_humanoid_adapted 12 {1234: 6, 1235: 6}
[lowmem-progress] clbf_lbac_adapted 12 {1234: 6, 1235: 6}

[lowmem-progress] 2026-06-07T03:38:44 122/200 completed
[lowmem-progress] sonic_only 14 {1234: 8, 1235: 6}
[lowmem-progress] hard_contract 12 {1234: 6, 1235: 6}
[lowmem-progress] raw_critic_0p5 12 {1234: 6, 1235: 6}
[lowmem-progress] global_conformal 12 {1234: 6, 1235: 6}
[lowmem-progress] casa_a_per_skill 12 {1234: 6, 1235: 6}
[lowmem-progress] safedpa_adapted 12 {1234: 6, 1235: 6}
[lowmem-progress] pcbf_adapted 12 {1234: 6, 1235: 6}
[lowmem-progress] safer_splat_cbf_adapted 12 {1234: 6, 1235: 6}
[lowmem-progress] mpc_cbf_humanoid_adapted 12 {1234: 6, 1235: 6}
[lowmem-progress] clbf_lbac_adapted 12 {1234: 6, 1235: 6}

[lowmem-progress] 2026-06-07T03:39:44 122/200 completed
[lowmem-progress] sonic_only 14 {1234: 8, 1235: 6}
[lowmem-progress] hard_contract 12 {1234: 6, 1235: 6}
[lowmem-progress] raw_critic_0p5 12 {1234: 6, 1235: 6}
[lowmem-progress] global_conformal 12 {1234: 6, 1235: 6}
[lowmem-progress] casa_a_per_skill 12 {1234: 6, 1235: 6}
[lowmem-progress] safedpa_adapted 12 {1234: 6, 1235: 6}
[lowmem-progress] pcbf_adapted 12 {1234: 6, 1235: 6}
[lowmem-progress] safer_splat_cbf_adapted 12 {1234: 6, 1235: 6}
[lowmem-progress] mpc_cbf_humanoid_adapted 12 {1234: 6, 1235: 6}
[lowmem-progress] clbf_lbac_adapted 12 {1234: 6, 1235: 6}

[lowmem-progress] 2026-06-07T03:40:44 124/200 completed
[lowmem-progress] sonic_only 14 {1234: 8, 1235: 6}
[lowmem-progress] hard_contract 14 {1234: 8, 1235: 6}
[lowmem-progress] raw_critic_0p5 12 {1234: 6, 1235: 6}
[lowmem-progress] global_conformal 12 {1234: 6, 1235: 6}
[lowmem-progress] casa_a_per_skill 12 {1234: 6, 1235: 6}
[lowmem-progress] safedpa_adapted 12 {1234: 6, 1235: 6}
[lowmem-progress] pcbf_adapted 12 {1234: 6, 1235: 6}
[lowmem-progress] safer_splat_cbf_adapted 12 {1234: 6, 1235: 6}
[lowmem-progress] mpc_cbf_humanoid_adapted 12 {1234: 6, 1235: 6}
[lowmem-progress] clbf_lbac_adapted 12 {1234: 6, 1235: 6}
[lowmem] finished lane_v2_hard_contract__seed_1234__ep_006_008 elapsed=192.2s
[lowmem] started lane_v2_raw_critic_0p5__seed_1234__ep_006_008 pid=3794659 gpu=2 domain=142 port=18324

[lowmem-progress] 2026-06-07T03:41:46 124/200 completed
[lowmem-progress] sonic_only 14 {1234: 8, 1235: 6}
[lowmem-progress] hard_contract 14 {1234: 8, 1235: 6}
[lowmem-progress] raw_critic_0p5 12 {1234: 6, 1235: 6}
[lowmem-progress] global_conformal 12 {1234: 6, 1235: 6}
[lowmem-progress] casa_a_per_skill 12 {1234: 6, 1235: 6}
[lowmem-progress] safedpa_adapted 12 {1234: 6, 1235: 6}
[lowmem-progress] pcbf_adapted 12 {1234: 6, 1235: 6}
[lowmem-progress] safer_splat_cbf_adapted 12 {1234: 6, 1235: 6}
[lowmem-progress] mpc_cbf_humanoid_adapted 12 {1234: 6, 1235: 6}
[lowmem-progress] clbf_lbac_adapted 12 {1234: 6, 1235: 6}
[lowmem] finished lane_v2_raw_critic_0p5__seed_1234__ep_006_008 elapsed=117.1s
[lowmem] started lane_v2_global_conformal__seed_1234__ep_006_008 pid=3795869 gpu=2 domain=143 port=18326

[lowmem-progress] 2026-06-07T03:42:48 126/200 completed
[lowmem-progress] sonic_only 14 {1234: 8, 1235: 6}
[lowmem-progress] hard_contract 14 {1234: 8, 1235: 6}
[lowmem-progress] raw_critic_0p5 14 {1234: 8, 1235: 6}
[lowmem-progress] global_conformal 12 {1234: 6, 1235: 6}
[lowmem-progress] casa_a_per_skill 12 {1234: 6, 1235: 6}
[lowmem-progress] safedpa_adapted 12 {1234: 6, 1235: 6}
[lowmem-progress] pcbf_adapted 12 {1234: 6, 1235: 6}
[lowmem-progress] safer_splat_cbf_adapted 12 {1234: 6, 1235: 6}
[lowmem-progress] mpc_cbf_humanoid_adapted 12 {1234: 6, 1235: 6}
[lowmem-progress] clbf_lbac_adapted 12 {1234: 6, 1235: 6}

[lowmem-progress] 2026-06-07T03:43:48 126/200 completed
[lowmem-progress] sonic_only 14 {1234: 8, 1235: 6}
[lowmem-progress] hard_contract 14 {1234: 8, 1235: 6}
[lowmem-progress] raw_critic_0p5 14 {1234: 8, 1235: 6}
[lowmem-progress] global_conformal 12 {1234: 6, 1235: 6}
[lowmem-progress] casa_a_per_skill 12 {1234: 6, 1235: 6}
[lowmem-progress] safedpa_adapted 12 {1234: 6, 1235: 6}
[lowmem-progress] pcbf_adapted 12 {1234: 6, 1235: 6}
[lowmem-progress] safer_splat_cbf_adapted 12 {1234: 6, 1235: 6}
[lowmem-progress] mpc_cbf_humanoid_adapted 12 {1234: 6, 1235: 6}
[lowmem-progress] clbf_lbac_adapted 12 {1234: 6, 1235: 6}

[lowmem-progress] 2026-06-07T03:44:48 126/200 completed
[lowmem-progress] sonic_only 14 {1234: 8, 1235: 6}
[lowmem-progress] hard_contract 14 {1234: 8, 1235: 6}
[lowmem-progress] raw_critic_0p5 14 {1234: 8, 1235: 6}
[lowmem-progress] global_conformal 12 {1234: 6, 1235: 6}
[lowmem-progress] casa_a_per_skill 12 {1234: 6, 1235: 6}
[lowmem-progress] safedpa_adapted 12 {1234: 6, 1235: 6}
[lowmem-progress] pcbf_adapted 12 {1234: 6, 1235: 6}
[lowmem-progress] safer_splat_cbf_adapted 12 {1234: 6, 1235: 6}
[lowmem-progress] mpc_cbf_humanoid_adapted 12 {1234: 6, 1235: 6}
[lowmem-progress] clbf_lbac_adapted 12 {1234: 6, 1235: 6}
[lowmem] finished lane_v2_global_conformal__seed_1234__ep_006_008 elapsed=182.2s
[lowmem] started lane_v2_casa_a_per_skill__seed_1234__ep_006_008 pid=3797776 gpu=2 domain=144 port=18328

[lowmem-progress] 2026-06-07T03:45:50 128/200 completed
[lowmem-progress] sonic_only 14 {1234: 8, 1235: 6}
[lowmem-progress] hard_contract 14 {1234: 8, 1235: 6}
[lowmem-progress] raw_critic_0p5 14 {1234: 8, 1235: 6}
[lowmem-progress] global_conformal 14 {1234: 8, 1235: 6}
[lowmem-progress] casa_a_per_skill 12 {1234: 6, 1235: 6}
[lowmem-progress] safedpa_adapted 12 {1234: 6, 1235: 6}
[lowmem-progress] pcbf_adapted 12 {1234: 6, 1235: 6}
[lowmem-progress] safer_splat_cbf_adapted 12 {1234: 6, 1235: 6}
[lowmem-progress] mpc_cbf_humanoid_adapted 12 {1234: 6, 1235: 6}
[lowmem-progress] clbf_lbac_adapted 12 {1234: 6, 1235: 6}

[lowmem-progress] 2026-06-07T03:46:50 128/200 completed
[lowmem-progress] sonic_only 14 {1234: 8, 1235: 6}
[lowmem-progress] hard_contract 14 {1234: 8, 1235: 6}
[lowmem-progress] raw_critic_0p5 14 {1234: 8, 1235: 6}
[lowmem-progress] global_conformal 14 {1234: 8, 1235: 6}
[lowmem-progress] casa_a_per_skill 12 {1234: 6, 1235: 6}
[lowmem-progress] safedpa_adapted 12 {1234: 6, 1235: 6}
[lowmem-progress] pcbf_adapted 12 {1234: 6, 1235: 6}
[lowmem-progress] safer_splat_cbf_adapted 12 {1234: 6, 1235: 6}
[lowmem-progress] mpc_cbf_humanoid_adapted 12 {1234: 6, 1235: 6}
[lowmem-progress] clbf_lbac_adapted 12 {1234: 6, 1235: 6}

[lowmem-progress] 2026-06-07T03:47:50 128/200 completed
[lowmem-progress] sonic_only 14 {1234: 8, 1235: 6}
[lowmem-progress] hard_contract 14 {1234: 8, 1235: 6}
[lowmem-progress] raw_critic_0p5 14 {1234: 8, 1235: 6}
[lowmem-progress] global_conformal 14 {1234: 8, 1235: 6}
[lowmem-progress] casa_a_per_skill 12 {1234: 6, 1235: 6}
[lowmem-progress] safedpa_adapted 12 {1234: 6, 1235: 6}
[lowmem-progress] pcbf_adapted 12 {1234: 6, 1235: 6}
[lowmem-progress] safer_splat_cbf_adapted 12 {1234: 6, 1235: 6}
[lowmem-progress] mpc_cbf_humanoid_adapted 12 {1234: 6, 1235: 6}
[lowmem-progress] clbf_lbac_adapted 12 {1234: 6, 1235: 6}

[lowmem-progress] 2026-06-07T03:48:50 129/200 completed
[lowmem-progress] sonic_only 14 {1234: 8, 1235: 6}
[lowmem-progress] hard_contract 14 {1234: 8, 1235: 6}
[lowmem-progress] raw_critic_0p5 14 {1234: 8, 1235: 6}
[lowmem-progress] global_conformal 14 {1234: 8, 1235: 6}
[lowmem-progress] casa_a_per_skill 13 {1234: 7, 1235: 6}
[lowmem-progress] safedpa_adapted 12 {1234: 6, 1235: 6}
[lowmem-progress] pcbf_adapted 12 {1234: 6, 1235: 6}
[lowmem-progress] safer_splat_cbf_adapted 12 {1234: 6, 1235: 6}
[lowmem-progress] mpc_cbf_humanoid_adapted 12 {1234: 6, 1235: 6}
[lowmem-progress] clbf_lbac_adapted 12 {1234: 6, 1235: 6}
[lowmem] finished lane_v2_casa_a_per_skill__seed_1234__ep_006_008 elapsed=197.2s
[lowmem] started lane_v2_safedpa_adapted__seed_1234__ep_006_008 pid=3799930 gpu=2 domain=145 port=18330

[lowmem-progress] 2026-06-07T03:49:52 130/200 completed
[lowmem-progress] sonic_only 14 {1234: 8, 1235: 6}
[lowmem-progress] hard_contract 14 {1234: 8, 1235: 6}
[lowmem-progress] raw_critic_0p5 14 {1234: 8, 1235: 6}
[lowmem-progress] global_conformal 14 {1234: 8, 1235: 6}
[lowmem-progress] casa_a_per_skill 14 {1234: 8, 1235: 6}
[lowmem-progress] safedpa_adapted 12 {1234: 6, 1235: 6}
[lowmem-progress] pcbf_adapted 12 {1234: 6, 1235: 6}
[lowmem-progress] safer_splat_cbf_adapted 12 {1234: 6, 1235: 6}
[lowmem-progress] mpc_cbf_humanoid_adapted 12 {1234: 6, 1235: 6}
[lowmem-progress] clbf_lbac_adapted 12 {1234: 6, 1235: 6}

[lowmem-progress] 2026-06-07T03:50:52 130/200 completed
[lowmem-progress] sonic_only 14 {1234: 8, 1235: 6}
[lowmem-progress] hard_contract 14 {1234: 8, 1235: 6}
[lowmem-progress] raw_critic_0p5 14 {1234: 8, 1235: 6}
[lowmem-progress] global_conformal 14 {1234: 8, 1235: 6}
[lowmem-progress] casa_a_per_skill 14 {1234: 8, 1235: 6}
[lowmem-progress] safedpa_adapted 12 {1234: 6, 1235: 6}
[lowmem-progress] pcbf_adapted 12 {1234: 6, 1235: 6}
[lowmem-progress] safer_splat_cbf_adapted 12 {1234: 6, 1235: 6}
[lowmem-progress] mpc_cbf_humanoid_adapted 12 {1234: 6, 1235: 6}
[lowmem-progress] clbf_lbac_adapted 12 {1234: 6, 1235: 6}

[lowmem-progress] 2026-06-07T03:51:52 131/200 completed
[lowmem-progress] sonic_only 14 {1234: 8, 1235: 6}
[lowmem-progress] hard_contract 14 {1234: 8, 1235: 6}
[lowmem-progress] raw_critic_0p5 14 {1234: 8, 1235: 6}
[lowmem-progress] global_conformal 14 {1234: 8, 1235: 6}
[lowmem-progress] casa_a_per_skill 14 {1234: 8, 1235: 6}
[lowmem-progress] safedpa_adapted 13 {1234: 7, 1235: 6}
[lowmem-progress] pcbf_adapted 12 {1234: 6, 1235: 6}
[lowmem-progress] safer_splat_cbf_adapted 12 {1234: 6, 1235: 6}
[lowmem-progress] mpc_cbf_humanoid_adapted 12 {1234: 6, 1235: 6}
[lowmem-progress] clbf_lbac_adapted 12 {1234: 6, 1235: 6}
[lowmem] finished lane_v2_safedpa_adapted__seed_1234__ep_006_008 elapsed=197.2s
[lowmem] started lane_v2_pcbf_adapted__seed_1234__ep_006_008 pid=3801995 gpu=2 domain=146 port=18332

[lowmem-progress] 2026-06-07T03:52:55 132/200 completed
[lowmem-progress] sonic_only 14 {1234: 8, 1235: 6}
[lowmem-progress] hard_contract 14 {1234: 8, 1235: 6}
[lowmem-progress] raw_critic_0p5 14 {1234: 8, 1235: 6}
[lowmem-progress] global_conformal 14 {1234: 8, 1235: 6}
[lowmem-progress] casa_a_per_skill 14 {1234: 8, 1235: 6}
[lowmem-progress] safedpa_adapted 14 {1234: 8, 1235: 6}
[lowmem-progress] pcbf_adapted 12 {1234: 6, 1235: 6}
[lowmem-progress] safer_splat_cbf_adapted 12 {1234: 6, 1235: 6}
[lowmem-progress] mpc_cbf_humanoid_adapted 12 {1234: 6, 1235: 6}
[lowmem-progress] clbf_lbac_adapted 12 {1234: 6, 1235: 6}

[lowmem-progress] 2026-06-07T03:53:55 133/200 completed
[lowmem-progress] sonic_only 14 {1234: 8, 1235: 6}
[lowmem-progress] hard_contract 14 {1234: 8, 1235: 6}
[lowmem-progress] raw_critic_0p5 14 {1234: 8, 1235: 6}
[lowmem-progress] global_conformal 14 {1234: 8, 1235: 6}
[lowmem-progress] casa_a_per_skill 14 {1234: 8, 1235: 6}
[lowmem-progress] safedpa_adapted 14 {1234: 8, 1235: 6}
[lowmem-progress] pcbf_adapted 13 {1234: 7, 1235: 6}
[lowmem-progress] safer_splat_cbf_adapted 12 {1234: 6, 1235: 6}
[lowmem-progress] mpc_cbf_humanoid_adapted 12 {1234: 6, 1235: 6}
[lowmem-progress] clbf_lbac_adapted 12 {1234: 6, 1235: 6}
[lowmem] finished lane_v2_pcbf_adapted__seed_1234__ep_006_008 elapsed=117.1s
[lowmem] started lane_v2_safer_splat_cbf_adapted__seed_1234__ep_006_008 pid=3803201 gpu=2 domain=147 port=18334

[lowmem-progress] 2026-06-07T03:54:57 134/200 completed
[lowmem-progress] sonic_only 14 {1234: 8, 1235: 6}
[lowmem-progress] hard_contract 14 {1234: 8, 1235: 6}
[lowmem-progress] raw_critic_0p5 14 {1234: 8, 1235: 6}
[lowmem-progress] global_conformal 14 {1234: 8, 1235: 6}
[lowmem-progress] casa_a_per_skill 14 {1234: 8, 1235: 6}
[lowmem-progress] safedpa_adapted 14 {1234: 8, 1235: 6}
[lowmem-progress] pcbf_adapted 14 {1234: 8, 1235: 6}
[lowmem-progress] safer_splat_cbf_adapted 12 {1234: 6, 1235: 6}
[lowmem-progress] mpc_cbf_humanoid_adapted 12 {1234: 6, 1235: 6}
[lowmem-progress] clbf_lbac_adapted 12 {1234: 6, 1235: 6}

[lowmem-progress] 2026-06-07T03:55:57 134/200 completed
[lowmem-progress] sonic_only 14 {1234: 8, 1235: 6}
[lowmem-progress] hard_contract 14 {1234: 8, 1235: 6}
[lowmem-progress] raw_critic_0p5 14 {1234: 8, 1235: 6}
[lowmem-progress] global_conformal 14 {1234: 8, 1235: 6}
[lowmem-progress] casa_a_per_skill 14 {1234: 8, 1235: 6}
[lowmem-progress] safedpa_adapted 14 {1234: 8, 1235: 6}
[lowmem-progress] pcbf_adapted 14 {1234: 8, 1235: 6}
[lowmem-progress] safer_splat_cbf_adapted 12 {1234: 6, 1235: 6}
[lowmem-progress] mpc_cbf_humanoid_adapted 12 {1234: 6, 1235: 6}
[lowmem-progress] clbf_lbac_adapted 12 {1234: 6, 1235: 6}

[lowmem-progress] 2026-06-07T03:56:57 135/200 completed
[lowmem-progress] sonic_only 14 {1234: 8, 1235: 6}
[lowmem-progress] hard_contract 14 {1234: 8, 1235: 6}
[lowmem-progress] raw_critic_0p5 14 {1234: 8, 1235: 6}
[lowmem-progress] global_conformal 14 {1234: 8, 1235: 6}
[lowmem-progress] casa_a_per_skill 14 {1234: 8, 1235: 6}
[lowmem-progress] safedpa_adapted 14 {1234: 8, 1235: 6}
[lowmem-progress] pcbf_adapted 14 {1234: 8, 1235: 6}
[lowmem-progress] safer_splat_cbf_adapted 13 {1234: 7, 1235: 6}
[lowmem-progress] mpc_cbf_humanoid_adapted 12 {1234: 6, 1235: 6}
[lowmem-progress] clbf_lbac_adapted 12 {1234: 6, 1235: 6}
[lowmem] finished lane_v2_safer_splat_cbf_adapted__seed_1234__ep_006_008 elapsed=177.2s
[lowmem] started lane_v2_mpc_cbf_humanoid_adapted__seed_1234__ep_006_008 pid=3805008 gpu=2 domain=148 port=18336

[lowmem-progress] 2026-06-07T03:57:59 136/200 completed
[lowmem-progress] sonic_only 14 {1234: 8, 1235: 6}
[lowmem-progress] hard_contract 14 {1234: 8, 1235: 6}
[lowmem-progress] raw_critic_0p5 14 {1234: 8, 1235: 6}
[lowmem-progress] global_conformal 14 {1234: 8, 1235: 6}
[lowmem-progress] casa_a_per_skill 14 {1234: 8, 1235: 6}
[lowmem-progress] safedpa_adapted 14 {1234: 8, 1235: 6}
[lowmem-progress] pcbf_adapted 14 {1234: 8, 1235: 6}
[lowmem-progress] safer_splat_cbf_adapted 14 {1234: 8, 1235: 6}
[lowmem-progress] mpc_cbf_humanoid_adapted 12 {1234: 6, 1235: 6}
[lowmem-progress] clbf_lbac_adapted 12 {1234: 6, 1235: 6}

[lowmem-progress] 2026-06-07T03:58:59 137/200 completed
[lowmem-progress] sonic_only 14 {1234: 8, 1235: 6}
[lowmem-progress] hard_contract 14 {1234: 8, 1235: 6}
[lowmem-progress] raw_critic_0p5 14 {1234: 8, 1235: 6}
[lowmem-progress] global_conformal 14 {1234: 8, 1235: 6}
[lowmem-progress] casa_a_per_skill 14 {1234: 8, 1235: 6}
[lowmem-progress] safedpa_adapted 14 {1234: 8, 1235: 6}
[lowmem-progress] pcbf_adapted 14 {1234: 8, 1235: 6}
[lowmem-progress] safer_splat_cbf_adapted 14 {1234: 8, 1235: 6}
[lowmem-progress] mpc_cbf_humanoid_adapted 13 {1234: 7, 1235: 6}
[lowmem-progress] clbf_lbac_adapted 12 {1234: 6, 1235: 6}
[lowmem] finished lane_v2_mpc_cbf_humanoid_adapted__seed_1234__ep_006_008 elapsed=117.1s
[lowmem] started lane_v2_clbf_lbac_adapted__seed_1234__ep_006_008 pid=3806275 gpu=2 domain=149 port=18338

[lowmem-progress] 2026-06-07T04:00:01 138/200 completed
[lowmem-progress] sonic_only 14 {1234: 8, 1235: 6}
[lowmem-progress] hard_contract 14 {1234: 8, 1235: 6}
[lowmem-progress] raw_critic_0p5 14 {1234: 8, 1235: 6}
[lowmem-progress] global_conformal 14 {1234: 8, 1235: 6}
[lowmem-progress] casa_a_per_skill 14 {1234: 8, 1235: 6}
[lowmem-progress] safedpa_adapted 14 {1234: 8, 1235: 6}
[lowmem-progress] pcbf_adapted 14 {1234: 8, 1235: 6}
[lowmem-progress] safer_splat_cbf_adapted 14 {1234: 8, 1235: 6}
[lowmem-progress] mpc_cbf_humanoid_adapted 14 {1234: 8, 1235: 6}
[lowmem-progress] clbf_lbac_adapted 12 {1234: 6, 1235: 6}

[lowmem-progress] 2026-06-07T04:01:01 138/200 completed
[lowmem-progress] sonic_only 14 {1234: 8, 1235: 6}
[lowmem-progress] hard_contract 14 {1234: 8, 1235: 6}
[lowmem-progress] raw_critic_0p5 14 {1234: 8, 1235: 6}
[lowmem-progress] global_conformal 14 {1234: 8, 1235: 6}
[lowmem-progress] casa_a_per_skill 14 {1234: 8, 1235: 6}
[lowmem-progress] safedpa_adapted 14 {1234: 8, 1235: 6}
[lowmem-progress] pcbf_adapted 14 {1234: 8, 1235: 6}
[lowmem-progress] safer_splat_cbf_adapted 14 {1234: 8, 1235: 6}
[lowmem-progress] mpc_cbf_humanoid_adapted 14 {1234: 8, 1235: 6}
[lowmem-progress] clbf_lbac_adapted 12 {1234: 6, 1235: 6}

[lowmem-progress] 2026-06-07T04:02:01 139/200 completed
[lowmem-progress] sonic_only 14 {1234: 8, 1235: 6}
[lowmem-progress] hard_contract 14 {1234: 8, 1235: 6}
[lowmem-progress] raw_critic_0p5 14 {1234: 8, 1235: 6}
[lowmem-progress] global_conformal 14 {1234: 8, 1235: 6}
[lowmem-progress] casa_a_per_skill 14 {1234: 8, 1235: 6}
[lowmem-progress] safedpa_adapted 14 {1234: 8, 1235: 6}
[lowmem-progress] pcbf_adapted 14 {1234: 8, 1235: 6}
[lowmem-progress] safer_splat_cbf_adapted 14 {1234: 8, 1235: 6}
[lowmem-progress] mpc_cbf_humanoid_adapted 14 {1234: 8, 1235: 6}
[lowmem-progress] clbf_lbac_adapted 13 {1234: 7, 1235: 6}
[lowmem] finished lane_v2_clbf_lbac_adapted__seed_1234__ep_006_008 elapsed=182.2s
[lowmem] started lane_v2_sonic_only__seed_1235__ep_006_008 pid=3808200 gpu=2 domain=150 port=18340

[lowmem-progress] 2026-06-07T04:03:03 140/200 completed
[lowmem-progress] sonic_only 14 {1234: 8, 1235: 6}
[lowmem-progress] hard_contract 14 {1234: 8, 1235: 6}
[lowmem-progress] raw_critic_0p5 14 {1234: 8, 1235: 6}
[lowmem-progress] global_conformal 14 {1234: 8, 1235: 6}
[lowmem-progress] casa_a_per_skill 14 {1234: 8, 1235: 6}
[lowmem-progress] safedpa_adapted 14 {1234: 8, 1235: 6}
[lowmem-progress] pcbf_adapted 14 {1234: 8, 1235: 6}
[lowmem-progress] safer_splat_cbf_adapted 14 {1234: 8, 1235: 6}
[lowmem-progress] mpc_cbf_humanoid_adapted 14 {1234: 8, 1235: 6}
[lowmem-progress] clbf_lbac_adapted 14 {1234: 8, 1235: 6}

[lowmem-progress] 2026-06-07T04:04:03 140/200 completed
[lowmem-progress] sonic_only 14 {1234: 8, 1235: 6}
[lowmem-progress] hard_contract 14 {1234: 8, 1235: 6}
[lowmem-progress] raw_critic_0p5 14 {1234: 8, 1235: 6}
[lowmem-progress] global_conformal 14 {1234: 8, 1235: 6}
[lowmem-progress] casa_a_per_skill 14 {1234: 8, 1235: 6}
[lowmem-progress] safedpa_adapted 14 {1234: 8, 1235: 6}
[lowmem-progress] pcbf_adapted 14 {1234: 8, 1235: 6}
[lowmem-progress] safer_splat_cbf_adapted 14 {1234: 8, 1235: 6}
[lowmem-progress] mpc_cbf_humanoid_adapted 14 {1234: 8, 1235: 6}
[lowmem-progress] clbf_lbac_adapted 14 {1234: 8, 1235: 6}

[lowmem-progress] 2026-06-07T04:05:03 140/200 completed
[lowmem-progress] sonic_only 14 {1234: 8, 1235: 6}
[lowmem-progress] hard_contract 14 {1234: 8, 1235: 6}
[lowmem-progress] raw_critic_0p5 14 {1234: 8, 1235: 6}
[lowmem-progress] global_conformal 14 {1234: 8, 1235: 6}
[lowmem-progress] casa_a_per_skill 14 {1234: 8, 1235: 6}
[lowmem-progress] safedpa_adapted 14 {1234: 8, 1235: 6}
[lowmem-progress] pcbf_adapted 14 {1234: 8, 1235: 6}
[lowmem-progress] safer_splat_cbf_adapted 14 {1234: 8, 1235: 6}
[lowmem-progress] mpc_cbf_humanoid_adapted 14 {1234: 8, 1235: 6}
[lowmem-progress] clbf_lbac_adapted 14 {1234: 8, 1235: 6}
[lowmem] finished lane_v2_sonic_only__seed_1235__ep_006_008 elapsed=217.2s
[lowmem] started lane_v2_hard_contract__seed_1235__ep_006_008 pid=3810544 gpu=2 domain=151 port=18342

[lowmem-progress] 2026-06-07T04:06:05 142/200 completed
[lowmem-progress] sonic_only 16 {1234: 8, 1235: 8}
[lowmem-progress] hard_contract 14 {1234: 8, 1235: 6}
[lowmem-progress] raw_critic_0p5 14 {1234: 8, 1235: 6}
[lowmem-progress] global_conformal 14 {1234: 8, 1235: 6}
[lowmem-progress] casa_a_per_skill 14 {1234: 8, 1235: 6}
[lowmem-progress] safedpa_adapted 14 {1234: 8, 1235: 6}
[lowmem-progress] pcbf_adapted 14 {1234: 8, 1235: 6}
[lowmem-progress] safer_splat_cbf_adapted 14 {1234: 8, 1235: 6}
[lowmem-progress] mpc_cbf_humanoid_adapted 14 {1234: 8, 1235: 6}
[lowmem-progress] clbf_lbac_adapted 14 {1234: 8, 1235: 6}

[lowmem-progress] 2026-06-07T04:07:05 142/200 completed
[lowmem-progress] sonic_only 16 {1234: 8, 1235: 8}
[lowmem-progress] hard_contract 14 {1234: 8, 1235: 6}
[lowmem-progress] raw_critic_0p5 14 {1234: 8, 1235: 6}
[lowmem-progress] global_conformal 14 {1234: 8, 1235: 6}
[lowmem-progress] casa_a_per_skill 14 {1234: 8, 1235: 6}
[lowmem-progress] safedpa_adapted 14 {1234: 8, 1235: 6}
[lowmem-progress] pcbf_adapted 14 {1234: 8, 1235: 6}
[lowmem-progress] safer_splat_cbf_adapted 14 {1234: 8, 1235: 6}
[lowmem-progress] mpc_cbf_humanoid_adapted 14 {1234: 8, 1235: 6}
[lowmem-progress] clbf_lbac_adapted 14 {1234: 8, 1235: 6}

[lowmem-progress] 2026-06-07T04:08:05 142/200 completed
[lowmem-progress] sonic_only 16 {1234: 8, 1235: 8}
[lowmem-progress] hard_contract 14 {1234: 8, 1235: 6}
[lowmem-progress] raw_critic_0p5 14 {1234: 8, 1235: 6}
[lowmem-progress] global_conformal 14 {1234: 8, 1235: 6}
[lowmem-progress] casa_a_per_skill 14 {1234: 8, 1235: 6}
[lowmem-progress] safedpa_adapted 14 {1234: 8, 1235: 6}
[lowmem-progress] pcbf_adapted 14 {1234: 8, 1235: 6}
[lowmem-progress] safer_splat_cbf_adapted 14 {1234: 8, 1235: 6}
[lowmem-progress] mpc_cbf_humanoid_adapted 14 {1234: 8, 1235: 6}
[lowmem-progress] clbf_lbac_adapted 14 {1234: 8, 1235: 6}
[lowmem] finished lane_v2_hard_contract__seed_1235__ep_006_008 elapsed=192.2s
[lowmem] started lane_v2_raw_critic_0p5__seed_1235__ep_006_008 pid=3812523 gpu=2 domain=152 port=18344

[lowmem-progress] 2026-06-07T04:09:08 144/200 completed
[lowmem-progress] sonic_only 16 {1234: 8, 1235: 8}
[lowmem-progress] hard_contract 16 {1234: 8, 1235: 8}
[lowmem-progress] raw_critic_0p5 14 {1234: 8, 1235: 6}
[lowmem-progress] global_conformal 14 {1234: 8, 1235: 6}
[lowmem-progress] casa_a_per_skill 14 {1234: 8, 1235: 6}
[lowmem-progress] safedpa_adapted 14 {1234: 8, 1235: 6}
[lowmem-progress] pcbf_adapted 14 {1234: 8, 1235: 6}
[lowmem-progress] safer_splat_cbf_adapted 14 {1234: 8, 1235: 6}
[lowmem-progress] mpc_cbf_humanoid_adapted 14 {1234: 8, 1235: 6}
[lowmem-progress] clbf_lbac_adapted 14 {1234: 8, 1235: 6}

[lowmem-progress] 2026-06-07T04:10:08 144/200 completed
[lowmem-progress] sonic_only 16 {1234: 8, 1235: 8}
[lowmem-progress] hard_contract 16 {1234: 8, 1235: 8}
[lowmem-progress] raw_critic_0p5 14 {1234: 8, 1235: 6}
[lowmem-progress] global_conformal 14 {1234: 8, 1235: 6}
[lowmem-progress] casa_a_per_skill 14 {1234: 8, 1235: 6}
[lowmem-progress] safedpa_adapted 14 {1234: 8, 1235: 6}
[lowmem-progress] pcbf_adapted 14 {1234: 8, 1235: 6}
[lowmem-progress] safer_splat_cbf_adapted 14 {1234: 8, 1235: 6}
[lowmem-progress] mpc_cbf_humanoid_adapted 14 {1234: 8, 1235: 6}
[lowmem-progress] clbf_lbac_adapted 14 {1234: 8, 1235: 6}

[lowmem-progress] 2026-06-07T04:11:08 144/200 completed
[lowmem-progress] sonic_only 16 {1234: 8, 1235: 8}
[lowmem-progress] hard_contract 16 {1234: 8, 1235: 8}
[lowmem-progress] raw_critic_0p5 14 {1234: 8, 1235: 6}
[lowmem-progress] global_conformal 14 {1234: 8, 1235: 6}
[lowmem-progress] casa_a_per_skill 14 {1234: 8, 1235: 6}
[lowmem-progress] safedpa_adapted 14 {1234: 8, 1235: 6}
[lowmem-progress] pcbf_adapted 14 {1234: 8, 1235: 6}
[lowmem-progress] safer_splat_cbf_adapted 14 {1234: 8, 1235: 6}
[lowmem-progress] mpc_cbf_humanoid_adapted 14 {1234: 8, 1235: 6}
[lowmem-progress] clbf_lbac_adapted 14 {1234: 8, 1235: 6}

[lowmem-progress] 2026-06-07T04:12:08 145/200 completed
[lowmem-progress] sonic_only 16 {1234: 8, 1235: 8}
[lowmem-progress] hard_contract 16 {1234: 8, 1235: 8}
[lowmem-progress] raw_critic_0p5 15 {1234: 8, 1235: 7}
[lowmem-progress] global_conformal 14 {1234: 8, 1235: 6}
[lowmem-progress] casa_a_per_skill 14 {1234: 8, 1235: 6}
[lowmem-progress] safedpa_adapted 14 {1234: 8, 1235: 6}
[lowmem-progress] pcbf_adapted 14 {1234: 8, 1235: 6}
[lowmem-progress] safer_splat_cbf_adapted 14 {1234: 8, 1235: 6}
[lowmem-progress] mpc_cbf_humanoid_adapted 14 {1234: 8, 1235: 6}
[lowmem-progress] clbf_lbac_adapted 14 {1234: 8, 1235: 6}
[lowmem] finished lane_v2_raw_critic_0p5__seed_1235__ep_006_008 elapsed=197.2s
[lowmem] started lane_v2_global_conformal__seed_1235__ep_006_008 pid=3814576 gpu=2 domain=153 port=18346

[lowmem-progress] 2026-06-07T04:13:10 146/200 completed
[lowmem-progress] sonic_only 16 {1234: 8, 1235: 8}
[lowmem-progress] hard_contract 16 {1234: 8, 1235: 8}
[lowmem-progress] raw_critic_0p5 16 {1234: 8, 1235: 8}
[lowmem-progress] global_conformal 14 {1234: 8, 1235: 6}
[lowmem-progress] casa_a_per_skill 14 {1234: 8, 1235: 6}
[lowmem-progress] safedpa_adapted 14 {1234: 8, 1235: 6}
[lowmem-progress] pcbf_adapted 14 {1234: 8, 1235: 6}
[lowmem-progress] safer_splat_cbf_adapted 14 {1234: 8, 1235: 6}
[lowmem-progress] mpc_cbf_humanoid_adapted 14 {1234: 8, 1235: 6}
[lowmem-progress] clbf_lbac_adapted 14 {1234: 8, 1235: 6}

[lowmem-progress] 2026-06-07T04:14:10 146/200 completed
[lowmem-progress] sonic_only 16 {1234: 8, 1235: 8}
[lowmem-progress] hard_contract 16 {1234: 8, 1235: 8}
[lowmem-progress] raw_critic_0p5 16 {1234: 8, 1235: 8}
[lowmem-progress] global_conformal 14 {1234: 8, 1235: 6}
[lowmem-progress] casa_a_per_skill 14 {1234: 8, 1235: 6}
[lowmem-progress] safedpa_adapted 14 {1234: 8, 1235: 6}
[lowmem-progress] pcbf_adapted 14 {1234: 8, 1235: 6}
[lowmem-progress] safer_splat_cbf_adapted 14 {1234: 8, 1235: 6}
[lowmem-progress] mpc_cbf_humanoid_adapted 14 {1234: 8, 1235: 6}
[lowmem-progress] clbf_lbac_adapted 14 {1234: 8, 1235: 6}

[lowmem-progress] 2026-06-07T04:15:10 146/200 completed
[lowmem-progress] sonic_only 16 {1234: 8, 1235: 8}
[lowmem-progress] hard_contract 16 {1234: 8, 1235: 8}
[lowmem-progress] raw_critic_0p5 16 {1234: 8, 1235: 8}
[lowmem-progress] global_conformal 14 {1234: 8, 1235: 6}
[lowmem-progress] casa_a_per_skill 14 {1234: 8, 1235: 6}
[lowmem-progress] safedpa_adapted 14 {1234: 8, 1235: 6}
[lowmem-progress] pcbf_adapted 14 {1234: 8, 1235: 6}
[lowmem-progress] safer_splat_cbf_adapted 14 {1234: 8, 1235: 6}
[lowmem-progress] mpc_cbf_humanoid_adapted 14 {1234: 8, 1235: 6}
[lowmem-progress] clbf_lbac_adapted 14 {1234: 8, 1235: 6}
[lowmem] finished lane_v2_global_conformal__seed_1235__ep_006_008 elapsed=202.2s
[lowmem] started lane_v2_casa_a_per_skill__seed_1235__ep_006_008 pid=3816912 gpu=2 domain=154 port=18348

[lowmem-progress] 2026-06-07T04:16:12 148/200 completed
[lowmem-progress] sonic_only 16 {1234: 8, 1235: 8}
[lowmem-progress] hard_contract 16 {1234: 8, 1235: 8}
[lowmem-progress] raw_critic_0p5 16 {1234: 8, 1235: 8}
[lowmem-progress] global_conformal 16 {1234: 8, 1235: 8}
[lowmem-progress] casa_a_per_skill 14 {1234: 8, 1235: 6}
[lowmem-progress] safedpa_adapted 14 {1234: 8, 1235: 6}
[lowmem-progress] pcbf_adapted 14 {1234: 8, 1235: 6}
[lowmem-progress] safer_splat_cbf_adapted 14 {1234: 8, 1235: 6}
[lowmem-progress] mpc_cbf_humanoid_adapted 14 {1234: 8, 1235: 6}
[lowmem-progress] clbf_lbac_adapted 14 {1234: 8, 1235: 6}

[lowmem-progress] 2026-06-07T04:17:12 148/200 completed
[lowmem-progress] sonic_only 16 {1234: 8, 1235: 8}
[lowmem-progress] hard_contract 16 {1234: 8, 1235: 8}
[lowmem-progress] raw_critic_0p5 16 {1234: 8, 1235: 8}
[lowmem-progress] global_conformal 16 {1234: 8, 1235: 8}
[lowmem-progress] casa_a_per_skill 14 {1234: 8, 1235: 6}
[lowmem-progress] safedpa_adapted 14 {1234: 8, 1235: 6}
[lowmem-progress] pcbf_adapted 14 {1234: 8, 1235: 6}
[lowmem-progress] safer_splat_cbf_adapted 14 {1234: 8, 1235: 6}
[lowmem-progress] mpc_cbf_humanoid_adapted 14 {1234: 8, 1235: 6}
[lowmem-progress] clbf_lbac_adapted 14 {1234: 8, 1235: 6}

[lowmem-progress] 2026-06-07T04:18:12 148/200 completed
[lowmem-progress] sonic_only 16 {1234: 8, 1235: 8}
[lowmem-progress] hard_contract 16 {1234: 8, 1235: 8}
[lowmem-progress] raw_critic_0p5 16 {1234: 8, 1235: 8}
[lowmem-progress] global_conformal 16 {1234: 8, 1235: 8}
[lowmem-progress] casa_a_per_skill 14 {1234: 8, 1235: 6}
[lowmem-progress] safedpa_adapted 14 {1234: 8, 1235: 6}
[lowmem-progress] pcbf_adapted 14 {1234: 8, 1235: 6}
[lowmem-progress] safer_splat_cbf_adapted 14 {1234: 8, 1235: 6}
[lowmem-progress] mpc_cbf_humanoid_adapted 14 {1234: 8, 1235: 6}
[lowmem-progress] clbf_lbac_adapted 14 {1234: 8, 1235: 6}
[lowmem] finished lane_v2_casa_a_per_skill__seed_1235__ep_006_008 elapsed=202.2s
[lowmem] started lane_v2_safedpa_adapted__seed_1235__ep_006_008 pid=3819066 gpu=2 domain=155 port=18350

[lowmem-progress] 2026-06-07T04:19:14 150/200 completed
[lowmem-progress] sonic_only 16 {1234: 8, 1235: 8}
[lowmem-progress] hard_contract 16 {1234: 8, 1235: 8}
[lowmem-progress] raw_critic_0p5 16 {1234: 8, 1235: 8}
[lowmem-progress] global_conformal 16 {1234: 8, 1235: 8}
[lowmem-progress] casa_a_per_skill 16 {1234: 8, 1235: 8}
[lowmem-progress] safedpa_adapted 14 {1234: 8, 1235: 6}
[lowmem-progress] pcbf_adapted 14 {1234: 8, 1235: 6}
[lowmem-progress] safer_splat_cbf_adapted 14 {1234: 8, 1235: 6}
[lowmem-progress] mpc_cbf_humanoid_adapted 14 {1234: 8, 1235: 6}
[lowmem-progress] clbf_lbac_adapted 14 {1234: 8, 1235: 6}

[lowmem-progress] 2026-06-07T04:20:14 150/200 completed
[lowmem-progress] sonic_only 16 {1234: 8, 1235: 8}
[lowmem-progress] hard_contract 16 {1234: 8, 1235: 8}
[lowmem-progress] raw_critic_0p5 16 {1234: 8, 1235: 8}
[lowmem-progress] global_conformal 16 {1234: 8, 1235: 8}
[lowmem-progress] casa_a_per_skill 16 {1234: 8, 1235: 8}
[lowmem-progress] safedpa_adapted 14 {1234: 8, 1235: 6}
[lowmem-progress] pcbf_adapted 14 {1234: 8, 1235: 6}
[lowmem-progress] safer_splat_cbf_adapted 14 {1234: 8, 1235: 6}
[lowmem-progress] mpc_cbf_humanoid_adapted 14 {1234: 8, 1235: 6}
[lowmem-progress] clbf_lbac_adapted 14 {1234: 8, 1235: 6}

[lowmem-progress] 2026-06-07T04:21:14 150/200 completed
[lowmem-progress] sonic_only 16 {1234: 8, 1235: 8}
[lowmem-progress] hard_contract 16 {1234: 8, 1235: 8}
[lowmem-progress] raw_critic_0p5 16 {1234: 8, 1235: 8}
[lowmem-progress] global_conformal 16 {1234: 8, 1235: 8}
[lowmem-progress] casa_a_per_skill 16 {1234: 8, 1235: 8}
[lowmem-progress] safedpa_adapted 14 {1234: 8, 1235: 6}
[lowmem-progress] pcbf_adapted 14 {1234: 8, 1235: 6}
[lowmem-progress] safer_splat_cbf_adapted 14 {1234: 8, 1235: 6}
[lowmem-progress] mpc_cbf_humanoid_adapted 14 {1234: 8, 1235: 6}
[lowmem-progress] clbf_lbac_adapted 14 {1234: 8, 1235: 6}

[lowmem-progress] 2026-06-07T04:22:14 151/200 completed
[lowmem-progress] sonic_only 16 {1234: 8, 1235: 8}
[lowmem-progress] hard_contract 16 {1234: 8, 1235: 8}
[lowmem-progress] raw_critic_0p5 16 {1234: 8, 1235: 8}
[lowmem-progress] global_conformal 16 {1234: 8, 1235: 8}
[lowmem-progress] casa_a_per_skill 16 {1234: 8, 1235: 8}
[lowmem-progress] safedpa_adapted 15 {1234: 8, 1235: 7}
[lowmem-progress] pcbf_adapted 14 {1234: 8, 1235: 6}
[lowmem-progress] safer_splat_cbf_adapted 14 {1234: 8, 1235: 6}
[lowmem-progress] mpc_cbf_humanoid_adapted 14 {1234: 8, 1235: 6}
[lowmem-progress] clbf_lbac_adapted 14 {1234: 8, 1235: 6}
[lowmem] finished lane_v2_safedpa_adapted__seed_1235__ep_006_008 elapsed=197.2s
[lowmem] started lane_v2_pcbf_adapted__seed_1235__ep_006_008 pid=3821175 gpu=2 domain=156 port=18352

[lowmem-progress] 2026-06-07T04:23:16 152/200 completed
[lowmem-progress] sonic_only 16 {1234: 8, 1235: 8}
[lowmem-progress] hard_contract 16 {1234: 8, 1235: 8}
[lowmem-progress] raw_critic_0p5 16 {1234: 8, 1235: 8}
[lowmem-progress] global_conformal 16 {1234: 8, 1235: 8}
[lowmem-progress] casa_a_per_skill 16 {1234: 8, 1235: 8}
[lowmem-progress] safedpa_adapted 16 {1234: 8, 1235: 8}
[lowmem-progress] pcbf_adapted 14 {1234: 8, 1235: 6}
[lowmem-progress] safer_splat_cbf_adapted 14 {1234: 8, 1235: 6}
[lowmem-progress] mpc_cbf_humanoid_adapted 14 {1234: 8, 1235: 6}
[lowmem-progress] clbf_lbac_adapted 14 {1234: 8, 1235: 6}

[lowmem-progress] 2026-06-07T04:24:17 152/200 completed
[lowmem-progress] sonic_only 16 {1234: 8, 1235: 8}
[lowmem-progress] hard_contract 16 {1234: 8, 1235: 8}
[lowmem-progress] raw_critic_0p5 16 {1234: 8, 1235: 8}
[lowmem-progress] global_conformal 16 {1234: 8, 1235: 8}
[lowmem-progress] casa_a_per_skill 16 {1234: 8, 1235: 8}
[lowmem-progress] safedpa_adapted 16 {1234: 8, 1235: 8}
[lowmem-progress] pcbf_adapted 14 {1234: 8, 1235: 6}
[lowmem-progress] safer_splat_cbf_adapted 14 {1234: 8, 1235: 6}
[lowmem-progress] mpc_cbf_humanoid_adapted 14 {1234: 8, 1235: 6}
[lowmem-progress] clbf_lbac_adapted 14 {1234: 8, 1235: 6}

[lowmem-progress] 2026-06-07T04:25:17 153/200 completed
[lowmem-progress] sonic_only 16 {1234: 8, 1235: 8}
[lowmem-progress] hard_contract 16 {1234: 8, 1235: 8}
[lowmem-progress] raw_critic_0p5 16 {1234: 8, 1235: 8}
[lowmem-progress] global_conformal 16 {1234: 8, 1235: 8}
[lowmem-progress] casa_a_per_skill 16 {1234: 8, 1235: 8}
[lowmem-progress] safedpa_adapted 16 {1234: 8, 1235: 8}
[lowmem-progress] pcbf_adapted 15 {1234: 8, 1235: 7}
[lowmem-progress] safer_splat_cbf_adapted 14 {1234: 8, 1235: 6}
[lowmem-progress] mpc_cbf_humanoid_adapted 14 {1234: 8, 1235: 6}
[lowmem-progress] clbf_lbac_adapted 14 {1234: 8, 1235: 6}
[lowmem] finished lane_v2_pcbf_adapted__seed_1235__ep_006_008 elapsed=192.2s
[lowmem] started lane_v2_safer_splat_cbf_adapted__seed_1235__ep_006_008 pid=3823160 gpu=2 domain=157 port=18354

[lowmem-progress] 2026-06-07T04:26:19 154/200 completed
[lowmem-progress] sonic_only 16 {1234: 8, 1235: 8}
[lowmem-progress] hard_contract 16 {1234: 8, 1235: 8}
[lowmem-progress] raw_critic_0p5 16 {1234: 8, 1235: 8}
[lowmem-progress] global_conformal 16 {1234: 8, 1235: 8}
[lowmem-progress] casa_a_per_skill 16 {1234: 8, 1235: 8}
[lowmem-progress] safedpa_adapted 16 {1234: 8, 1235: 8}
[lowmem-progress] pcbf_adapted 16 {1234: 8, 1235: 8}
[lowmem-progress] safer_splat_cbf_adapted 14 {1234: 8, 1235: 6}
[lowmem-progress] mpc_cbf_humanoid_adapted 14 {1234: 8, 1235: 6}
[lowmem-progress] clbf_lbac_adapted 14 {1234: 8, 1235: 6}

[lowmem-progress] 2026-06-07T04:27:19 154/200 completed
[lowmem-progress] sonic_only 16 {1234: 8, 1235: 8}
[lowmem-progress] hard_contract 16 {1234: 8, 1235: 8}
[lowmem-progress] raw_critic_0p5 16 {1234: 8, 1235: 8}
[lowmem-progress] global_conformal 16 {1234: 8, 1235: 8}
[lowmem-progress] casa_a_per_skill 16 {1234: 8, 1235: 8}
[lowmem-progress] safedpa_adapted 16 {1234: 8, 1235: 8}
[lowmem-progress] pcbf_adapted 16 {1234: 8, 1235: 8}
[lowmem-progress] safer_splat_cbf_adapted 14 {1234: 8, 1235: 6}
[lowmem-progress] mpc_cbf_humanoid_adapted 14 {1234: 8, 1235: 6}
[lowmem-progress] clbf_lbac_adapted 14 {1234: 8, 1235: 6}

[lowmem-progress] 2026-06-07T04:28:19 154/200 completed
[lowmem-progress] sonic_only 16 {1234: 8, 1235: 8}
[lowmem-progress] hard_contract 16 {1234: 8, 1235: 8}
[lowmem-progress] raw_critic_0p5 16 {1234: 8, 1235: 8}
[lowmem-progress] global_conformal 16 {1234: 8, 1235: 8}
[lowmem-progress] casa_a_per_skill 16 {1234: 8, 1235: 8}
[lowmem-progress] safedpa_adapted 16 {1234: 8, 1235: 8}
[lowmem-progress] pcbf_adapted 16 {1234: 8, 1235: 8}
[lowmem-progress] safer_splat_cbf_adapted 14 {1234: 8, 1235: 6}
[lowmem-progress] mpc_cbf_humanoid_adapted 14 {1234: 8, 1235: 6}
[lowmem-progress] clbf_lbac_adapted 14 {1234: 8, 1235: 6}
[lowmem] finished lane_v2_safer_splat_cbf_adapted__seed_1235__ep_006_008 elapsed=192.2s
[lowmem] started lane_v2_mpc_cbf_humanoid_adapted__seed_1235__ep_006_008 pid=3825225 gpu=2 domain=158 port=18356

[lowmem-progress] 2026-06-07T04:29:21 156/200 completed
[lowmem-progress] sonic_only 16 {1234: 8, 1235: 8}
[lowmem-progress] hard_contract 16 {1234: 8, 1235: 8}
[lowmem-progress] raw_critic_0p5 16 {1234: 8, 1235: 8}
[lowmem-progress] global_conformal 16 {1234: 8, 1235: 8}
[lowmem-progress] casa_a_per_skill 16 {1234: 8, 1235: 8}
[lowmem-progress] safedpa_adapted 16 {1234: 8, 1235: 8}
[lowmem-progress] pcbf_adapted 16 {1234: 8, 1235: 8}
[lowmem-progress] safer_splat_cbf_adapted 16 {1234: 8, 1235: 8}
[lowmem-progress] mpc_cbf_humanoid_adapted 14 {1234: 8, 1235: 6}
[lowmem-progress] clbf_lbac_adapted 14 {1234: 8, 1235: 6}
[lowmem] FAILED lane_v2_mpc_cbf_humanoid_adapted__seed_1235__ep_006_008 rc=1 elapsed=47.1s log=/mnt/data/students/lph/recording/codex_goal_full_sota_online_comparison_20260606_235526/online/large_stage1_2seed10ep_all_methods/lane_v2_mpc_cbf_humanoid_adapted__seed_1235__ep_006_008.stdout.log
[lowmem] started lane_v2_clbf_lbac_adapted__seed_1235__ep_006_008 pid=3825794 gpu=2 domain=159 port=18358

[lowmem-progress] 2026-06-07T04:29:38 156/200 completed
[lowmem-progress] sonic_only 16 {1234: 8, 1235: 8}
[lowmem-progress] hard_contract 16 {1234: 8, 1235: 8}
[lowmem-progress] raw_critic_0p5 16 {1234: 8, 1235: 8}
[lowmem-progress] global_conformal 16 {1234: 8, 1235: 8}
[lowmem-progress] casa_a_per_skill 16 {1234: 8, 1235: 8}
[lowmem-progress] safedpa_adapted 16 {1234: 8, 1235: 8}
[lowmem-progress] pcbf_adapted 16 {1234: 8, 1235: 8}
[lowmem-progress] safer_splat_cbf_adapted 16 {1234: 8, 1235: 8}
[lowmem-progress] mpc_cbf_humanoid_adapted 14 {1234: 8, 1235: 6}
[lowmem-progress] clbf_lbac_adapted 14 {1234: 8, 1235: 6}
[lowmem] will retry missing episodes after transient lane failure: lane_v2_mpc_cbf_humanoid_adapted__seed_1235__ep_006_008 rc=1

[lowmem-progress] 2026-06-07T04:30:38 156/200 completed
[lowmem-progress] sonic_only 16 {1234: 8, 1235: 8}
[lowmem-progress] hard_contract 16 {1234: 8, 1235: 8}
[lowmem-progress] raw_critic_0p5 16 {1234: 8, 1235: 8}
[lowmem-progress] global_conformal 16 {1234: 8, 1235: 8}
[lowmem-progress] casa_a_per_skill 16 {1234: 8, 1235: 8}
[lowmem-progress] safedpa_adapted 16 {1234: 8, 1235: 8}
[lowmem-progress] pcbf_adapted 16 {1234: 8, 1235: 8}
[lowmem-progress] safer_splat_cbf_adapted 16 {1234: 8, 1235: 8}
[lowmem-progress] mpc_cbf_humanoid_adapted 14 {1234: 8, 1235: 6}
[lowmem-progress] clbf_lbac_adapted 14 {1234: 8, 1235: 6}

[lowmem-progress] 2026-06-07T04:31:38 156/200 completed
[lowmem-progress] sonic_only 16 {1234: 8, 1235: 8}
[lowmem-progress] hard_contract 16 {1234: 8, 1235: 8}
[lowmem-progress] raw_critic_0p5 16 {1234: 8, 1235: 8}
[lowmem-progress] global_conformal 16 {1234: 8, 1235: 8}
[lowmem-progress] casa_a_per_skill 16 {1234: 8, 1235: 8}
[lowmem-progress] safedpa_adapted 16 {1234: 8, 1235: 8}
[lowmem-progress] pcbf_adapted 16 {1234: 8, 1235: 8}
[lowmem-progress] safer_splat_cbf_adapted 16 {1234: 8, 1235: 8}
[lowmem-progress] mpc_cbf_humanoid_adapted 14 {1234: 8, 1235: 6}
[lowmem-progress] clbf_lbac_adapted 14 {1234: 8, 1235: 6}

[lowmem-progress] 2026-06-07T04:32:38 157/200 completed
[lowmem-progress] sonic_only 16 {1234: 8, 1235: 8}
[lowmem-progress] hard_contract 16 {1234: 8, 1235: 8}
[lowmem-progress] raw_critic_0p5 16 {1234: 8, 1235: 8}
[lowmem-progress] global_conformal 16 {1234: 8, 1235: 8}
[lowmem-progress] casa_a_per_skill 16 {1234: 8, 1235: 8}
[lowmem-progress] safedpa_adapted 16 {1234: 8, 1235: 8}
[lowmem-progress] pcbf_adapted 16 {1234: 8, 1235: 8}
[lowmem-progress] safer_splat_cbf_adapted 16 {1234: 8, 1235: 8}
[lowmem-progress] mpc_cbf_humanoid_adapted 14 {1234: 8, 1235: 6}
[lowmem-progress] clbf_lbac_adapted 15 {1234: 8, 1235: 7}
[lowmem] finished lane_v2_clbf_lbac_adapted__seed_1235__ep_006_008 elapsed=187.2s
[lowmem] started lane_v2_sonic_only__seed_1234__ep_008_010 pid=3827776 gpu=2 domain=160 port=18360

[lowmem-progress] 2026-06-07T04:33:40 158/200 completed
[lowmem-progress] sonic_only 16 {1234: 8, 1235: 8}
[lowmem-progress] hard_contract 16 {1234: 8, 1235: 8}
[lowmem-progress] raw_critic_0p5 16 {1234: 8, 1235: 8}
[lowmem-progress] global_conformal 16 {1234: 8, 1235: 8}
[lowmem-progress] casa_a_per_skill 16 {1234: 8, 1235: 8}
[lowmem-progress] safedpa_adapted 16 {1234: 8, 1235: 8}
[lowmem-progress] pcbf_adapted 16 {1234: 8, 1235: 8}
[lowmem-progress] safer_splat_cbf_adapted 16 {1234: 8, 1235: 8}
[lowmem-progress] mpc_cbf_humanoid_adapted 14 {1234: 8, 1235: 6}
[lowmem-progress] clbf_lbac_adapted 16 {1234: 8, 1235: 8}

[lowmem-progress] 2026-06-07T04:34:40 158/200 completed
[lowmem-progress] sonic_only 16 {1234: 8, 1235: 8}
[lowmem-progress] hard_contract 16 {1234: 8, 1235: 8}
[lowmem-progress] raw_critic_0p5 16 {1234: 8, 1235: 8}
[lowmem-progress] global_conformal 16 {1234: 8, 1235: 8}
[lowmem-progress] casa_a_per_skill 16 {1234: 8, 1235: 8}
[lowmem-progress] safedpa_adapted 16 {1234: 8, 1235: 8}
[lowmem-progress] pcbf_adapted 16 {1234: 8, 1235: 8}
[lowmem-progress] safer_splat_cbf_adapted 16 {1234: 8, 1235: 8}
[lowmem-progress] mpc_cbf_humanoid_adapted 14 {1234: 8, 1235: 6}
[lowmem-progress] clbf_lbac_adapted 16 {1234: 8, 1235: 8}

[lowmem-progress] 2026-06-07T04:35:40 159/200 completed
[lowmem-progress] sonic_only 17 {1234: 9, 1235: 8}
[lowmem-progress] hard_contract 16 {1234: 8, 1235: 8}
[lowmem-progress] raw_critic_0p5 16 {1234: 8, 1235: 8}
[lowmem-progress] global_conformal 16 {1234: 8, 1235: 8}
[lowmem-progress] casa_a_per_skill 16 {1234: 8, 1235: 8}
[lowmem-progress] safedpa_adapted 16 {1234: 8, 1235: 8}
[lowmem-progress] pcbf_adapted 16 {1234: 8, 1235: 8}
[lowmem-progress] safer_splat_cbf_adapted 16 {1234: 8, 1235: 8}
[lowmem-progress] mpc_cbf_humanoid_adapted 14 {1234: 8, 1235: 6}
[lowmem-progress] clbf_lbac_adapted 16 {1234: 8, 1235: 8}
[lowmem] finished lane_v2_sonic_only__seed_1234__ep_008_010 elapsed=207.2s
[lowmem] started lane_v2_hard_contract__seed_1234__ep_008_010 pid=3829895 gpu=2 domain=161 port=18362

[lowmem-progress] 2026-06-07T04:36:42 160/200 completed
[lowmem-progress] sonic_only 18 {1234: 10, 1235: 8}
[lowmem-progress] hard_contract 16 {1234: 8, 1235: 8}
[lowmem-progress] raw_critic_0p5 16 {1234: 8, 1235: 8}
[lowmem-progress] global_conformal 16 {1234: 8, 1235: 8}
[lowmem-progress] casa_a_per_skill 16 {1234: 8, 1235: 8}
[lowmem-progress] safedpa_adapted 16 {1234: 8, 1235: 8}
[lowmem-progress] pcbf_adapted 16 {1234: 8, 1235: 8}
[lowmem-progress] safer_splat_cbf_adapted 16 {1234: 8, 1235: 8}
[lowmem-progress] mpc_cbf_humanoid_adapted 14 {1234: 8, 1235: 6}
[lowmem-progress] clbf_lbac_adapted 16 {1234: 8, 1235: 8}

[lowmem-progress] 2026-06-07T04:37:42 160/200 completed
[lowmem-progress] sonic_only 18 {1234: 10, 1235: 8}
[lowmem-progress] hard_contract 16 {1234: 8, 1235: 8}
[lowmem-progress] raw_critic_0p5 16 {1234: 8, 1235: 8}
[lowmem-progress] global_conformal 16 {1234: 8, 1235: 8}
[lowmem-progress] casa_a_per_skill 16 {1234: 8, 1235: 8}
[lowmem-progress] safedpa_adapted 16 {1234: 8, 1235: 8}
[lowmem-progress] pcbf_adapted 16 {1234: 8, 1235: 8}
[lowmem-progress] safer_splat_cbf_adapted 16 {1234: 8, 1235: 8}
[lowmem-progress] mpc_cbf_humanoid_adapted 14 {1234: 8, 1235: 6}
[lowmem-progress] clbf_lbac_adapted 16 {1234: 8, 1235: 8}

[lowmem-progress] 2026-06-07T04:38:42 160/200 completed
[lowmem-progress] sonic_only 18 {1234: 10, 1235: 8}
[lowmem-progress] hard_contract 16 {1234: 8, 1235: 8}
[lowmem-progress] raw_critic_0p5 16 {1234: 8, 1235: 8}
[lowmem-progress] global_conformal 16 {1234: 8, 1235: 8}
[lowmem-progress] casa_a_per_skill 16 {1234: 8, 1235: 8}
[lowmem-progress] safedpa_adapted 16 {1234: 8, 1235: 8}
[lowmem-progress] pcbf_adapted 16 {1234: 8, 1235: 8}
[lowmem-progress] safer_splat_cbf_adapted 16 {1234: 8, 1235: 8}
[lowmem-progress] mpc_cbf_humanoid_adapted 14 {1234: 8, 1235: 6}
[lowmem-progress] clbf_lbac_adapted 16 {1234: 8, 1235: 8}
[lowmem] finished lane_v2_hard_contract__seed_1234__ep_008_010 elapsed=202.2s
[lowmem] started lane_v2_raw_critic_0p5__seed_1234__ep_008_010 pid=3832007 gpu=2 domain=162 port=18364

[lowmem-progress] 2026-06-07T04:39:45 162/200 completed
[lowmem-progress] sonic_only 18 {1234: 10, 1235: 8}
[lowmem-progress] hard_contract 18 {1234: 10, 1235: 8}
[lowmem-progress] raw_critic_0p5 16 {1234: 8, 1235: 8}
[lowmem-progress] global_conformal 16 {1234: 8, 1235: 8}
[lowmem-progress] casa_a_per_skill 16 {1234: 8, 1235: 8}
[lowmem-progress] safedpa_adapted 16 {1234: 8, 1235: 8}
[lowmem-progress] pcbf_adapted 16 {1234: 8, 1235: 8}
[lowmem-progress] safer_splat_cbf_adapted 16 {1234: 8, 1235: 8}
[lowmem-progress] mpc_cbf_humanoid_adapted 14 {1234: 8, 1235: 6}
[lowmem-progress] clbf_lbac_adapted 16 {1234: 8, 1235: 8}

[lowmem-progress] 2026-06-07T04:40:45 162/200 completed
[lowmem-progress] sonic_only 18 {1234: 10, 1235: 8}
[lowmem-progress] hard_contract 18 {1234: 10, 1235: 8}
[lowmem-progress] raw_critic_0p5 16 {1234: 8, 1235: 8}
[lowmem-progress] global_conformal 16 {1234: 8, 1235: 8}
[lowmem-progress] casa_a_per_skill 16 {1234: 8, 1235: 8}
[lowmem-progress] safedpa_adapted 16 {1234: 8, 1235: 8}
[lowmem-progress] pcbf_adapted 16 {1234: 8, 1235: 8}
[lowmem-progress] safer_splat_cbf_adapted 16 {1234: 8, 1235: 8}
[lowmem-progress] mpc_cbf_humanoid_adapted 14 {1234: 8, 1235: 6}
[lowmem-progress] clbf_lbac_adapted 16 {1234: 8, 1235: 8}

[lowmem-progress] 2026-06-07T04:41:45 162/200 completed
[lowmem-progress] sonic_only 18 {1234: 10, 1235: 8}
[lowmem-progress] hard_contract 18 {1234: 10, 1235: 8}
[lowmem-progress] raw_critic_0p5 16 {1234: 8, 1235: 8}
[lowmem-progress] global_conformal 16 {1234: 8, 1235: 8}
[lowmem-progress] casa_a_per_skill 16 {1234: 8, 1235: 8}
[lowmem-progress] safedpa_adapted 16 {1234: 8, 1235: 8}
[lowmem-progress] pcbf_adapted 16 {1234: 8, 1235: 8}
[lowmem-progress] safer_splat_cbf_adapted 16 {1234: 8, 1235: 8}
[lowmem-progress] mpc_cbf_humanoid_adapted 14 {1234: 8, 1235: 6}
[lowmem-progress] clbf_lbac_adapted 16 {1234: 8, 1235: 8}

[lowmem-progress] 2026-06-07T04:42:45 163/200 completed
[lowmem-progress] sonic_only 18 {1234: 10, 1235: 8}
[lowmem-progress] hard_contract 18 {1234: 10, 1235: 8}
[lowmem-progress] raw_critic_0p5 17 {1234: 9, 1235: 8}
[lowmem-progress] global_conformal 16 {1234: 8, 1235: 8}
[lowmem-progress] casa_a_per_skill 16 {1234: 8, 1235: 8}
[lowmem-progress] safedpa_adapted 16 {1234: 8, 1235: 8}
[lowmem-progress] pcbf_adapted 16 {1234: 8, 1235: 8}
[lowmem-progress] safer_splat_cbf_adapted 16 {1234: 8, 1235: 8}
[lowmem-progress] mpc_cbf_humanoid_adapted 14 {1234: 8, 1235: 6}
[lowmem-progress] clbf_lbac_adapted 16 {1234: 8, 1235: 8}
[lowmem] finished lane_v2_raw_critic_0p5__seed_1234__ep_008_010 elapsed=197.2s
[lowmem] started lane_v2_global_conformal__seed_1234__ep_008_010 pid=3834029 gpu=2 domain=163 port=18366

[lowmem-progress] 2026-06-07T04:43:47 164/200 completed
[lowmem-progress] sonic_only 18 {1234: 10, 1235: 8}
[lowmem-progress] hard_contract 18 {1234: 10, 1235: 8}
[lowmem-progress] raw_critic_0p5 18 {1234: 10, 1235: 8}
[lowmem-progress] global_conformal 16 {1234: 8, 1235: 8}
[lowmem-progress] casa_a_per_skill 16 {1234: 8, 1235: 8}
[lowmem-progress] safedpa_adapted 16 {1234: 8, 1235: 8}
[lowmem-progress] pcbf_adapted 16 {1234: 8, 1235: 8}
[lowmem-progress] safer_splat_cbf_adapted 16 {1234: 8, 1235: 8}
[lowmem-progress] mpc_cbf_humanoid_adapted 14 {1234: 8, 1235: 6}
[lowmem-progress] clbf_lbac_adapted 16 {1234: 8, 1235: 8}

[lowmem-progress] 2026-06-07T04:44:47 164/200 completed
[lowmem-progress] sonic_only 18 {1234: 10, 1235: 8}
[lowmem-progress] hard_contract 18 {1234: 10, 1235: 8}
[lowmem-progress] raw_critic_0p5 18 {1234: 10, 1235: 8}
[lowmem-progress] global_conformal 16 {1234: 8, 1235: 8}
[lowmem-progress] casa_a_per_skill 16 {1234: 8, 1235: 8}
[lowmem-progress] safedpa_adapted 16 {1234: 8, 1235: 8}
[lowmem-progress] pcbf_adapted 16 {1234: 8, 1235: 8}
[lowmem-progress] safer_splat_cbf_adapted 16 {1234: 8, 1235: 8}
[lowmem-progress] mpc_cbf_humanoid_adapted 14 {1234: 8, 1235: 6}
[lowmem-progress] clbf_lbac_adapted 16 {1234: 8, 1235: 8}

[lowmem-progress] 2026-06-07T04:45:47 165/200 completed
[lowmem-progress] sonic_only 18 {1234: 10, 1235: 8}
[lowmem-progress] hard_contract 18 {1234: 10, 1235: 8}
[lowmem-progress] raw_critic_0p5 18 {1234: 10, 1235: 8}
[lowmem-progress] global_conformal 17 {1234: 9, 1235: 8}
[lowmem-progress] casa_a_per_skill 16 {1234: 8, 1235: 8}
[lowmem-progress] safedpa_adapted 16 {1234: 8, 1235: 8}
[lowmem-progress] pcbf_adapted 16 {1234: 8, 1235: 8}
[lowmem-progress] safer_splat_cbf_adapted 16 {1234: 8, 1235: 8}
[lowmem-progress] mpc_cbf_humanoid_adapted 14 {1234: 8, 1235: 6}
[lowmem-progress] clbf_lbac_adapted 16 {1234: 8, 1235: 8}
[lowmem] finished lane_v2_global_conformal__seed_1234__ep_008_010 elapsed=202.2s
[lowmem] started lane_v2_casa_a_per_skill__seed_1234__ep_008_010 pid=3836040 gpu=2 domain=164 port=18368

[lowmem-progress] 2026-06-07T04:46:49 166/200 completed
[lowmem-progress] sonic_only 18 {1234: 10, 1235: 8}
[lowmem-progress] hard_contract 18 {1234: 10, 1235: 8}
[lowmem-progress] raw_critic_0p5 18 {1234: 10, 1235: 8}
[lowmem-progress] global_conformal 18 {1234: 10, 1235: 8}
[lowmem-progress] casa_a_per_skill 16 {1234: 8, 1235: 8}
[lowmem-progress] safedpa_adapted 16 {1234: 8, 1235: 8}
[lowmem-progress] pcbf_adapted 16 {1234: 8, 1235: 8}
[lowmem-progress] safer_splat_cbf_adapted 16 {1234: 8, 1235: 8}
[lowmem-progress] mpc_cbf_humanoid_adapted 14 {1234: 8, 1235: 6}
[lowmem-progress] clbf_lbac_adapted 16 {1234: 8, 1235: 8}

[lowmem-progress] 2026-06-07T04:47:49 166/200 completed
[lowmem-progress] sonic_only 18 {1234: 10, 1235: 8}
[lowmem-progress] hard_contract 18 {1234: 10, 1235: 8}
[lowmem-progress] raw_critic_0p5 18 {1234: 10, 1235: 8}
[lowmem-progress] global_conformal 18 {1234: 10, 1235: 8}
[lowmem-progress] casa_a_per_skill 16 {1234: 8, 1235: 8}
[lowmem-progress] safedpa_adapted 16 {1234: 8, 1235: 8}
[lowmem-progress] pcbf_adapted 16 {1234: 8, 1235: 8}
[lowmem-progress] safer_splat_cbf_adapted 16 {1234: 8, 1235: 8}
[lowmem-progress] mpc_cbf_humanoid_adapted 14 {1234: 8, 1235: 6}
[lowmem-progress] clbf_lbac_adapted 16 {1234: 8, 1235: 8}

[lowmem-progress] 2026-06-07T04:48:49 166/200 completed
[lowmem-progress] sonic_only 18 {1234: 10, 1235: 8}
[lowmem-progress] hard_contract 18 {1234: 10, 1235: 8}
[lowmem-progress] raw_critic_0p5 18 {1234: 10, 1235: 8}
[lowmem-progress] global_conformal 18 {1234: 10, 1235: 8}
[lowmem-progress] casa_a_per_skill 16 {1234: 8, 1235: 8}
[lowmem-progress] safedpa_adapted 16 {1234: 8, 1235: 8}
[lowmem-progress] pcbf_adapted 16 {1234: 8, 1235: 8}
[lowmem-progress] safer_splat_cbf_adapted 16 {1234: 8, 1235: 8}
[lowmem-progress] mpc_cbf_humanoid_adapted 14 {1234: 8, 1235: 6}
[lowmem-progress] clbf_lbac_adapted 16 {1234: 8, 1235: 8}
[lowmem] finished lane_v2_casa_a_per_skill__seed_1234__ep_008_010 elapsed=197.2s
[lowmem] started lane_v2_safedpa_adapted__seed_1234__ep_008_010 pid=3837960 gpu=2 domain=165 port=18370

[lowmem-progress] 2026-06-07T04:49:51 168/200 completed
[lowmem-progress] sonic_only 18 {1234: 10, 1235: 8}
[lowmem-progress] hard_contract 18 {1234: 10, 1235: 8}
[lowmem-progress] raw_critic_0p5 18 {1234: 10, 1235: 8}
[lowmem-progress] global_conformal 18 {1234: 10, 1235: 8}
[lowmem-progress] casa_a_per_skill 18 {1234: 10, 1235: 8}
[lowmem-progress] safedpa_adapted 16 {1234: 8, 1235: 8}
[lowmem-progress] pcbf_adapted 16 {1234: 8, 1235: 8}
[lowmem-progress] safer_splat_cbf_adapted 16 {1234: 8, 1235: 8}
[lowmem-progress] mpc_cbf_humanoid_adapted 14 {1234: 8, 1235: 6}
[lowmem-progress] clbf_lbac_adapted 16 {1234: 8, 1235: 8}

[lowmem-progress] 2026-06-07T04:50:51 168/200 completed
[lowmem-progress] sonic_only 18 {1234: 10, 1235: 8}
[lowmem-progress] hard_contract 18 {1234: 10, 1235: 8}
[lowmem-progress] raw_critic_0p5 18 {1234: 10, 1235: 8}
[lowmem-progress] global_conformal 18 {1234: 10, 1235: 8}
[lowmem-progress] casa_a_per_skill 18 {1234: 10, 1235: 8}
[lowmem-progress] safedpa_adapted 16 {1234: 8, 1235: 8}
[lowmem-progress] pcbf_adapted 16 {1234: 8, 1235: 8}
[lowmem-progress] safer_splat_cbf_adapted 16 {1234: 8, 1235: 8}
[lowmem-progress] mpc_cbf_humanoid_adapted 14 {1234: 8, 1235: 6}
[lowmem-progress] clbf_lbac_adapted 16 {1234: 8, 1235: 8}

[lowmem-progress] 2026-06-07T04:51:51 168/200 completed
[lowmem-progress] sonic_only 18 {1234: 10, 1235: 8}
[lowmem-progress] hard_contract 18 {1234: 10, 1235: 8}
[lowmem-progress] raw_critic_0p5 18 {1234: 10, 1235: 8}
[lowmem-progress] global_conformal 18 {1234: 10, 1235: 8}
[lowmem-progress] casa_a_per_skill 18 {1234: 10, 1235: 8}
[lowmem-progress] safedpa_adapted 16 {1234: 8, 1235: 8}
[lowmem-progress] pcbf_adapted 16 {1234: 8, 1235: 8}
[lowmem-progress] safer_splat_cbf_adapted 16 {1234: 8, 1235: 8}
[lowmem-progress] mpc_cbf_humanoid_adapted 14 {1234: 8, 1235: 6}
[lowmem-progress] clbf_lbac_adapted 16 {1234: 8, 1235: 8}
[lowmem] finished lane_v2_safedpa_adapted__seed_1234__ep_008_010 elapsed=202.2s
[lowmem] started lane_v2_pcbf_adapted__seed_1234__ep_008_010 pid=3839968 gpu=2 domain=166 port=18372

[lowmem-progress] 2026-06-07T04:52:53 170/200 completed
[lowmem-progress] sonic_only 18 {1234: 10, 1235: 8}
[lowmem-progress] hard_contract 18 {1234: 10, 1235: 8}
[lowmem-progress] raw_critic_0p5 18 {1234: 10, 1235: 8}
[lowmem-progress] global_conformal 18 {1234: 10, 1235: 8}
[lowmem-progress] casa_a_per_skill 18 {1234: 10, 1235: 8}
[lowmem-progress] safedpa_adapted 18 {1234: 10, 1235: 8}
[lowmem-progress] pcbf_adapted 16 {1234: 8, 1235: 8}
[lowmem-progress] safer_splat_cbf_adapted 16 {1234: 8, 1235: 8}
[lowmem-progress] mpc_cbf_humanoid_adapted 14 {1234: 8, 1235: 6}
[lowmem-progress] clbf_lbac_adapted 16 {1234: 8, 1235: 8}

[lowmem-progress] 2026-06-07T04:53:53 170/200 completed
[lowmem-progress] sonic_only 18 {1234: 10, 1235: 8}
[lowmem-progress] hard_contract 18 {1234: 10, 1235: 8}
[lowmem-progress] raw_critic_0p5 18 {1234: 10, 1235: 8}
[lowmem-progress] global_conformal 18 {1234: 10, 1235: 8}
[lowmem-progress] casa_a_per_skill 18 {1234: 10, 1235: 8}
[lowmem-progress] safedpa_adapted 18 {1234: 10, 1235: 8}
[lowmem-progress] pcbf_adapted 16 {1234: 8, 1235: 8}
[lowmem-progress] safer_splat_cbf_adapted 16 {1234: 8, 1235: 8}
[lowmem-progress] mpc_cbf_humanoid_adapted 14 {1234: 8, 1235: 6}
[lowmem-progress] clbf_lbac_adapted 16 {1234: 8, 1235: 8}

[lowmem-progress] 2026-06-07T04:54:54 170/200 completed
[lowmem-progress] sonic_only 18 {1234: 10, 1235: 8}
[lowmem-progress] hard_contract 18 {1234: 10, 1235: 8}
[lowmem-progress] raw_critic_0p5 18 {1234: 10, 1235: 8}
[lowmem-progress] global_conformal 18 {1234: 10, 1235: 8}
[lowmem-progress] casa_a_per_skill 18 {1234: 10, 1235: 8}
[lowmem-progress] safedpa_adapted 18 {1234: 10, 1235: 8}
[lowmem-progress] pcbf_adapted 16 {1234: 8, 1235: 8}
[lowmem-progress] safer_splat_cbf_adapted 16 {1234: 8, 1235: 8}
[lowmem-progress] mpc_cbf_humanoid_adapted 14 {1234: 8, 1235: 6}
[lowmem-progress] clbf_lbac_adapted 16 {1234: 8, 1235: 8}

[lowmem-progress] 2026-06-07T04:55:54 171/200 completed
[lowmem-progress] sonic_only 18 {1234: 10, 1235: 8}
[lowmem-progress] hard_contract 18 {1234: 10, 1235: 8}
[lowmem-progress] raw_critic_0p5 18 {1234: 10, 1235: 8}
[lowmem-progress] global_conformal 18 {1234: 10, 1235: 8}
[lowmem-progress] casa_a_per_skill 18 {1234: 10, 1235: 8}
[lowmem-progress] safedpa_adapted 18 {1234: 10, 1235: 8}
[lowmem-progress] pcbf_adapted 17 {1234: 9, 1235: 8}
[lowmem-progress] safer_splat_cbf_adapted 16 {1234: 8, 1235: 8}
[lowmem-progress] mpc_cbf_humanoid_adapted 14 {1234: 8, 1235: 6}
[lowmem-progress] clbf_lbac_adapted 16 {1234: 8, 1235: 8}
[lowmem] finished lane_v2_pcbf_adapted__seed_1234__ep_008_010 elapsed=197.2s
[lowmem] started lane_v2_safer_splat_cbf_adapted__seed_1234__ep_008_010 pid=3841915 gpu=2 domain=167 port=18374

[lowmem-progress] 2026-06-07T04:56:56 172/200 completed
[lowmem-progress] sonic_only 18 {1234: 10, 1235: 8}
[lowmem-progress] hard_contract 18 {1234: 10, 1235: 8}
[lowmem-progress] raw_critic_0p5 18 {1234: 10, 1235: 8}
[lowmem-progress] global_conformal 18 {1234: 10, 1235: 8}
[lowmem-progress] casa_a_per_skill 18 {1234: 10, 1235: 8}
[lowmem-progress] safedpa_adapted 18 {1234: 10, 1235: 8}
[lowmem-progress] pcbf_adapted 18 {1234: 10, 1235: 8}
[lowmem-progress] safer_splat_cbf_adapted 16 {1234: 8, 1235: 8}
[lowmem-progress] mpc_cbf_humanoid_adapted 14 {1234: 8, 1235: 6}
[lowmem-progress] clbf_lbac_adapted 16 {1234: 8, 1235: 8}

[lowmem-progress] 2026-06-07T04:57:56 172/200 completed
[lowmem-progress] sonic_only 18 {1234: 10, 1235: 8}
[lowmem-progress] hard_contract 18 {1234: 10, 1235: 8}
[lowmem-progress] raw_critic_0p5 18 {1234: 10, 1235: 8}
[lowmem-progress] global_conformal 18 {1234: 10, 1235: 8}
[lowmem-progress] casa_a_per_skill 18 {1234: 10, 1235: 8}
[lowmem-progress] safedpa_adapted 18 {1234: 10, 1235: 8}
[lowmem-progress] pcbf_adapted 18 {1234: 10, 1235: 8}
[lowmem-progress] safer_splat_cbf_adapted 16 {1234: 8, 1235: 8}
[lowmem-progress] mpc_cbf_humanoid_adapted 14 {1234: 8, 1235: 6}
[lowmem-progress] clbf_lbac_adapted 16 {1234: 8, 1235: 8}

[lowmem-progress] 2026-06-07T04:58:56 172/200 completed
[lowmem-progress] sonic_only 18 {1234: 10, 1235: 8}
[lowmem-progress] hard_contract 18 {1234: 10, 1235: 8}
[lowmem-progress] raw_critic_0p5 18 {1234: 10, 1235: 8}
[lowmem-progress] global_conformal 18 {1234: 10, 1235: 8}
[lowmem-progress] casa_a_per_skill 18 {1234: 10, 1235: 8}
[lowmem-progress] safedpa_adapted 18 {1234: 10, 1235: 8}
[lowmem-progress] pcbf_adapted 18 {1234: 10, 1235: 8}
[lowmem-progress] safer_splat_cbf_adapted 16 {1234: 8, 1235: 8}
[lowmem-progress] mpc_cbf_humanoid_adapted 14 {1234: 8, 1235: 6}
[lowmem-progress] clbf_lbac_adapted 16 {1234: 8, 1235: 8}
[lowmem] finished lane_v2_safer_splat_cbf_adapted__seed_1234__ep_008_010 elapsed=202.2s
[lowmem] started lane_v2_mpc_cbf_humanoid_adapted__seed_1234__ep_008_010 pid=3843879 gpu=2 domain=168 port=18376

[lowmem-progress] 2026-06-07T04:59:58 174/200 completed
[lowmem-progress] sonic_only 18 {1234: 10, 1235: 8}
[lowmem-progress] hard_contract 18 {1234: 10, 1235: 8}
[lowmem-progress] raw_critic_0p5 18 {1234: 10, 1235: 8}
[lowmem-progress] global_conformal 18 {1234: 10, 1235: 8}
[lowmem-progress] casa_a_per_skill 18 {1234: 10, 1235: 8}
[lowmem-progress] safedpa_adapted 18 {1234: 10, 1235: 8}
[lowmem-progress] pcbf_adapted 18 {1234: 10, 1235: 8}
[lowmem-progress] safer_splat_cbf_adapted 18 {1234: 10, 1235: 8}
[lowmem-progress] mpc_cbf_humanoid_adapted 14 {1234: 8, 1235: 6}
[lowmem-progress] clbf_lbac_adapted 16 {1234: 8, 1235: 8}

[lowmem-progress] 2026-06-07T05:00:58 174/200 completed
[lowmem-progress] sonic_only 18 {1234: 10, 1235: 8}
[lowmem-progress] hard_contract 18 {1234: 10, 1235: 8}
[lowmem-progress] raw_critic_0p5 18 {1234: 10, 1235: 8}
[lowmem-progress] global_conformal 18 {1234: 10, 1235: 8}
[lowmem-progress] casa_a_per_skill 18 {1234: 10, 1235: 8}
[lowmem-progress] safedpa_adapted 18 {1234: 10, 1235: 8}
[lowmem-progress] pcbf_adapted 18 {1234: 10, 1235: 8}
[lowmem-progress] safer_splat_cbf_adapted 18 {1234: 10, 1235: 8}
[lowmem-progress] mpc_cbf_humanoid_adapted 14 {1234: 8, 1235: 6}
[lowmem-progress] clbf_lbac_adapted 16 {1234: 8, 1235: 8}

[lowmem-progress] 2026-06-07T05:01:58 174/200 completed
[lowmem-progress] sonic_only 18 {1234: 10, 1235: 8}
[lowmem-progress] hard_contract 18 {1234: 10, 1235: 8}
[lowmem-progress] raw_critic_0p5 18 {1234: 10, 1235: 8}
[lowmem-progress] global_conformal 18 {1234: 10, 1235: 8}
[lowmem-progress] casa_a_per_skill 18 {1234: 10, 1235: 8}
[lowmem-progress] safedpa_adapted 18 {1234: 10, 1235: 8}
[lowmem-progress] pcbf_adapted 18 {1234: 10, 1235: 8}
[lowmem-progress] safer_splat_cbf_adapted 18 {1234: 10, 1235: 8}
[lowmem-progress] mpc_cbf_humanoid_adapted 14 {1234: 8, 1235: 6}
[lowmem-progress] clbf_lbac_adapted 16 {1234: 8, 1235: 8}
[lowmem] finished lane_v2_mpc_cbf_humanoid_adapted__seed_1234__ep_008_010 elapsed=202.2s
[lowmem] started lane_v2_clbf_lbac_adapted__seed_1234__ep_008_010 pid=3845860 gpu=2 domain=169 port=18378

[lowmem-progress] 2026-06-07T05:03:00 176/200 completed
[lowmem-progress] sonic_only 18 {1234: 10, 1235: 8}
[lowmem-progress] hard_contract 18 {1234: 10, 1235: 8}
[lowmem-progress] raw_critic_0p5 18 {1234: 10, 1235: 8}
[lowmem-progress] global_conformal 18 {1234: 10, 1235: 8}
[lowmem-progress] casa_a_per_skill 18 {1234: 10, 1235: 8}
[lowmem-progress] safedpa_adapted 18 {1234: 10, 1235: 8}
[lowmem-progress] pcbf_adapted 18 {1234: 10, 1235: 8}
[lowmem-progress] safer_splat_cbf_adapted 18 {1234: 10, 1235: 8}
[lowmem-progress] mpc_cbf_humanoid_adapted 16 {1234: 10, 1235: 6}
[lowmem-progress] clbf_lbac_adapted 16 {1234: 8, 1235: 8}

[lowmem-progress] 2026-06-07T05:04:00 176/200 completed
[lowmem-progress] sonic_only 18 {1234: 10, 1235: 8}
[lowmem-progress] hard_contract 18 {1234: 10, 1235: 8}
[lowmem-progress] raw_critic_0p5 18 {1234: 10, 1235: 8}
[lowmem-progress] global_conformal 18 {1234: 10, 1235: 8}
[lowmem-progress] casa_a_per_skill 18 {1234: 10, 1235: 8}
[lowmem-progress] safedpa_adapted 18 {1234: 10, 1235: 8}
[lowmem-progress] pcbf_adapted 18 {1234: 10, 1235: 8}
[lowmem-progress] safer_splat_cbf_adapted 18 {1234: 10, 1235: 8}
[lowmem-progress] mpc_cbf_humanoid_adapted 16 {1234: 10, 1235: 6}
[lowmem-progress] clbf_lbac_adapted 16 {1234: 8, 1235: 8}

[lowmem-progress] 2026-06-07T05:05:00 176/200 completed
[lowmem-progress] sonic_only 18 {1234: 10, 1235: 8}
[lowmem-progress] hard_contract 18 {1234: 10, 1235: 8}
[lowmem-progress] raw_critic_0p5 18 {1234: 10, 1235: 8}
[lowmem-progress] global_conformal 18 {1234: 10, 1235: 8}
[lowmem-progress] casa_a_per_skill 18 {1234: 10, 1235: 8}
[lowmem-progress] safedpa_adapted 18 {1234: 10, 1235: 8}
[lowmem-progress] pcbf_adapted 18 {1234: 10, 1235: 8}
[lowmem-progress] safer_splat_cbf_adapted 18 {1234: 10, 1235: 8}
[lowmem-progress] mpc_cbf_humanoid_adapted 16 {1234: 10, 1235: 6}
[lowmem-progress] clbf_lbac_adapted 16 {1234: 8, 1235: 8}

[lowmem-progress] 2026-06-07T05:06:00 177/200 completed
[lowmem-progress] sonic_only 18 {1234: 10, 1235: 8}
[lowmem-progress] hard_contract 18 {1234: 10, 1235: 8}
[lowmem-progress] raw_critic_0p5 18 {1234: 10, 1235: 8}
[lowmem-progress] global_conformal 18 {1234: 10, 1235: 8}
[lowmem-progress] casa_a_per_skill 18 {1234: 10, 1235: 8}
[lowmem-progress] safedpa_adapted 18 {1234: 10, 1235: 8}
[lowmem-progress] pcbf_adapted 18 {1234: 10, 1235: 8}
[lowmem-progress] safer_splat_cbf_adapted 18 {1234: 10, 1235: 8}
[lowmem-progress] mpc_cbf_humanoid_adapted 16 {1234: 10, 1235: 6}
[lowmem-progress] clbf_lbac_adapted 17 {1234: 9, 1235: 8}
[lowmem] finished lane_v2_clbf_lbac_adapted__seed_1234__ep_008_010 elapsed=202.2s
[lowmem] started lane_v2_sonic_only__seed_1235__ep_008_010 pid=3847893 gpu=2 domain=140 port=18380

[lowmem-progress] 2026-06-07T05:07:02 178/200 completed
[lowmem-progress] sonic_only 18 {1234: 10, 1235: 8}
[lowmem-progress] hard_contract 18 {1234: 10, 1235: 8}
[lowmem-progress] raw_critic_0p5 18 {1234: 10, 1235: 8}
[lowmem-progress] global_conformal 18 {1234: 10, 1235: 8}
[lowmem-progress] casa_a_per_skill 18 {1234: 10, 1235: 8}
[lowmem-progress] safedpa_adapted 18 {1234: 10, 1235: 8}
[lowmem-progress] pcbf_adapted 18 {1234: 10, 1235: 8}
[lowmem-progress] safer_splat_cbf_adapted 18 {1234: 10, 1235: 8}
[lowmem-progress] mpc_cbf_humanoid_adapted 16 {1234: 10, 1235: 6}
[lowmem-progress] clbf_lbac_adapted 18 {1234: 10, 1235: 8}

[lowmem-progress] 2026-06-07T05:08:02 178/200 completed
[lowmem-progress] sonic_only 18 {1234: 10, 1235: 8}
[lowmem-progress] hard_contract 18 {1234: 10, 1235: 8}
[lowmem-progress] raw_critic_0p5 18 {1234: 10, 1235: 8}
[lowmem-progress] global_conformal 18 {1234: 10, 1235: 8}
[lowmem-progress] casa_a_per_skill 18 {1234: 10, 1235: 8}
[lowmem-progress] safedpa_adapted 18 {1234: 10, 1235: 8}
[lowmem-progress] pcbf_adapted 18 {1234: 10, 1235: 8}
[lowmem-progress] safer_splat_cbf_adapted 18 {1234: 10, 1235: 8}
[lowmem-progress] mpc_cbf_humanoid_adapted 16 {1234: 10, 1235: 6}
[lowmem-progress] clbf_lbac_adapted 18 {1234: 10, 1235: 8}

[lowmem-progress] 2026-06-07T05:09:02 178/200 completed
[lowmem-progress] sonic_only 18 {1234: 10, 1235: 8}
[lowmem-progress] hard_contract 18 {1234: 10, 1235: 8}
[lowmem-progress] raw_critic_0p5 18 {1234: 10, 1235: 8}
[lowmem-progress] global_conformal 18 {1234: 10, 1235: 8}
[lowmem-progress] casa_a_per_skill 18 {1234: 10, 1235: 8}
[lowmem-progress] safedpa_adapted 18 {1234: 10, 1235: 8}
[lowmem-progress] pcbf_adapted 18 {1234: 10, 1235: 8}
[lowmem-progress] safer_splat_cbf_adapted 18 {1234: 10, 1235: 8}
[lowmem-progress] mpc_cbf_humanoid_adapted 16 {1234: 10, 1235: 6}
[lowmem-progress] clbf_lbac_adapted 18 {1234: 10, 1235: 8}
[lowmem] finished lane_v2_sonic_only__seed_1235__ep_008_010 elapsed=207.2s
[lowmem] started lane_v2_hard_contract__seed_1235__ep_008_010 pid=3849937 gpu=2 domain=141 port=18382

[lowmem-progress] 2026-06-07T05:10:05 180/200 completed
[lowmem-progress] sonic_only 20 {1234: 10, 1235: 10}
[lowmem-progress] hard_contract 18 {1234: 10, 1235: 8}
[lowmem-progress] raw_critic_0p5 18 {1234: 10, 1235: 8}
[lowmem-progress] global_conformal 18 {1234: 10, 1235: 8}
[lowmem-progress] casa_a_per_skill 18 {1234: 10, 1235: 8}
[lowmem-progress] safedpa_adapted 18 {1234: 10, 1235: 8}
[lowmem-progress] pcbf_adapted 18 {1234: 10, 1235: 8}
[lowmem-progress] safer_splat_cbf_adapted 18 {1234: 10, 1235: 8}
[lowmem-progress] mpc_cbf_humanoid_adapted 16 {1234: 10, 1235: 6}
[lowmem-progress] clbf_lbac_adapted 18 {1234: 10, 1235: 8}

[lowmem-progress] 2026-06-07T05:11:05 180/200 completed
[lowmem-progress] sonic_only 20 {1234: 10, 1235: 10}
[lowmem-progress] hard_contract 18 {1234: 10, 1235: 8}
[lowmem-progress] raw_critic_0p5 18 {1234: 10, 1235: 8}
[lowmem-progress] global_conformal 18 {1234: 10, 1235: 8}
[lowmem-progress] casa_a_per_skill 18 {1234: 10, 1235: 8}
[lowmem-progress] safedpa_adapted 18 {1234: 10, 1235: 8}
[lowmem-progress] pcbf_adapted 18 {1234: 10, 1235: 8}
[lowmem-progress] safer_splat_cbf_adapted 18 {1234: 10, 1235: 8}
[lowmem-progress] mpc_cbf_humanoid_adapted 16 {1234: 10, 1235: 6}
[lowmem-progress] clbf_lbac_adapted 18 {1234: 10, 1235: 8}

[lowmem-progress] 2026-06-07T05:12:05 180/200 completed
[lowmem-progress] sonic_only 20 {1234: 10, 1235: 10}
[lowmem-progress] hard_contract 18 {1234: 10, 1235: 8}
[lowmem-progress] raw_critic_0p5 18 {1234: 10, 1235: 8}
[lowmem-progress] global_conformal 18 {1234: 10, 1235: 8}
[lowmem-progress] casa_a_per_skill 18 {1234: 10, 1235: 8}
[lowmem-progress] safedpa_adapted 18 {1234: 10, 1235: 8}
[lowmem-progress] pcbf_adapted 18 {1234: 10, 1235: 8}
[lowmem-progress] safer_splat_cbf_adapted 18 {1234: 10, 1235: 8}
[lowmem-progress] mpc_cbf_humanoid_adapted 16 {1234: 10, 1235: 6}
[lowmem-progress] clbf_lbac_adapted 18 {1234: 10, 1235: 8}

[lowmem-progress] 2026-06-07T05:13:05 182/200 completed
[lowmem-progress] sonic_only 20 {1234: 10, 1235: 10}
[lowmem-progress] hard_contract 20 {1234: 10, 1235: 10}
[lowmem-progress] raw_critic_0p5 18 {1234: 10, 1235: 8}
[lowmem-progress] global_conformal 18 {1234: 10, 1235: 8}
[lowmem-progress] casa_a_per_skill 18 {1234: 10, 1235: 8}
[lowmem-progress] safedpa_adapted 18 {1234: 10, 1235: 8}
[lowmem-progress] pcbf_adapted 18 {1234: 10, 1235: 8}
[lowmem-progress] safer_splat_cbf_adapted 18 {1234: 10, 1235: 8}
[lowmem-progress] mpc_cbf_humanoid_adapted 16 {1234: 10, 1235: 6}
[lowmem-progress] clbf_lbac_adapted 18 {1234: 10, 1235: 8}
[lowmem] finished lane_v2_hard_contract__seed_1235__ep_008_010 elapsed=207.2s
[lowmem] started lane_v2_raw_critic_0p5__seed_1235__ep_008_010 pid=3852002 gpu=2 domain=142 port=18384

[lowmem-progress] 2026-06-07T05:14:07 182/200 completed
[lowmem-progress] sonic_only 20 {1234: 10, 1235: 10}
[lowmem-progress] hard_contract 20 {1234: 10, 1235: 10}
[lowmem-progress] raw_critic_0p5 18 {1234: 10, 1235: 8}
[lowmem-progress] global_conformal 18 {1234: 10, 1235: 8}
[lowmem-progress] casa_a_per_skill 18 {1234: 10, 1235: 8}
[lowmem-progress] safedpa_adapted 18 {1234: 10, 1235: 8}
[lowmem-progress] pcbf_adapted 18 {1234: 10, 1235: 8}
[lowmem-progress] safer_splat_cbf_adapted 18 {1234: 10, 1235: 8}
[lowmem-progress] mpc_cbf_humanoid_adapted 16 {1234: 10, 1235: 6}
[lowmem-progress] clbf_lbac_adapted 18 {1234: 10, 1235: 8}

[lowmem-progress] 2026-06-07T05:15:07 182/200 completed
[lowmem-progress] sonic_only 20 {1234: 10, 1235: 10}
[lowmem-progress] hard_contract 20 {1234: 10, 1235: 10}
[lowmem-progress] raw_critic_0p5 18 {1234: 10, 1235: 8}
[lowmem-progress] global_conformal 18 {1234: 10, 1235: 8}
[lowmem-progress] casa_a_per_skill 18 {1234: 10, 1235: 8}
[lowmem-progress] safedpa_adapted 18 {1234: 10, 1235: 8}
[lowmem-progress] pcbf_adapted 18 {1234: 10, 1235: 8}
[lowmem-progress] safer_splat_cbf_adapted 18 {1234: 10, 1235: 8}
[lowmem-progress] mpc_cbf_humanoid_adapted 16 {1234: 10, 1235: 6}
[lowmem-progress] clbf_lbac_adapted 18 {1234: 10, 1235: 8}

[lowmem-progress] 2026-06-07T05:16:07 183/200 completed
[lowmem-progress] sonic_only 20 {1234: 10, 1235: 10}
[lowmem-progress] hard_contract 20 {1234: 10, 1235: 10}
[lowmem-progress] raw_critic_0p5 19 {1234: 10, 1235: 9}
[lowmem-progress] global_conformal 18 {1234: 10, 1235: 8}
[lowmem-progress] casa_a_per_skill 18 {1234: 10, 1235: 8}
[lowmem-progress] safedpa_adapted 18 {1234: 10, 1235: 8}
[lowmem-progress] pcbf_adapted 18 {1234: 10, 1235: 8}
[lowmem-progress] safer_splat_cbf_adapted 18 {1234: 10, 1235: 8}
[lowmem-progress] mpc_cbf_humanoid_adapted 16 {1234: 10, 1235: 6}
[lowmem-progress] clbf_lbac_adapted 18 {1234: 10, 1235: 8}
[lowmem] finished lane_v2_raw_critic_0p5__seed_1235__ep_008_010 elapsed=202.2s
[lowmem] started lane_v2_global_conformal__seed_1235__ep_008_010 pid=3854151 gpu=2 domain=143 port=18386

[lowmem-progress] 2026-06-07T05:17:09 184/200 completed
[lowmem-progress] sonic_only 20 {1234: 10, 1235: 10}
[lowmem-progress] hard_contract 20 {1234: 10, 1235: 10}
[lowmem-progress] raw_critic_0p5 20 {1234: 10, 1235: 10}
[lowmem-progress] global_conformal 18 {1234: 10, 1235: 8}
[lowmem-progress] casa_a_per_skill 18 {1234: 10, 1235: 8}
[lowmem-progress] safedpa_adapted 18 {1234: 10, 1235: 8}
[lowmem-progress] pcbf_adapted 18 {1234: 10, 1235: 8}
[lowmem-progress] safer_splat_cbf_adapted 18 {1234: 10, 1235: 8}
[lowmem-progress] mpc_cbf_humanoid_adapted 16 {1234: 10, 1235: 6}
[lowmem-progress] clbf_lbac_adapted 18 {1234: 10, 1235: 8}

[lowmem-progress] 2026-06-07T05:18:09 185/200 completed
[lowmem-progress] sonic_only 20 {1234: 10, 1235: 10}
[lowmem-progress] hard_contract 20 {1234: 10, 1235: 10}
[lowmem-progress] raw_critic_0p5 20 {1234: 10, 1235: 10}
[lowmem-progress] global_conformal 19 {1234: 10, 1235: 9}
[lowmem-progress] casa_a_per_skill 18 {1234: 10, 1235: 8}
[lowmem-progress] safedpa_adapted 18 {1234: 10, 1235: 8}
[lowmem-progress] pcbf_adapted 18 {1234: 10, 1235: 8}
[lowmem-progress] safer_splat_cbf_adapted 18 {1234: 10, 1235: 8}
[lowmem-progress] mpc_cbf_humanoid_adapted 16 {1234: 10, 1235: 6}
[lowmem-progress] clbf_lbac_adapted 18 {1234: 10, 1235: 8}
[lowmem] finished lane_v2_global_conformal__seed_1235__ep_008_010 elapsed=117.1s
[lowmem] started lane_v2_casa_a_per_skill__seed_1235__ep_008_010 pid=3855291 gpu=2 domain=144 port=18388

[lowmem-progress] 2026-06-07T05:19:11 186/200 completed
[lowmem-progress] sonic_only 20 {1234: 10, 1235: 10}
[lowmem-progress] hard_contract 20 {1234: 10, 1235: 10}
[lowmem-progress] raw_critic_0p5 20 {1234: 10, 1235: 10}
[lowmem-progress] global_conformal 20 {1234: 10, 1235: 10}
[lowmem-progress] casa_a_per_skill 18 {1234: 10, 1235: 8}
[lowmem-progress] safedpa_adapted 18 {1234: 10, 1235: 8}
[lowmem-progress] pcbf_adapted 18 {1234: 10, 1235: 8}
[lowmem-progress] safer_splat_cbf_adapted 18 {1234: 10, 1235: 8}
[lowmem-progress] mpc_cbf_humanoid_adapted 16 {1234: 10, 1235: 6}
[lowmem-progress] clbf_lbac_adapted 18 {1234: 10, 1235: 8}

[lowmem-progress] 2026-06-07T05:20:11 186/200 completed
[lowmem-progress] sonic_only 20 {1234: 10, 1235: 10}
[lowmem-progress] hard_contract 20 {1234: 10, 1235: 10}
[lowmem-progress] raw_critic_0p5 20 {1234: 10, 1235: 10}
[lowmem-progress] global_conformal 20 {1234: 10, 1235: 10}
[lowmem-progress] casa_a_per_skill 18 {1234: 10, 1235: 8}
[lowmem-progress] safedpa_adapted 18 {1234: 10, 1235: 8}
[lowmem-progress] pcbf_adapted 18 {1234: 10, 1235: 8}
[lowmem-progress] safer_splat_cbf_adapted 18 {1234: 10, 1235: 8}
[lowmem-progress] mpc_cbf_humanoid_adapted 16 {1234: 10, 1235: 6}
[lowmem-progress] clbf_lbac_adapted 18 {1234: 10, 1235: 8}

[lowmem-progress] 2026-06-07T05:21:11 187/200 completed
[lowmem-progress] sonic_only 20 {1234: 10, 1235: 10}
[lowmem-progress] hard_contract 20 {1234: 10, 1235: 10}
[lowmem-progress] raw_critic_0p5 20 {1234: 10, 1235: 10}
[lowmem-progress] global_conformal 20 {1234: 10, 1235: 10}
[lowmem-progress] casa_a_per_skill 19 {1234: 10, 1235: 9}
[lowmem-progress] safedpa_adapted 18 {1234: 10, 1235: 8}
[lowmem-progress] pcbf_adapted 18 {1234: 10, 1235: 8}
[lowmem-progress] safer_splat_cbf_adapted 18 {1234: 10, 1235: 8}
[lowmem-progress] mpc_cbf_humanoid_adapted 16 {1234: 10, 1235: 6}
[lowmem-progress] clbf_lbac_adapted 18 {1234: 10, 1235: 8}
[lowmem] finished lane_v2_casa_a_per_skill__seed_1235__ep_008_010 elapsed=187.2s
[lowmem] started lane_v2_safedpa_adapted__seed_1235__ep_008_010 pid=3857157 gpu=2 domain=145 port=18390

[lowmem-progress] 2026-06-07T05:22:13 188/200 completed
[lowmem-progress] sonic_only 20 {1234: 10, 1235: 10}
[lowmem-progress] hard_contract 20 {1234: 10, 1235: 10}
[lowmem-progress] raw_critic_0p5 20 {1234: 10, 1235: 10}
[lowmem-progress] global_conformal 20 {1234: 10, 1235: 10}
[lowmem-progress] casa_a_per_skill 20 {1234: 10, 1235: 10}
[lowmem-progress] safedpa_adapted 18 {1234: 10, 1235: 8}
[lowmem-progress] pcbf_adapted 18 {1234: 10, 1235: 8}
[lowmem-progress] safer_splat_cbf_adapted 18 {1234: 10, 1235: 8}
[lowmem-progress] mpc_cbf_humanoid_adapted 16 {1234: 10, 1235: 6}
[lowmem-progress] clbf_lbac_adapted 18 {1234: 10, 1235: 8}

[lowmem-progress] 2026-06-07T05:23:13 188/200 completed
[lowmem-progress] sonic_only 20 {1234: 10, 1235: 10}
[lowmem-progress] hard_contract 20 {1234: 10, 1235: 10}
[lowmem-progress] raw_critic_0p5 20 {1234: 10, 1235: 10}
[lowmem-progress] global_conformal 20 {1234: 10, 1235: 10}
[lowmem-progress] casa_a_per_skill 20 {1234: 10, 1235: 10}
[lowmem-progress] safedpa_adapted 18 {1234: 10, 1235: 8}
[lowmem-progress] pcbf_adapted 18 {1234: 10, 1235: 8}
[lowmem-progress] safer_splat_cbf_adapted 18 {1234: 10, 1235: 8}
[lowmem-progress] mpc_cbf_humanoid_adapted 16 {1234: 10, 1235: 6}
[lowmem-progress] clbf_lbac_adapted 18 {1234: 10, 1235: 8}

[lowmem-progress] 2026-06-07T05:24:13 188/200 completed
[lowmem-progress] sonic_only 20 {1234: 10, 1235: 10}
[lowmem-progress] hard_contract 20 {1234: 10, 1235: 10}
[lowmem-progress] raw_critic_0p5 20 {1234: 10, 1235: 10}
[lowmem-progress] global_conformal 20 {1234: 10, 1235: 10}
[lowmem-progress] casa_a_per_skill 20 {1234: 10, 1235: 10}
[lowmem-progress] safedpa_adapted 18 {1234: 10, 1235: 8}
[lowmem-progress] pcbf_adapted 18 {1234: 10, 1235: 8}
[lowmem-progress] safer_splat_cbf_adapted 18 {1234: 10, 1235: 8}
[lowmem-progress] mpc_cbf_humanoid_adapted 16 {1234: 10, 1235: 6}
[lowmem-progress] clbf_lbac_adapted 18 {1234: 10, 1235: 8}
[lowmem] finished lane_v2_safedpa_adapted__seed_1235__ep_008_010 elapsed=202.2s
[lowmem] started lane_v2_pcbf_adapted__seed_1235__ep_008_010 pid=3859147 gpu=2 domain=146 port=18392

[lowmem-progress] 2026-06-07T05:25:15 190/200 completed
[lowmem-progress] sonic_only 20 {1234: 10, 1235: 10}
[lowmem-progress] hard_contract 20 {1234: 10, 1235: 10}
[lowmem-progress] raw_critic_0p5 20 {1234: 10, 1235: 10}
[lowmem-progress] global_conformal 20 {1234: 10, 1235: 10}
[lowmem-progress] casa_a_per_skill 20 {1234: 10, 1235: 10}
[lowmem-progress] safedpa_adapted 20 {1234: 10, 1235: 10}
[lowmem-progress] pcbf_adapted 18 {1234: 10, 1235: 8}
[lowmem-progress] safer_splat_cbf_adapted 18 {1234: 10, 1235: 8}
[lowmem-progress] mpc_cbf_humanoid_adapted 16 {1234: 10, 1235: 6}
[lowmem-progress] clbf_lbac_adapted 18 {1234: 10, 1235: 8}

[lowmem-progress] 2026-06-07T05:26:16 190/200 completed
[lowmem-progress] sonic_only 20 {1234: 10, 1235: 10}
[lowmem-progress] hard_contract 20 {1234: 10, 1235: 10}
[lowmem-progress] raw_critic_0p5 20 {1234: 10, 1235: 10}
[lowmem-progress] global_conformal 20 {1234: 10, 1235: 10}
[lowmem-progress] casa_a_per_skill 20 {1234: 10, 1235: 10}
[lowmem-progress] safedpa_adapted 20 {1234: 10, 1235: 10}
[lowmem-progress] pcbf_adapted 18 {1234: 10, 1235: 8}
[lowmem-progress] safer_splat_cbf_adapted 18 {1234: 10, 1235: 8}
[lowmem-progress] mpc_cbf_humanoid_adapted 16 {1234: 10, 1235: 6}
[lowmem-progress] clbf_lbac_adapted 18 {1234: 10, 1235: 8}

[lowmem-progress] 2026-06-07T05:27:16 190/200 completed
[lowmem-progress] sonic_only 20 {1234: 10, 1235: 10}
[lowmem-progress] hard_contract 20 {1234: 10, 1235: 10}
[lowmem-progress] raw_critic_0p5 20 {1234: 10, 1235: 10}
[lowmem-progress] global_conformal 20 {1234: 10, 1235: 10}
[lowmem-progress] casa_a_per_skill 20 {1234: 10, 1235: 10}
[lowmem-progress] safedpa_adapted 20 {1234: 10, 1235: 10}
[lowmem-progress] pcbf_adapted 18 {1234: 10, 1235: 8}
[lowmem-progress] safer_splat_cbf_adapted 18 {1234: 10, 1235: 8}
[lowmem-progress] mpc_cbf_humanoid_adapted 16 {1234: 10, 1235: 6}
[lowmem-progress] clbf_lbac_adapted 18 {1234: 10, 1235: 8}

[lowmem-progress] 2026-06-07T05:28:16 191/200 completed
[lowmem-progress] sonic_only 20 {1234: 10, 1235: 10}
[lowmem-progress] hard_contract 20 {1234: 10, 1235: 10}
[lowmem-progress] raw_critic_0p5 20 {1234: 10, 1235: 10}
[lowmem-progress] global_conformal 20 {1234: 10, 1235: 10}
[lowmem-progress] casa_a_per_skill 20 {1234: 10, 1235: 10}
[lowmem-progress] safedpa_adapted 20 {1234: 10, 1235: 10}
[lowmem-progress] pcbf_adapted 19 {1234: 10, 1235: 9}
[lowmem-progress] safer_splat_cbf_adapted 18 {1234: 10, 1235: 8}
[lowmem-progress] mpc_cbf_humanoid_adapted 16 {1234: 10, 1235: 6}
[lowmem-progress] clbf_lbac_adapted 18 {1234: 10, 1235: 8}
[lowmem] finished lane_v2_pcbf_adapted__seed_1235__ep_008_010 elapsed=207.2s
[lowmem] started lane_v2_safer_splat_cbf_adapted__seed_1235__ep_008_010 pid=3861214 gpu=2 domain=147 port=18394

[lowmem-progress] 2026-06-07T05:29:18 192/200 completed
[lowmem-progress] sonic_only 20 {1234: 10, 1235: 10}
[lowmem-progress] hard_contract 20 {1234: 10, 1235: 10}
[lowmem-progress] raw_critic_0p5 20 {1234: 10, 1235: 10}
[lowmem-progress] global_conformal 20 {1234: 10, 1235: 10}
[lowmem-progress] casa_a_per_skill 20 {1234: 10, 1235: 10}
[lowmem-progress] safedpa_adapted 20 {1234: 10, 1235: 10}
[lowmem-progress] pcbf_adapted 20 {1234: 10, 1235: 10}
[lowmem-progress] safer_splat_cbf_adapted 18 {1234: 10, 1235: 8}
[lowmem-progress] mpc_cbf_humanoid_adapted 16 {1234: 10, 1235: 6}
[lowmem-progress] clbf_lbac_adapted 18 {1234: 10, 1235: 8}

[lowmem-progress] 2026-06-07T05:30:18 192/200 completed
[lowmem-progress] sonic_only 20 {1234: 10, 1235: 10}
[lowmem-progress] hard_contract 20 {1234: 10, 1235: 10}
[lowmem-progress] raw_critic_0p5 20 {1234: 10, 1235: 10}
[lowmem-progress] global_conformal 20 {1234: 10, 1235: 10}
[lowmem-progress] casa_a_per_skill 20 {1234: 10, 1235: 10}
[lowmem-progress] safedpa_adapted 20 {1234: 10, 1235: 10}
[lowmem-progress] pcbf_adapted 20 {1234: 10, 1235: 10}
[lowmem-progress] safer_splat_cbf_adapted 18 {1234: 10, 1235: 8}
[lowmem-progress] mpc_cbf_humanoid_adapted 16 {1234: 10, 1235: 6}
[lowmem-progress] clbf_lbac_adapted 18 {1234: 10, 1235: 8}

[lowmem-progress] 2026-06-07T05:31:18 193/200 completed
[lowmem-progress] sonic_only 20 {1234: 10, 1235: 10}
[lowmem-progress] hard_contract 20 {1234: 10, 1235: 10}
[lowmem-progress] raw_critic_0p5 20 {1234: 10, 1235: 10}
[lowmem-progress] global_conformal 20 {1234: 10, 1235: 10}
[lowmem-progress] casa_a_per_skill 20 {1234: 10, 1235: 10}
[lowmem-progress] safedpa_adapted 20 {1234: 10, 1235: 10}
[lowmem-progress] pcbf_adapted 20 {1234: 10, 1235: 10}
[lowmem-progress] safer_splat_cbf_adapted 19 {1234: 10, 1235: 9}
[lowmem-progress] mpc_cbf_humanoid_adapted 16 {1234: 10, 1235: 6}
[lowmem-progress] clbf_lbac_adapted 18 {1234: 10, 1235: 8}
[lowmem] finished lane_v2_safer_splat_cbf_adapted__seed_1235__ep_008_010 elapsed=202.2s
[lowmem] started lane_v2_mpc_cbf_humanoid_adapted__seed_1235__ep_008_010 pid=3863247 gpu=2 domain=148 port=18396

[lowmem-progress] 2026-06-07T05:32:20 194/200 completed
[lowmem-progress] sonic_only 20 {1234: 10, 1235: 10}
[lowmem-progress] hard_contract 20 {1234: 10, 1235: 10}
[lowmem-progress] raw_critic_0p5 20 {1234: 10, 1235: 10}
[lowmem-progress] global_conformal 20 {1234: 10, 1235: 10}
[lowmem-progress] casa_a_per_skill 20 {1234: 10, 1235: 10}
[lowmem-progress] safedpa_adapted 20 {1234: 10, 1235: 10}
[lowmem-progress] pcbf_adapted 20 {1234: 10, 1235: 10}
[lowmem-progress] safer_splat_cbf_adapted 20 {1234: 10, 1235: 10}
[lowmem-progress] mpc_cbf_humanoid_adapted 16 {1234: 10, 1235: 6}
[lowmem-progress] clbf_lbac_adapted 18 {1234: 10, 1235: 8}

[lowmem-progress] 2026-06-07T05:33:20 194/200 completed
[lowmem-progress] sonic_only 20 {1234: 10, 1235: 10}
[lowmem-progress] hard_contract 20 {1234: 10, 1235: 10}
[lowmem-progress] raw_critic_0p5 20 {1234: 10, 1235: 10}
[lowmem-progress] global_conformal 20 {1234: 10, 1235: 10}
[lowmem-progress] casa_a_per_skill 20 {1234: 10, 1235: 10}
[lowmem-progress] safedpa_adapted 20 {1234: 10, 1235: 10}
[lowmem-progress] pcbf_adapted 20 {1234: 10, 1235: 10}
[lowmem-progress] safer_splat_cbf_adapted 20 {1234: 10, 1235: 10}
[lowmem-progress] mpc_cbf_humanoid_adapted 16 {1234: 10, 1235: 6}
[lowmem-progress] clbf_lbac_adapted 18 {1234: 10, 1235: 8}

[lowmem-progress] 2026-06-07T05:34:20 194/200 completed
[lowmem-progress] sonic_only 20 {1234: 10, 1235: 10}
[lowmem-progress] hard_contract 20 {1234: 10, 1235: 10}
[lowmem-progress] raw_critic_0p5 20 {1234: 10, 1235: 10}
[lowmem-progress] global_conformal 20 {1234: 10, 1235: 10}
[lowmem-progress] casa_a_per_skill 20 {1234: 10, 1235: 10}
[lowmem-progress] safedpa_adapted 20 {1234: 10, 1235: 10}
[lowmem-progress] pcbf_adapted 20 {1234: 10, 1235: 10}
[lowmem-progress] safer_splat_cbf_adapted 20 {1234: 10, 1235: 10}
[lowmem-progress] mpc_cbf_humanoid_adapted 16 {1234: 10, 1235: 6}
[lowmem-progress] clbf_lbac_adapted 18 {1234: 10, 1235: 8}
[lowmem] finished lane_v2_mpc_cbf_humanoid_adapted__seed_1235__ep_008_010 elapsed=202.2s
[lowmem] started lane_v2_clbf_lbac_adapted__seed_1235__ep_008_010 pid=3865280 gpu=2 domain=149 port=18398

[lowmem-progress] 2026-06-07T05:35:22 196/200 completed
[lowmem-progress] sonic_only 20 {1234: 10, 1235: 10}
[lowmem-progress] hard_contract 20 {1234: 10, 1235: 10}
[lowmem-progress] raw_critic_0p5 20 {1234: 10, 1235: 10}
[lowmem-progress] global_conformal 20 {1234: 10, 1235: 10}
[lowmem-progress] casa_a_per_skill 20 {1234: 10, 1235: 10}
[lowmem-progress] safedpa_adapted 20 {1234: 10, 1235: 10}
[lowmem-progress] pcbf_adapted 20 {1234: 10, 1235: 10}
[lowmem-progress] safer_splat_cbf_adapted 20 {1234: 10, 1235: 10}
[lowmem-progress] mpc_cbf_humanoid_adapted 18 {1234: 10, 1235: 8}
[lowmem-progress] clbf_lbac_adapted 18 {1234: 10, 1235: 8}

[lowmem-progress] 2026-06-07T05:36:22 196/200 completed
[lowmem-progress] sonic_only 20 {1234: 10, 1235: 10}
[lowmem-progress] hard_contract 20 {1234: 10, 1235: 10}
[lowmem-progress] raw_critic_0p5 20 {1234: 10, 1235: 10}
[lowmem-progress] global_conformal 20 {1234: 10, 1235: 10}
[lowmem-progress] casa_a_per_skill 20 {1234: 10, 1235: 10}
[lowmem-progress] safedpa_adapted 20 {1234: 10, 1235: 10}
[lowmem-progress] pcbf_adapted 20 {1234: 10, 1235: 10}
[lowmem-progress] safer_splat_cbf_adapted 20 {1234: 10, 1235: 10}
[lowmem-progress] mpc_cbf_humanoid_adapted 18 {1234: 10, 1235: 8}
[lowmem-progress] clbf_lbac_adapted 18 {1234: 10, 1235: 8}

[lowmem-progress] 2026-06-07T05:37:22 196/200 completed
[lowmem-progress] sonic_only 20 {1234: 10, 1235: 10}
[lowmem-progress] hard_contract 20 {1234: 10, 1235: 10}
[lowmem-progress] raw_critic_0p5 20 {1234: 10, 1235: 10}
[lowmem-progress] global_conformal 20 {1234: 10, 1235: 10}
[lowmem-progress] casa_a_per_skill 20 {1234: 10, 1235: 10}
[lowmem-progress] safedpa_adapted 20 {1234: 10, 1235: 10}
[lowmem-progress] pcbf_adapted 20 {1234: 10, 1235: 10}
[lowmem-progress] safer_splat_cbf_adapted 20 {1234: 10, 1235: 10}
[lowmem-progress] mpc_cbf_humanoid_adapted 18 {1234: 10, 1235: 8}
[lowmem-progress] clbf_lbac_adapted 18 {1234: 10, 1235: 8}

[lowmem-progress] 2026-06-07T05:38:22 197/200 completed
[lowmem-progress] sonic_only 20 {1234: 10, 1235: 10}
[lowmem-progress] hard_contract 20 {1234: 10, 1235: 10}
[lowmem-progress] raw_critic_0p5 20 {1234: 10, 1235: 10}
[lowmem-progress] global_conformal 20 {1234: 10, 1235: 10}
[lowmem-progress] casa_a_per_skill 20 {1234: 10, 1235: 10}
[lowmem-progress] safedpa_adapted 20 {1234: 10, 1235: 10}
[lowmem-progress] pcbf_adapted 20 {1234: 10, 1235: 10}
[lowmem-progress] safer_splat_cbf_adapted 20 {1234: 10, 1235: 10}
[lowmem-progress] mpc_cbf_humanoid_adapted 18 {1234: 10, 1235: 8}
[lowmem-progress] clbf_lbac_adapted 19 {1234: 10, 1235: 9}
[lowmem] finished lane_v2_clbf_lbac_adapted__seed_1235__ep_008_010 elapsed=202.2s
[lowmem] sweep=2/6 jobs=1 missing_episodes=2 completed=198/200 max_parallel=1 chunk_size=2
[lowmem] started lane_v2_mpc_cbf_humanoid_adapted__seed_1235__ep_006_008 pid=3867277 gpu=2 domain=140 port=18200

[lowmem-progress] 2026-06-07T05:38:34 198/200 completed
[lowmem-progress] sonic_only 20 {1234: 10, 1235: 10}
[lowmem-progress] hard_contract 20 {1234: 10, 1235: 10}
[lowmem-progress] raw_critic_0p5 20 {1234: 10, 1235: 10}
[lowmem-progress] global_conformal 20 {1234: 10, 1235: 10}
[lowmem-progress] casa_a_per_skill 20 {1234: 10, 1235: 10}
[lowmem-progress] safedpa_adapted 20 {1234: 10, 1235: 10}
[lowmem-progress] pcbf_adapted 20 {1234: 10, 1235: 10}
[lowmem-progress] safer_splat_cbf_adapted 20 {1234: 10, 1235: 10}
[lowmem-progress] mpc_cbf_humanoid_adapted 18 {1234: 10, 1235: 8}
[lowmem-progress] clbf_lbac_adapted 20 {1234: 10, 1235: 10}

[lowmem-progress] 2026-06-07T05:39:34 198/200 completed
[lowmem-progress] sonic_only 20 {1234: 10, 1235: 10}
[lowmem-progress] hard_contract 20 {1234: 10, 1235: 10}
[lowmem-progress] raw_critic_0p5 20 {1234: 10, 1235: 10}
[lowmem-progress] global_conformal 20 {1234: 10, 1235: 10}
[lowmem-progress] casa_a_per_skill 20 {1234: 10, 1235: 10}
[lowmem-progress] safedpa_adapted 20 {1234: 10, 1235: 10}
[lowmem-progress] pcbf_adapted 20 {1234: 10, 1235: 10}
[lowmem-progress] safer_splat_cbf_adapted 20 {1234: 10, 1235: 10}
[lowmem-progress] mpc_cbf_humanoid_adapted 18 {1234: 10, 1235: 8}
[lowmem-progress] clbf_lbac_adapted 20 {1234: 10, 1235: 10}

[lowmem-progress] 2026-06-07T05:40:34 198/200 completed
[lowmem-progress] sonic_only 20 {1234: 10, 1235: 10}
[lowmem-progress] hard_contract 20 {1234: 10, 1235: 10}
[lowmem-progress] raw_critic_0p5 20 {1234: 10, 1235: 10}
[lowmem-progress] global_conformal 20 {1234: 10, 1235: 10}
[lowmem-progress] casa_a_per_skill 20 {1234: 10, 1235: 10}
[lowmem-progress] safedpa_adapted 20 {1234: 10, 1235: 10}
[lowmem-progress] pcbf_adapted 20 {1234: 10, 1235: 10}
[lowmem-progress] safer_splat_cbf_adapted 20 {1234: 10, 1235: 10}
[lowmem-progress] mpc_cbf_humanoid_adapted 18 {1234: 10, 1235: 8}
[lowmem-progress] clbf_lbac_adapted 20 {1234: 10, 1235: 10}

[lowmem-progress] 2026-06-07T05:41:35 199/200 completed
[lowmem-progress] sonic_only 20 {1234: 10, 1235: 10}
[lowmem-progress] hard_contract 20 {1234: 10, 1235: 10}
[lowmem-progress] raw_critic_0p5 20 {1234: 10, 1235: 10}
[lowmem-progress] global_conformal 20 {1234: 10, 1235: 10}
[lowmem-progress] casa_a_per_skill 20 {1234: 10, 1235: 10}
[lowmem-progress] safedpa_adapted 20 {1234: 10, 1235: 10}
[lowmem-progress] pcbf_adapted 20 {1234: 10, 1235: 10}
[lowmem-progress] safer_splat_cbf_adapted 20 {1234: 10, 1235: 10}
[lowmem-progress] mpc_cbf_humanoid_adapted 19 {1234: 10, 1235: 9}
[lowmem-progress] clbf_lbac_adapted 20 {1234: 10, 1235: 10}
[lowmem] finished lane_v2_mpc_cbf_humanoid_adapted__seed_1235__ep_006_008 elapsed=192.2s
[lowmem] completed unique episodes=200/200
[lowmem] merging: .venv_sim/bin/python gear_sonic/scripts/casa_merge_phase5_online_results.py --online-root /mnt/data/students/lph/recording/codex_goal_full_sota_online_comparison_20260606_235526/online/large_stage1_2seed10ep_all_methods --output-dir /mnt/data/students/lph/recording/codex_goal_full_sota_online_comparison_20260606_235526/online/large_stage1_2seed10ep_all_methods/merged --expected-episodes 200 --expected-methods sonic_only,hard_contract,raw_critic_0p5,global_conformal,casa_a_per_skill,safedpa_adapted,pcbf_adapted,safer_splat_cbf_adapted,mpc_cbf_humanoid_adapted,clbf_lbac_adapted --expected-seeds 1234,1235 --episodes-per-seed 10 --skills-per-episode 8 --casa-method casa_a_per_skill
{
  "actionable_blockers": [],
  "blocking_reasons": [],
  "checks": {
    "all_episodes_completed": true,
    "all_expected_methods_present": true,
    "all_initial_upright_ok": true,
    "casa_task_success_drop_abs_le_10pp": true,
    "casa_task_success_drop_rel_le_30pct": true,
    "casa_vs_hard_unsafe_reduction_ge_20pct_or_undefined": true,
    "casa_vs_sonic_unsafe_reduction_ge_40pct": true,
    "each_completed_episode_has_expected_decisions": true,
    "expected_episode_count_met": true,
    "expected_method_seed_episode_grid_complete": true,
    "gate_decisions_present": true,
    "online_artifacts_schema_valid": true,
    "per_skill_decision_coverage_present": true
  },
  "completed_count": 200,
  "deduped_decision_row_count": 1600,
  "deduped_episode_row_count": 200,
  "diagnostics": {
    "artifact_validation": {
      "completed_episode_count": 200,
      "decision_count": 1600,
      "decision_rows_valid": true,
      "episode_count": 200,
      "episode_rows_valid": true,
      "expected_grid_available": true,
      "expected_grid_count": 200,
      "extra_expected_episode_count": 0,
      "extra_expected_episode_examples": [],
      "missing_decision_episode_count": 0,
      "missing_decision_episode_examples": [],
      "missing_expected_episode_count": 0,
      "missing_expected_episode_examples": [],
      "missing_per_skill_coverage": [],
      "per_skill_decision_counts": {
        "casa_a_per_skill": {
          "gesture": 20,
          "passive": 40,
          "turn": 40,
          "walk": 60
        },
        "clbf_lbac_adapted": {
          "gesture": 20,
          "passive": 40,
          "turn": 40,
          "walk": 60
        },
        "global_conformal": {
          "gesture": 20,
          "passive": 40,
          "turn": 40,
          "walk": 60
        },
        "hard_contract": {
          "gesture": 20,
          "passive": 40,
          "turn": 40,
          "walk": 60
        },
        "mpc_cbf_humanoid_adapted": {
          "gesture": 20,
          "passive": 40,
          "turn": 40,
          "walk": 60
        },
        "pcbf_adapted": {
          "gesture": 20,
          "passive": 40,
          "turn": 40,
          "walk": 60
        },
        "raw_critic_0p5": {
          "gesture": 20,
          "passive": 40,
          "turn": 40,
          "walk": 60
        },
        "safedpa_adapted": {
          "gesture": 20,
          "passive": 40,
          "turn": 40,
          "walk": 60
        },
        "safer_splat_cbf_adapted": {
          "gesture": 20,
          "passive": 40,
          "turn": 40,
          "walk": 60
        },
        "sonic_only": {
          "gesture": 20,
          "passive": 40,
          "turn": 40,
          "walk": 60
        }
      }
    },
    "baseline_comparisons": {
      "casa_vs_global": {
        "baseline_fallback_rate_per_episode": 3.8,
        "baseline_method": "global_conformal",
        "baseline_task_success_rate": 0.2,
        "baseline_unsafe_invocation_count": 88,
        "method": "casa_a_per_skill",
        "method_fallback_rate_per_episode": 3.9,
        "method_task_success_rate": 0.2,
        "method_unsafe_invocation_count": 73,
        "task_success_drop_abs": 0.0,
        "task_success_drop_rel": 0.0,
        "unsafe_reduction": 0.17045454545454544
      },
      "casa_vs_hard": {
        "baseline_fallback_rate_per_episode": 5.9,
        "baseline_method": "hard_contract",
        "baseline_task_success_rate": 0.0,
        "baseline_unsafe_invocation_count": 143,
        "method": "casa_a_per_skill",
        "method_fallback_rate_per_episode": 3.9,
        "method_task_success_rate": 0.2,
        "method_unsafe_invocation_count": 73,
        "task_success_drop_abs": -0.2,
        "task_success_drop_rel": 0.0,
        "unsafe_reduction": 0.48951048951048953
      },
      "casa_vs_raw_critic": {
        "baseline_fallback_rate_per_episode": 4.0,
        "baseline_method": "raw_critic_0p5",
        "baseline_task_success_rate": 0.4,
        "baseline_unsafe_invocation_count": 58,
        "method": "casa_a_per_skill",
        "method_fallback_rate_per_episode": 3.9,
        "method_task_success_rate": 0.2,
        "method_unsafe_invocation_count": 73,
        "task_success_drop_abs": 0.2,
        "task_success_drop_rel": 0.5,
        "unsafe_reduction": -0.25862068965517243
      },
      "casa_vs_sonic": {
        "baseline_fallback_rate_per_episode": 0.0,
        "baseline_method": "sonic_only",
        "baseline_task_success_rate": 0.05,
        "baseline_unsafe_invocation_count": 140,
        "method": "casa_a_per_skill",
        "method_fallback_rate_per_episode": 3.9,
        "method_task_success_rate": 0.2,
        "method_unsafe_invocation_count": 73,
        "task_success_drop_abs": -0.15000000000000002,
        "task_success_drop_rel": -3.0000000000000004,
        "unsafe_reduction": 0.4785714285714286
      }
    },
    "confidence_intervals": {
      "casa_a_per_skill": {
        "task_success_rate_wilson_95": {
          "high": 0.41602172202575993,
          "low": 0.0806563532712
        },
        "unsafe_invocation_rate_per_episode": 3.65
      },
      "clbf_lbac_adapted": {
        "task_success_rate_wilson_95": {
          "high": 0.30103820641179335,
          "low": 0.027865893984153206
        },
        "unsafe_invocation_rate_per_episode": 6.1
      },
      "global_conformal": {
        "task_success_rate_wilson_95": {
          "high": 0.41602172202575993,
          "low": 0.0806563532712
        },
        "unsafe_invocation_rate_per_episode": 4.4
      },
      "hard_contract": {
        "task_success_rate_wilson_95": {
          "high": 0.1611301254949332,
          "low": 0.0
        },
        "unsafe_invocation_rate_per_episode": 7.15
      },
      "mpc_cbf_humanoid_adapted": {
        "task_success_rate_wilson_95": {
          "high": 0.854524726031006,
          "low": 0.4810232237710206
        },
        "unsafe_invocation_rate_per_episode": 1.65
      },
      "pcbf_adapted": {
        "task_success_rate_wilson_95": {
          "high": 0.36042329588695743,
          "low": 0.05236779195949584
        },
        "unsafe_invocation_rate_per_episode": 4.35
      },
      "raw_critic_0p5": {
        "task_success_rate_wilson_95": {
          "high": 0.613422057684794,
          "low": 0.21880396741419272
        },
        "unsafe_invocation_rate_per_episode": 2.9
      },
      "safedpa_adapted": {
        "task_success_rate_wilson_95": {
          "high": 0.4687050099580636,
          "low": 0.11186005278940309
        },
        "unsafe_invocation_rate_per_episode": 3.05
      },
      "safer_splat_cbf_adapted": {
        "task_success_rate_wilson_95": {
          "high": 0.23613589351256675,
          "low": 0.008881219432873136
        },
        "unsafe_invocation_rate_per_episode": 6.6
      },
      "sonic_only": {
        "task_success_rate_wilson_95": {
          "high": 0.23613589351256675,
          "low": 0.008881219432873136
        },
        "unsafe_invocation_rate_per_episode": 7.0
      }
    },
    "criteria": {
      "episodes_per_seed": 10,
      "expected_episodes": 200,
      "expected_methods": [
        "sonic_only",
        "hard_contract",
        "raw_critic_0p5",
        "global_conformal",
        "casa_a_per_skill",
        "safedpa_adapted",
        "pcbf_adapted",
        "safer_splat_cbf_adapted",
        "mpc_cbf_humanoid_adapted",
        "clbf_lbac_adapted"
      ],
      "expected_seeds": [
        1234,
        1235
      ],
      "max_fallback_rate_per_episode": 2.0,
      "max_reject_rate": 0.5,
      "max_task_success_drop_abs": 0.1,
      "max_task_success_drop_rel": 0.3,
      "max_walk_reject_rate": 0.75,
      "min_global_task_progress_advantage": 0.1,
      "min_global_unsafe_reduction": 0.1,
      "min_hard_unsafe_reduction": 0.2,
      "min_raw_unsafe_reduction": 0.1,
      "min_sonic_unsafe_reduction": 0.4,
      "skills_per_episode": 8,
      "strict_plan_a_claim": false
    },
    "deduped_decision_row_count": 1600,
    "deduped_episode_row_count": 200,
    "fallback_reject_budget": {
      "checks": {
        "fallback_rate_per_episode_within_budget": false,
        "reject_rate_within_budget": true,
        "walk_reject_rate_within_budget": true
      },
      "decision_count": 160,
      "fallback_count": 78,
      "fallback_rate_per_episode": 3.9,
      "intervention_rate": 0.4875,
      "labeled_reject_count": 78,
      "method": "casa_a_per_skill",
      "per_skill_fallback_rate": {
        "gesture": 0.0,
        "passive": 0.375,
        "turn": 0.5,
        "walk": 0.7166666666666667
      },
      "per_skill_reject_rate": {
        "gesture": 0.0,
        "passive": 0.375,
        "turn": 0.5,
        "walk": 0.7166666666666667
      },
      "recovery_only_rate": 1.0,
      "reject_count": 78,
      "reject_rate_per_decision": 0.4875,
      "safe_rejection_count": 35,
      "safe_rejection_rate": 0.44871794871794873,
      "thresholds": {
        "max_fallback_rate_per_episode": 2.0,
        "max_reject_rate": 0.5,
        "max_walk_reject_rate": 0.75
      },
      "walk_reject_rate": 0.7166666666666667
    },
    "lane_summary_count": 100,
    "matched_budget_comparison": {
      "baseline_budget_value": 3.8,
      "baseline_method": "global_conformal",
      "baseline_task_progress_success": 0.525,
      "baseline_unsafe": 88,
      "budget_gap": 0.10000000000000009,
      "budget_type": "fallback_rate_per_episode",
      "budget_value": 3.9,
      "casa_task_progress_success": 0.5125,
      "casa_unsafe": 73,
      "global_task_progress_success": 0.525,
      "global_unsafe": 88,
      "matched": true,
      "method": "casa_a_per_skill",
      "note": "Observed-budget diagnostic only; run a threshold sweep to construct a true Pareto matched-intervention frontier.",
      "relative_tolerance": 0.1,
      "winner": "casa_a_per_skill"
    },
    "per_skill_decisions": {
      "casa_a_per_skill": {
        "gesture": {
          "decision_count": 20,
          "fallback_count": 0,
          "fallback_rate": 0.0,
          "hard_contract_fixed_reject_count": 4,
          "raw_critic_risk_max": 0.9999988079071045,
          "raw_critic_risk_mean": 0.4488833010150756,
          "raw_critic_risk_min": 1.0232512977381703e-05,
          "reject_count": 0,
          "reject_rate": 0.0,
          "result_status_counts": {
            "success": 20
          }
        },
        "passive": {
          "decision_count": 40,
          "fallback_count": 15,
          "fallback_rate": 0.375,
          "hard_contract_fixed_reject_count": 14,
          "raw_critic_risk_max": 0.9999978542327881,
          "raw_critic_risk_mean": 0.581449479787284,
          "raw_critic_risk_min": 1.3979800314700697e-05,
          "reject_count": 15,
          "reject_rate": 0.375,
          "result_status_counts": {
            "failed": 3,
            "success": 37
          }
        },
        "turn": {
          "decision_count": 40,
          "fallback_count": 20,
          "fallback_rate": 0.5,
          "hard_contract_fixed_reject_count": 12,
          "raw_critic_risk_max": 0.9999980926513672,
          "raw_critic_risk_mean": 0.5765601483611136,
          "raw_critic_risk_min": 3.1024599593365565e-05,
          "reject_count": 20,
          "reject_rate": 0.5,
          "result_status_counts": {
            "failed": 11,
            "success": 29
          }
        },
        "walk": {
          "decision_count": 60,
          "fallback_count": 43,
          "fallback_rate": 0.7166666666666667,
          "hard_contract_fixed_reject_count": 18,
          "raw_critic_risk_max": 0.9999986886978149,
          "raw_critic_risk_mean": 0.8768302738375496,
          "raw_critic_risk_min": 0.001793990028090775,
          "reject_count": 43,
          "reject_rate": 0.7166666666666667,
          "result_status_counts": {
            "failed": 1,
            "success": 59
          }
        }
      },
      "clbf_lbac_adapted": {
        "gesture": {
          "decision_count": 20,
          "fallback_count": 14,
          "fallback_rate": 0.7,
          "hard_contract_fixed_reject_count": 14,
          "raw_critic_risk_max": 0.9999995231628418,
          "raw_critic_risk_mean": 0.8998415867715266,
          "raw_critic_risk_min": 2.7223517463426106e-05,
          "reject_count": 14,
          "reject_rate": 0.7,
          "result_status_counts": {
            "failed": 4,
            "success": 16
          }
        },
        "passive": {
          "decision_count": 40,
          "fallback_count": 27,
          "fallback_rate": 0.675,
          "hard_contract_fixed_reject_count": 27,
          "raw_critic_risk_max": 0.9999995231628418,
          "raw_critic_risk_mean": 0.8554878913524817,
          "raw_critic_risk_min": 9.770848009793554e-06,
          "reject_count": 27,
          "reject_rate": 0.675,
          "result_status_counts": {
            "failed": 5,
            "success": 35
          }
        },
        "turn": {
          "decision_count": 40,
          "fallback_count": 27,
          "fallback_rate": 0.675,
          "hard_contract_fixed_reject_count": 27,
          "raw_critic_risk_max": 0.9999994039535522,
          "raw_critic_risk_mean": 0.8924781466172135,
          "raw_critic_risk_min": 0.00012870068894699216,
          "reject_count": 27,
          "reject_rate": 0.675,
          "result_status_counts": {
            "failed": 14,
            "success": 26
          }
        },
        "walk": {
          "decision_count": 60,
          "fallback_count": 38,
          "fallback_rate": 0.6333333333333333,
          "hard_contract_fixed_reject_count": 26,
          "raw_critic_risk_max": 0.9999995231628418,
          "raw_critic_risk_mean": 0.993132151166598,
          "raw_critic_risk_min": 0.7653676271438599,
          "reject_count": 38,
          "reject_rate": 0.6333333333333333,
          "result_status_counts": {
            "failed": 4,
            "success": 56
          }
        }
      },
      "global_conformal": {
        "gesture": {
          "decision_count": 20,
          "fallback_count": 8,
          "fallback_rate": 0.4,
          "hard_contract_fixed_reject_count": 9,
          "raw_critic_risk_max": 0.9999992847442627,
          "raw_critic_risk_mean": 0.5997225446624725,
          "raw_critic_risk_min": 1.0454887160449289e-05,
          "reject_count": 8,
          "reject_rate": 0.4,
          "result_status_counts": {
            "failed": 3,
            "success": 17
          }
        },
        "passive": {
          "decision_count": 40,
          "fallback_count": 15,
          "fallback_rate": 0.375,
          "hard_contract_fixed_reject_count": 19,
          "raw_critic_risk_max": 0.999998927116394,
          "raw_critic_risk_mean": 0.684485278691227,
          "raw_critic_risk_min": 1.3635843060910702e-05,
          "reject_count": 15,
          "reject_rate": 0.375,
          "result_status_counts": {
            "failed": 3,
            "success": 37
          }
        },
        "turn": {
          "decision_count": 40,
          "fallback_count": 16,
          "fallback_rate": 0.4,
          "hard_contract_fixed_reject_count": 16,
          "raw_critic_risk_max": 0.9999994039535522,
          "raw_critic_risk_mean": 0.6965306724943275,
          "raw_critic_risk_min": 2.9590741178253666e-05,
          "reject_count": 16,
          "reject_rate": 0.4,
          "result_status_counts": {
            "failed": 8,
            "success": 32
          }
        },
        "walk": {
          "decision_count": 60,
          "fallback_count": 37,
          "fallback_rate": 0.6166666666666667,
          "hard_contract_fixed_reject_count": 21,
          "raw_critic_risk_max": 0.9999994039535522,
          "raw_critic_risk_mean": 0.9188651159619137,
          "raw_critic_risk_min": 0.001466707675717771,
          "reject_count": 37,
          "reject_rate": 0.6166666666666667,
          "result_status_counts": {
            "failed": 2,
            "success": 58
          }
        }
      },
      "hard_contract": {
        "gesture": {
          "decision_count": 20,
          "fallback_count": 17,
          "fallback_rate": 0.85,
          "hard_contract_fixed_reject_count": 17,
          "raw_critic_risk_max": 0.9999995231628418,
          "raw_critic_risk_mean": 0.9947885543107986,
          "raw_critic_risk_min": 0.8970034718513489,
          "reject_count": 17,
          "reject_rate": 0.85,
          "result_status_counts": {
            "failed": 3,
            "success": 17
          }
        },
        "passive": {
          "decision_count": 40,
          "fallback_count": 34,
          "fallback_rate": 0.85,
          "hard_contract_fixed_reject_count": 34,
          "raw_critic_risk_max": 0.9999995231628418,
          "raw_critic_risk_mean": 0.9703081382009714,
          "raw_critic_risk_min": 1.5428437109221704e-05,
          "reject_count": 34,
          "reject_rate": 0.85,
          "result_status_counts": {
            "failed": 3,
            "success": 37
          }
        },
        "turn": {
          "decision_count": 40,
          "fallback_count": 33,
          "fallback_rate": 0.825,
          "hard_contract_fixed_reject_count": 33,
          "raw_critic_risk_max": 0.9999994039535522,
          "raw_critic_risk_mean": 0.9413614283316292,
          "raw_critic_risk_min": 2.8632583052967675e-05,
          "reject_count": 33,
          "reject_rate": 0.825,
          "result_status_counts": {
            "failed": 8,
            "success": 32
          }
        },
        "walk": {
          "decision_count": 60,
          "fallback_count": 34,
          "fallback_rate": 0.5666666666666667,
          "hard_contract_fixed_reject_count": 34,
          "raw_critic_risk_max": 0.9999995231628418,
          "raw_critic_risk_mean": 0.9981302271286646,
          "raw_critic_risk_min": 0.9103139638900757,
          "reject_count": 34,
          "reject_rate": 0.5666666666666667,
          "result_status_counts": {
            "failed": 1,
            "success": 59
          }
        }
      },
      "mpc_cbf_humanoid_adapted": {
        "gesture": {
          "decision_count": 20,
          "fallback_count": 6,
          "fallback_rate": 0.3,
          "hard_contract_fixed_reject_count": 4,
          "raw_critic_risk_max": 0.9999988079071045,
          "raw_critic_risk_mean": 0.1989286350558359,
          "raw_critic_risk_min": 5.133665126777487e-06,
          "reject_count": 6,
          "reject_rate": 0.3,
          "result_status_counts": {
            "failed": 4,
            "success": 16
          }
        },
        "passive": {
          "decision_count": 40,
          "fallback_count": 6,
          "fallback_rate": 0.15,
          "hard_contract_fixed_reject_count": 6,
          "raw_critic_risk_max": 0.9999954700469971,
          "raw_critic_risk_mean": 0.17669204512637862,
          "raw_critic_risk_min": 8.135943971865345e-06,
          "reject_count": 6,
          "reject_rate": 0.15,
          "result_status_counts": {
            "failed": 2,
            "success": 38
          }
        },
        "turn": {
          "decision_count": 40,
          "fallback_count": 6,
          "fallback_rate": 0.15,
          "hard_contract_fixed_reject_count": 6,
          "raw_critic_risk_max": 0.9999961853027344,
          "raw_critic_risk_mean": 0.23220750378593494,
          "raw_critic_risk_min": 1.27210269056377e-05,
          "reject_count": 6,
          "reject_rate": 0.15,
          "result_status_counts": {
            "failed": 5,
            "success": 35
          }
        },
        "walk": {
          "decision_count": 60,
          "fallback_count": 54,
          "fallback_rate": 0.9,
          "hard_contract_fixed_reject_count": 10,
          "raw_critic_risk_max": 0.9999986886978149,
          "raw_critic_risk_mean": 0.8062190785659671,
          "raw_critic_risk_min": 0.0002980977005790919,
          "reject_count": 54,
          "reject_rate": 0.9,
          "result_status_counts": {
            "failed": 3,
            "success": 57
          }
        }
      },
      "pcbf_adapted": {
        "gesture": {
          "decision_count": 20,
          "fallback_count": 6,
          "fallback_rate": 0.3,
          "hard_contract_fixed_reject_count": 6,
          "raw_critic_risk_max": 0.9999988079071045,
          "raw_critic_risk_mean": 0.4498939635485385,
          "raw_critic_risk_min": 1.0343191206629854e-05,
          "reject_count": 6,
          "reject_rate": 0.3,
          "result_status_counts": {
            "failed": 3,
            "success": 17
          }
        },
        "passive": {
          "decision_count": 40,
          "fallback_count": 17,
          "fallback_rate": 0.425,
          "hard_contract_fixed_reject_count": 17,
          "raw_critic_risk_max": 0.9999957084655762,
          "raw_critic_risk_mean": 0.6037061239361492,
          "raw_critic_risk_min": 1.3555495570471976e-05,
          "reject_count": 17,
          "reject_rate": 0.425,
          "result_status_counts": {
            "failed": 4,
            "success": 36
          }
        },
        "turn": {
          "decision_count": 40,
          "fallback_count": 13,
          "fallback_rate": 0.325,
          "hard_contract_fixed_reject_count": 13,
          "raw_critic_risk_max": 0.9999994039535522,
          "raw_critic_risk_mean": 0.591064919515793,
          "raw_critic_risk_min": 2.3283912014449015e-05,
          "reject_count": 13,
          "reject_rate": 0.325,
          "result_status_counts": {
            "failed": 6,
            "success": 34
          }
        },
        "walk": {
          "decision_count": 60,
          "fallback_count": 43,
          "fallback_rate": 0.7166666666666667,
          "hard_contract_fixed_reject_count": 20,
          "raw_critic_risk_max": 0.9999986886978149,
          "raw_critic_risk_mean": 0.8642283590006021,
          "raw_critic_risk_min": 0.0023343085777014494,
          "reject_count": 43,
          "reject_rate": 0.7166666666666667,
          "result_status_counts": {
            "failed": 1,
            "success": 59
          }
        }
      },
      "raw_critic_0p5": {
        "gesture": {
          "decision_count": 20,
          "fallback_count": 4,
          "fallback_rate": 0.2,
          "hard_contract_fixed_reject_count": 4,
          "raw_critic_risk_max": 0.9999974966049194,
          "raw_critic_risk_mean": 0.2000720116272646,
          "raw_critic_risk_min": 3.5489481433614856e-06,
          "reject_count": 4,
          "reject_rate": 0.2,
          "result_status_counts": {
            "failed": 4,
            "success": 16
          }
        },
        "passive": {
          "decision_count": 40,
          "fallback_count": 13,
          "fallback_rate": 0.325,
          "hard_contract_fixed_reject_count": 12,
          "raw_critic_risk_max": 0.9999988079071045,
          "raw_critic_risk_mean": 0.34283542986826204,
          "raw_critic_risk_min": 5.331724878487876e-06,
          "reject_count": 13,
          "reject_rate": 0.325,
          "result_status_counts": {
            "failed": 2,
            "success": 38
          }
        },
        "turn": {
          "decision_count": 40,
          "fallback_count": 15,
          "fallback_rate": 0.375,
          "hard_contract_fixed_reject_count": 10,
          "raw_critic_risk_max": 0.9999991655349731,
          "raw_critic_risk_mean": 0.38075494020249606,
          "raw_critic_risk_min": 1.3735032553086057e-05,
          "reject_count": 15,
          "reject_rate": 0.375,
          "result_status_counts": {
            "failed": 7,
            "success": 33
          }
        },
        "walk": {
          "decision_count": 60,
          "fallback_count": 48,
          "fallback_rate": 0.8,
          "hard_contract_fixed_reject_count": 16,
          "raw_critic_risk_max": 0.9999994039535522,
          "raw_critic_risk_mean": 0.8057288659319359,
          "raw_critic_risk_min": 0.0002918190439231694,
          "reject_count": 48,
          "reject_rate": 0.8,
          "result_status_counts": {
            "failed": 3,
            "success": 57
          }
        }
      },
      "safedpa_adapted": {
        "gesture": {
          "decision_count": 20,
          "fallback_count": 4,
          "fallback_rate": 0.2,
          "hard_contract_fixed_reject_count": 4,
          "raw_critic_risk_max": 0.9999980926513672,
          "raw_critic_risk_mean": 0.24997655685895098,
          "raw_critic_risk_min": 7.037952400423819e-06,
          "reject_count": 4,
          "reject_rate": 0.2,
          "result_status_counts": {
            "failed": 3,
            "success": 17
          }
        },
        "passive": {
          "decision_count": 40,
          "fallback_count": 11,
          "fallback_rate": 0.275,
          "hard_contract_fixed_reject_count": 11,
          "raw_critic_risk_max": 0.9999980926513672,
          "raw_critic_risk_mean": 0.355257576521808,
          "raw_critic_risk_min": 8.025652277865447e-06,
          "reject_count": 11,
          "reject_rate": 0.275,
          "result_status_counts": {
            "failed": 4,
            "success": 36
          }
        },
        "turn": {
          "decision_count": 40,
          "fallback_count": 11,
          "fallback_rate": 0.275,
          "hard_contract_fixed_reject_count": 11,
          "raw_critic_risk_max": 0.9999977350234985,
          "raw_critic_risk_mean": 0.42026800174594425,
          "raw_critic_risk_min": 1.4569895938620903e-05,
          "reject_count": 11,
          "reject_rate": 0.275,
          "result_status_counts": {
            "failed": 9,
            "success": 31
          }
        },
        "walk": {
          "decision_count": 60,
          "fallback_count": 40,
          "fallback_rate": 0.6666666666666666,
          "hard_contract_fixed_reject_count": 15,
          "raw_critic_risk_max": 0.9999990463256836,
          "raw_critic_risk_mean": 0.8277673084487712,
          "raw_critic_risk_min": 0.00020905284327454865,
          "reject_count": 40,
          "reject_rate": 0.6666666666666666,
          "result_status_counts": {
            "failed": 1,
            "success": 59
          }
        }
      },
      "safer_splat_cbf_adapted": {
        "gesture": {
          "decision_count": 20,
          "fallback_count": 13,
          "fallback_rate": 0.65,
          "hard_contract_fixed_reject_count": 13,
          "raw_critic_risk_max": 0.9999994039535522,
          "raw_critic_risk_mean": 0.8596695298705527,
          "raw_critic_risk_min": 3.386390380910598e-05,
          "reject_count": 13,
          "reject_rate": 0.65,
          "result_status_counts": {
            "failed": 2,
            "success": 18
          }
        },
        "passive": {
          "decision_count": 40,
          "fallback_count": 29,
          "fallback_rate": 0.725,
          "hard_contract_fixed_reject_count": 29,
          "raw_critic_risk_max": 0.9999992847442627,
          "raw_critic_risk_mean": 0.8675044949568473,
          "raw_critic_risk_min": 0.00011132065992569551,
          "reject_count": 29,
          "reject_rate": 0.725,
          "result_status_counts": {
            "failed": 4,
            "success": 36
          }
        },
        "turn": {
          "decision_count": 40,
          "fallback_count": 28,
          "fallback_rate": 0.7,
          "hard_contract_fixed_reject_count": 28,
          "raw_critic_risk_max": 0.9999994039535522,
          "raw_critic_risk_mean": 0.8723316714887914,
          "raw_critic_risk_min": 0.0002814648614730686,
          "reject_count": 28,
          "reject_rate": 0.7,
          "result_status_counts": {
            "failed": 8,
            "success": 32
          }
        },
        "walk": {
          "decision_count": 60,
          "fallback_count": 37,
          "fallback_rate": 0.6166666666666667,
          "hard_contract_fixed_reject_count": 32,
          "raw_critic_risk_max": 0.9999994039535522,
          "raw_critic_risk_mean": 0.9981677393118541,
          "raw_critic_risk_min": 0.9128265976905823,
          "reject_count": 37,
          "reject_rate": 0.6166666666666667,
          "result_status_counts": {
            "failed": 1,
            "success": 59
          }
        }
      },
      "sonic_only": {
        "gesture": {
          "decision_count": 20,
          "fallback_count": 0,
          "fallback_rate": 0.0,
          "hard_contract_fixed_reject_count": 16,
          "raw_critic_risk_max": 0.9999991655349731,
          "raw_critic_risk_mean": 0.9998388946056366,
          "raw_critic_risk_min": 0.9980643391609192,
          "reject_count": 0,
          "reject_rate": 0.0,
          "result_status_counts": {
            "failed": 1,
            "success": 19
          }
        },
        "passive": {
          "decision_count": 40,
          "fallback_count": 0,
          "fallback_rate": 0.0,
          "hard_contract_fixed_reject_count": 33,
          "raw_critic_risk_max": 0.9999994039535522,
          "raw_critic_risk_mean": 0.9982825443148613,
          "raw_critic_risk_min": 0.9577867984771729,
          "reject_count": 0,
          "reject_rate": 0.0,
          "result_status_counts": {
            "failed": 6,
            "success": 34
          }
        },
        "turn": {
          "decision_count": 40,
          "fallback_count": 0,
          "fallback_rate": 0.0,
          "hard_contract_fixed_reject_count": 32,
          "raw_critic_risk_max": 0.9999992847442627,
          "raw_critic_risk_mean": 0.9792659804224968,
          "raw_critic_risk_min": 0.5868963003158569,
          "reject_count": 0,
          "reject_rate": 0.0,
          "result_status_counts": {
            "failed": 5,
            "success": 35
          }
        },
        "walk": {
          "decision_count": 60,
          "fallback_count": 0,
          "fallback_rate": 0.0,
          "hard_contract_fixed_reject_count": 31,
          "raw_critic_risk_max": 0.999998927116394,
          "raw_critic_risk_mean": 0.9982728699843089,
          "raw_critic_risk_min": 0.915141224861145,
          "reject_count": 0,
          "reject_rate": 0.0,
          "result_status_counts": {
            "failed": 3,
            "success": 57
          }
        }
      }
    },
    "per_skill_online_labels": {
      "by_method_skill": {
        "casa_a_per_skill": {
          "gesture": {
            "safe": 13,
            "total": 20,
            "unsafe": 7
          },
          "passive": {
            "safe": 53,
            "total": 103,
            "unsafe": 50
          },
          "turn": {
            "safe": 16,
            "total": 20,
            "unsafe": 4
          },
          "walk": {
            "safe": 5,
            "total": 17,
            "unsafe": 12
          }
        },
        "clbf_lbac_adapted": {
          "gesture": {
            "safe": 4,
            "total": 6,
            "unsafe": 2
          },
          "passive": {
            "safe": 19,
            "total": 119,
            "unsafe": 100
          },
          "turn": {
            "safe": 11,
            "total": 13,
            "unsafe": 2
          },
          "walk": {
            "safe": 4,
            "total": 22,
            "unsafe": 18
          }
        },
        "global_conformal": {
          "gesture": {
            "safe": 7,
            "total": 12,
            "unsafe": 5
          },
          "passive": {
            "safe": 39,
            "total": 101,
            "unsafe": 62
          },
          "turn": {
            "safe": 19,
            "total": 24,
            "unsafe": 5
          },
          "walk": {
            "safe": 7,
            "total": 23,
            "unsafe": 16
          }
        },
        "hard_contract": {
          "gesture": {
            "safe": 0,
            "total": 3,
            "unsafe": 3
          },
          "passive": {
            "safe": 4,
            "total": 124,
            "unsafe": 120
          },
          "turn": {
            "safe": 6,
            "total": 7,
            "unsafe": 1
          },
          "walk": {
            "safe": 7,
            "total": 26,
            "unsafe": 19
          }
        },
        "mpc_cbf_humanoid_adapted": {
          "gesture": {
            "safe": 14,
            "total": 14,
            "unsafe": 0
          },
          "passive": {
            "safe": 76,
            "total": 106,
            "unsafe": 30
          },
          "turn": {
            "safe": 33,
            "total": 34,
            "unsafe": 1
          },
          "walk": {
            "safe": 4,
            "total": 6,
            "unsafe": 2
          }
        },
        "pcbf_adapted": {
          "gesture": {
            "safe": 10,
            "total": 14,
            "unsafe": 4
          },
          "passive": {
            "safe": 37,
            "total": 102,
            "unsafe": 65
          },
          "turn": {
            "safe": 21,
            "total": 27,
            "unsafe": 6
          },
          "walk": {
            "safe": 5,
            "total": 17,
            "unsafe": 12
          }
        },
        "raw_critic_0p5": {
          "gesture": {
            "safe": 15,
            "total": 16,
            "unsafe": 1
          },
          "passive": {
            "safe": 60,
            "total": 107,
            "unsafe": 47
          },
          "turn": {
            "safe": 23,
            "total": 25,
            "unsafe": 2
          },
          "walk": {
            "safe": 4,
            "total": 12,
            "unsafe": 8
          }
        },
        "safedpa_adapted": {
          "gesture": {
            "safe": 15,
            "total": 16,
            "unsafe": 1
          },
          "passive": {
            "safe": 49,
            "total": 95,
            "unsafe": 46
          },
          "turn": {
            "safe": 26,
            "total": 29,
            "unsafe": 3
          },
          "walk": {
            "safe": 9,
            "total": 20,
            "unsafe": 11
          }
        },
        "safer_splat_cbf_adapted": {
          "gesture": {
            "safe": 2,
            "total": 7,
            "unsafe": 5
          },
          "passive": {
            "safe": 10,
            "total": 118,
            "unsafe": 108
          },
          "turn": {
            "safe": 9,
            "total": 12,
            "unsafe": 3
          },
          "walk": {
            "safe": 7,
            "total": 23,
            "unsafe": 16
          }
        },
        "sonic_only": {
          "gesture": {
            "safe": 1,
            "total": 20,
            "unsafe": 19
          },
          "passive": {
            "safe": 5,
            "total": 40,
            "unsafe": 35
          },
          "turn": {
            "safe": 6,
            "total": 40,
            "unsafe": 34
          },
          "walk": {
            "safe": 8,
            "total": 60,
            "unsafe": 52
          }
        }
      },
      "loaded_rollout_summary_count": 200,
      "malformed_rollout_summary_count": 0,
      "missing_rollout_summary_count": 0
    },
    "policy_execution": {
      "hard_or_extra_rejects": 139,
      "hard_or_extra_safe_rejects": 0,
      "hard_or_reject_rate": 0.355625,
      "receding_segment_count_mean": 1.0,
      "recovery_only_segment_rate": 1.0,
      "retry_success_rate": null,
      "retry_unsafe_rate": null,
      "task_progress_ratio": 0.51125
    },
    "raw_decision_row_count": 1600,
    "raw_episode_row_count": 200,
    "strict_plan_a_claim": {
      "blocking_reasons": [
        "casa_vs_raw_critic_unsafe_reduction_below_threshold",
        "casa_fallback_rate_exceeds_strict_plan_a_budget"
      ],
      "casa_method": "casa_a_per_skill",
      "checks": {
        "all_five_original_methods_present": true,
        "casa_vs_global_advantage": true,
        "casa_vs_hard_unsafe_reduction": true,
        "casa_vs_raw_critic_unsafe_reduction": false,
        "fallback_rate_budget": false,
        "matched_budget_comparison_present": true,
        "original_casa_method": true,
        "reject_rate_budget": true,
        "task_success_split_fields_present": true,
        "walk_reject_rate_budget": true
      },
      "expected_methods": [
        "sonic_only",
        "hard_contract",
        "raw_critic_0p5",
        "global_conformal",
        "casa_a_per_skill",
        "safedpa_adapted",
        "pcbf_adapted",
        "safer_splat_cbf_adapted",
        "mpc_cbf_humanoid_adapted",
        "clbf_lbac_adapted"
      ],
      "fallback_reject_budget": {
        "checks": {
          "fallback_rate_per_episode_within_budget": false,
          "reject_rate_within_budget": true,
          "walk_reject_rate_within_budget": true
        },
        "decision_count": 160,
        "fallback_count": 78,
        "fallback_rate_per_episode": 3.9,
        "intervention_rate": 0.4875,
        "labeled_reject_count": 78,
        "method": "casa_a_per_skill",
        "per_skill_fallback_rate": {
          "gesture": 0.0,
          "passive": 0.375,
          "turn": 0.5,
          "walk": 0.7166666666666667
        },
        "per_skill_reject_rate": {
          "gesture": 0.0,
          "passive": 0.375,
          "turn": 0.5,
          "walk": 0.7166666666666667
        },
        "recovery_only_rate": 1.0,
        "reject_count": 78,
        "reject_rate_per_decision": 0.4875,
        "safe_rejection_count": 35,
        "safe_rejection_rate": 0.44871794871794873,
        "thresholds": {
          "max_fallback_rate_per_episode": 2.0,
          "max_reject_rate": 0.5,
          "max_walk_reject_rate": 0.75
        },
        "walk_reject_rate": 0.7166666666666667
      },
      "global_advantage_evidence": {
        "casa_task_progress_success_rate": 0.5125,
        "global_task_progress_success_rate": 0.525,
        "task_progress_advantage": -0.012500000000000067,
        "unsafe_reduction": 0.17045454545454544
      },
      "go": false,
      "matched_budget_comparison": {
        "baseline_budget_value": 3.8,
        "baseline_method": "global_conformal",
        "baseline_task_progress_success": 0.525,
        "baseline_unsafe": 88,
        "budget_gap": 0.10000000000000009,
        "budget_type": "fallback_rate_per_episode",
        "budget_value": 3.9,
        "casa_task_progress_success": 0.5125,
        "casa_unsafe": 73,
        "global_task_progress_success": 0.525,
        "global_unsafe": 88,
        "matched": true,
        "method": "casa_a_per_skill",
        "note": "Observed-budget diagnostic only; run a threshold sweep to construct a true Pareto matched-intervention frontier.",
        "relative_tolerance": 0.1,
        "winner": "casa_a_per_skill"
      },
      "method_kind": "original_plan_a",
      "original_plan_a_methods": [
        "sonic_only",
        "hard_contract",
        "raw_critic_0p5",
        "global_conformal",
        "casa_a_per_skill"
      ],
      "present_methods": [
        "casa_a_per_skill",
        "clbf_lbac_adapted",
        "global_conformal",
        "hard_contract",
        "mpc_cbf_humanoid_adapted",
        "pcbf_adapted",
        "raw_critic_0p5",
        "safedpa_adapted",
        "safer_splat_cbf_adapted",
        "sonic_only"
      ],
      "status": "STRICT_PLAN_A_NO_GO",
      "thresholds": {
        "min_global_task_progress_advantage": 0.1,
        "min_global_unsafe_reduction": 0.1,
        "min_hard_unsafe_reduction": 0.2,
        "min_raw_unsafe_reduction": 0.1
      },
      "variant_methods_present": []
    }
  },
  "episode_count": 200,
  "expected_episodes": 200,
  "gate_decision_count": 1600,
  "go": true,
  "lane_summaries": [
    {
      "domain_id": 144,
      "episode_end_exclusive": 2,
      "episode_start": 0,
      "episodes_per_seed": 2,
      "expected_artifacts": [
        "online/online_episode_results.csv",
        "online/gate_decisions.csv",
        "online/method_summary.json",
        "lane_summary.json"
      ],
      "methods": [
        "casa_a_per_skill"
      ],
      "online_dir": "/mnt/data/students/lph/recording/codex_goal_full_sota_online_comparison_20260606_235526/online/large_stage1_2seed10ep_all_methods/lane_v2_casa_a_per_skill__seed_1234__ep_000_002/online",
      "online_policy": {
        "adaptive_retry_count": 1,
        "fallback_policy": "auto",
        "max_segment_duration": 0.5,
        "method_order_seed": 0,
        "randomize_method_order": false,
        "recheck_before_segment": false,
        "segment_long_skills": false,
        "threshold_scale_by_skill": "",
        "threshold_scale_global": 1.0
      },
      "output_dir": "/mnt/data/students/lph/recording/codex_goal_full_sota_online_comparison_20260606_235526/online/large_stage1_2seed10ep_all_methods/lane_v2_casa_a_per_skill__seed_1234__ep_000_002",
      "phase4_root": "/mnt/data/students/lph/GR00T-WholeBodyControl/outputs/casa/phase4_dataset_v1_strict_50k_20260522",
      "phase5_root": "/mnt/data/students/lph/GR00T-WholeBodyControl/outputs/casa/phase5_conformal_baselines_20260522",
      "policy_checkpoint_dir": "/tmp/casa_upload_worktree/gear_sonic_deploy/policy/release",
      "run_id": "phase5_online_v2_casa_a_per_skill_1234_000_002_20260523",
      "seeds": [
        1234
      ],
      "sim_scene": "gear_sonic/data/robot_model/model_data/g1/scene_casa_v1.xml",
      "zmq_out_port": 18209,
      "zmq_port": 18208
    },
    {
      "domain_id": 164,
      "episode_end_exclusive": 4,
      "episode_start": 2,
      "episodes_per_seed": 2,
      "expected_artifacts": [
        "online/online_episode_results.csv",
        "online/gate_decisions.csv",
        "online/method_summary.json",
        "lane_summary.json"
      ],
      "methods": [
        "casa_a_per_skill"
      ],
      "online_dir": "/mnt/data/students/lph/recording/codex_goal_full_sota_online_comparison_20260606_235526/online/large_stage1_2seed10ep_all_methods/lane_v2_casa_a_per_skill__seed_1234__ep_002_004/online",
      "online_policy": {
        "adaptive_retry_count": 1,
        "fallback_policy": "auto",
        "max_segment_duration": 0.5,
        "method_order_seed": 0,
        "randomize_method_order": false,
        "recheck_before_segment": false,
        "segment_long_skills": false,
        "threshold_scale_by_skill": "",
        "threshold_scale_global": 1.0
      },
      "output_dir": "/mnt/data/students/lph/recording/codex_goal_full_sota_online_comparison_20260606_235526/online/large_stage1_2seed10ep_all_methods/lane_v2_casa_a_per_skill__seed_1234__ep_002_004",
      "phase4_root": "/mnt/data/students/lph/GR00T-WholeBodyControl/outputs/casa/phase4_dataset_v1_strict_50k_20260522",
      "phase5_root": "/mnt/data/students/lph/GR00T-WholeBodyControl/outputs/casa/phase5_conformal_baselines_20260522",
      "policy_checkpoint_dir": "/tmp/casa_upload_worktree/gear_sonic_deploy/policy/release",
      "run_id": "phase5_online_v2_casa_a_per_skill_1234_002_004_20260523",
      "seeds": [
        1234
      ],
      "sim_scene": "gear_sonic/data/robot_model/model_data/g1/scene_casa_v1.xml",
      "zmq_out_port": 18249,
      "zmq_port": 18248
    },
    {
      "domain_id": 154,
      "episode_end_exclusive": 6,
      "episode_start": 4,
      "episodes_per_seed": 2,
      "expected_artifacts": [
        "online/online_episode_results.csv",
        "online/gate_decisions.csv",
        "online/method_summary.json",
        "lane_summary.json"
      ],
      "methods": [
        "casa_a_per_skill"
      ],
      "online_dir": "/mnt/data/students/lph/recording/codex_goal_full_sota_online_comparison_20260606_235526/online/large_stage1_2seed10ep_all_methods/lane_v2_casa_a_per_skill__seed_1234__ep_004_006/online",
      "online_policy": {
        "adaptive_retry_count": 1,
        "fallback_policy": "auto",
        "max_segment_duration": 0.5,
        "method_order_seed": 0,
        "randomize_method_order": false,
        "recheck_before_segment": false,
        "segment_long_skills": false,
        "threshold_scale_by_skill": "",
        "threshold_scale_global": 1.0
      },
      "output_dir": "/mnt/data/students/lph/recording/codex_goal_full_sota_online_comparison_20260606_235526/online/large_stage1_2seed10ep_all_methods/lane_v2_casa_a_per_skill__seed_1234__ep_004_006",
      "phase4_root": "/mnt/data/students/lph/GR00T-WholeBodyControl/outputs/casa/phase4_dataset_v1_strict_50k_20260522",
      "phase5_root": "/mnt/data/students/lph/GR00T-WholeBodyControl/outputs/casa/phase5_conformal_baselines_20260522",
      "policy_checkpoint_dir": "/tmp/casa_upload_worktree/gear_sonic_deploy/policy/release",
      "run_id": "phase5_online_v2_casa_a_per_skill_1234_004_006_20260523",
      "seeds": [
        1234
      ],
      "sim_scene": "gear_sonic/data/robot_model/model_data/g1/scene_casa_v1.xml",
      "zmq_out_port": 18289,
      "zmq_port": 18288
    },
    {
      "domain_id": 144,
      "episode_end_exclusive": 8,
      "episode_start": 6,
      "episodes_per_seed": 2,
      "expected_artifacts": [
        "online/online_episode_results.csv",
        "online/gate_decisions.csv",
        "online/method_summary.json",
        "lane_summary.json"
      ],
      "methods": [
        "casa_a_per_skill"
      ],
      "online_dir": "/mnt/data/students/lph/recording/codex_goal_full_sota_online_comparison_20260606_235526/online/large_stage1_2seed10ep_all_methods/lane_v2_casa_a_per_skill__seed_1234__ep_006_008/online",
      "online_policy": {
        "adaptive_retry_count": 1,
        "fallback_policy": "auto",
        "max_segment_duration": 0.5,
        "method_order_seed": 0,
        "randomize_method_order": false,
        "recheck_before_segment": false,
        "segment_long_skills": false,
        "threshold_scale_by_skill": "",
        "threshold_scale_global": 1.0
      },
      "output_dir": "/mnt/data/students/lph/recording/codex_goal_full_sota_online_comparison_20260606_235526/online/large_stage1_2seed10ep_all_methods/lane_v2_casa_a_per_skill__seed_1234__ep_006_008",
      "phase4_root": "/mnt/data/students/lph/GR00T-WholeBodyControl/outputs/casa/phase4_dataset_v1_strict_50k_20260522",
      "phase5_root": "/mnt/data/students/lph/GR00T-WholeBodyControl/outputs/casa/phase5_conformal_baselines_20260522",
      "policy_checkpoint_dir": "/tmp/casa_upload_worktree/gear_sonic_deploy/policy/release",
      "run_id": "phase5_online_v2_casa_a_per_skill_1234_006_008_20260523",
      "seeds": [
        1234
      ],
      "sim_scene": "gear_sonic/data/robot_model/model_data/g1/scene_casa_v1.xml",
      "zmq_out_port": 18329,
      "zmq_port": 18328
    },
    {
      "domain_id": 164,
      "episode_end_exclusive": 10,
      "episode_start": 8,
      "episodes_per_seed": 2,
      "expected_artifacts": [
        "online/online_episode_results.csv",
        "online/gate_decisions.csv",
        "online/method_summary.json",
        "lane_summary.json"
      ],
      "methods": [
        "casa_a_per_skill"
      ],
      "online_dir": "/mnt/data/students/lph/recording/codex_goal_full_sota_online_comparison_20260606_235526/online/large_stage1_2seed10ep_all_methods/lane_v2_casa_a_per_skill__seed_1234__ep_008_010/online",
      "online_policy": {
        "adaptive_retry_count": 1,
        "fallback_policy": "auto",
        "max_segment_duration": 0.5,
        "method_order_seed": 0,
        "randomize_method_order": false,
        "recheck_before_segment": false,
        "segment_long_skills": false,
        "threshold_scale_by_skill": "",
        "threshold_scale_global": 1.0
      },
      "output_dir": "/mnt/data/students/lph/recording/codex_goal_full_sota_online_comparison_20260606_235526/online/large_stage1_2seed10ep_all_methods/lane_v2_casa_a_per_skill__seed_1234__ep_008_010",
      "phase4_root": "/mnt/data/students/lph/GR00T-WholeBodyControl/outputs/casa/phase4_dataset_v1_strict_50k_20260522",
      "phase5_root": "/mnt/data/students/lph/GR00T-WholeBodyControl/outputs/casa/phase5_conformal_baselines_20260522",
      "policy_checkpoint_dir": "/tmp/casa_upload_worktree/gear_sonic_deploy/policy/release",
      "run_id": "phase5_online_v2_casa_a_per_skill_1234_008_010_20260523",
      "seeds": [
        1234
      ],
      "sim_scene": "gear_sonic/data/robot_model/model_data/g1/scene_casa_v1.xml",
      "zmq_out_port": 18369,
      "zmq_port": 18368
    },
    {
      "domain_id": 154,
      "episode_end_exclusive": 2,
      "episode_start": 0,
      "episodes_per_seed": 2,
      "expected_artifacts": [
        "online/online_episode_results.csv",
        "online/gate_decisions.csv",
        "online/method_summary.json",
        "lane_summary.json"
      ],
      "methods": [
        "casa_a_per_skill"
      ],
      "online_dir": "/mnt/data/students/lph/recording/codex_goal_full_sota_online_comparison_20260606_235526/online/large_stage1_2seed10ep_all_methods/lane_v2_casa_a_per_skill__seed_1235__ep_000_002/online",
      "online_policy": {
        "adaptive_retry_count": 1,
        "fallback_policy": "auto",
        "max_segment_duration": 0.5,
        "method_order_seed": 0,
        "randomize_method_order": false,
        "recheck_before_segment": false,
        "segment_long_skills": false,
        "threshold_scale_by_skill": "",
        "threshold_scale_global": 1.0
      },
      "output_dir": "/mnt/data/students/lph/recording/codex_goal_full_sota_online_comparison_20260606_235526/online/large_stage1_2seed10ep_all_methods/lane_v2_casa_a_per_skill__seed_1235__ep_000_002",
      "phase4_root": "/mnt/data/students/lph/GR00T-WholeBodyControl/outputs/casa/phase4_dataset_v1_strict_50k_20260522",
      "phase5_root": "/mnt/data/students/lph/GR00T-WholeBodyControl/outputs/casa/phase5_conformal_baselines_20260522",
      "policy_checkpoint_dir": "/tmp/casa_upload_worktree/gear_sonic_deploy/policy/release",
      "run_id": "phase5_online_v2_casa_a_per_skill_1235_000_002_20260523",
      "seeds": [
        1235
      ],
      "sim_scene": "gear_sonic/data/robot_model/model_data/g1/scene_casa_v1.xml",
      "zmq_out_port": 18229,
      "zmq_port": 18228
    },
    {
      "domain_id": 144,
      "episode_end_exclusive": 4,
      "episode_start": 2,
      "episodes_per_seed": 2,
      "expected_artifacts": [
        "online/online_episode_results.csv",
        "online/gate_decisions.csv",
        "online/method_summary.json",
        "lane_summary.json"
      ],
      "methods": [
        "casa_a_per_skill"
      ],
      "online_dir": "/mnt/data/students/lph/recording/codex_goal_full_sota_online_comparison_20260606_235526/online/large_stage1_2seed10ep_all_methods/lane_v2_casa_a_per_skill__seed_1235__ep_002_004/online",
      "online_policy": {
        "adaptive_retry_count": 1,
        "fallback_policy": "auto",
        "max_segment_duration": 0.5,
        "method_order_seed": 0,
        "randomize_method_order": false,
        "recheck_before_segment": false,
        "segment_long_skills": false,
        "threshold_scale_by_skill": "",
        "threshold_scale_global": 1.0
      },
      "output_dir": "/mnt/data/students/lph/recording/codex_goal_full_sota_online_comparison_20260606_235526/online/large_stage1_2seed10ep_all_methods/lane_v2_casa_a_per_skill__seed_1235__ep_002_004",
      "phase4_root": "/mnt/data/students/lph/GR00T-WholeBodyControl/outputs/casa/phase4_dataset_v1_strict_50k_20260522",
      "phase5_root": "/mnt/data/students/lph/GR00T-WholeBodyControl/outputs/casa/phase5_conformal_baselines_20260522",
      "policy_checkpoint_dir": "/tmp/casa_upload_worktree/gear_sonic_deploy/policy/release",
      "run_id": "phase5_online_v2_casa_a_per_skill_1235_002_004_20260523",
      "seeds": [
        1235
      ],
      "sim_scene": "gear_sonic/data/robot_model/model_data/g1/scene_casa_v1.xml",
      "zmq_out_port": 18269,
      "zmq_port": 18268
    },
    {
      "domain_id": 164,
      "episode_end_exclusive": 6,
      "episode_start": 4,
      "episodes_per_seed": 2,
      "expected_artifacts": [
        "online/online_episode_results.csv",
        "online/gate_decisions.csv",
        "online/method_summary.json",
        "lane_summary.json"
      ],
      "methods": [
        "casa_a_per_skill"
      ],
      "online_dir": "/mnt/data/students/lph/recording/codex_goal_full_sota_online_comparison_20260606_235526/online/large_stage1_2seed10ep_all_methods/lane_v2_casa_a_per_skill__seed_1235__ep_004_006/online",
      "online_policy": {
        "adaptive_retry_count": 1,
        "fallback_policy": "auto",
        "max_segment_duration": 0.5,
        "method_order_seed": 0,
        "randomize_method_order": false,
        "recheck_before_segment": false,
        "segment_long_skills": false,
        "threshold_scale_by_skill": "",
        "threshold_scale_global": 1.0
      },
      "output_dir": "/mnt/data/students/lph/recording/codex_goal_full_sota_online_comparison_20260606_235526/online/large_stage1_2seed10ep_all_methods/lane_v2_casa_a_per_skill__seed_1235__ep_004_006",
      "phase4_root": "/mnt/data/students/lph/GR00T-WholeBodyControl/outputs/casa/phase4_dataset_v1_strict_50k_20260522",
      "phase5_root": "/mnt/data/students/lph/GR00T-WholeBodyControl/outputs/casa/phase5_conformal_baselines_20260522",
      "policy_checkpoint_dir": "/tmp/casa_upload_worktree/gear_sonic_deploy/policy/release",
      "run_id": "phase5_online_v2_casa_a_per_skill_1235_004_006_20260523",
      "seeds": [
        1235
      ],
      "sim_scene": "gear_sonic/data/robot_model/model_data/g1/scene_casa_v1.xml",
      "zmq_out_port": 18309,
      "zmq_port": 18308
    },
    {
      "domain_id": 154,
      "episode_end_exclusive": 8,
      "episode_start": 6,
      "episodes_per_seed": 2,
      "expected_artifacts": [
        "online/online_episode_results.csv",
        "online/gate_decisions.csv",
        "online/method_summary.json",
        "lane_summary.json"
      ],
      "methods": [
        "casa_a_per_skill"
      ],
      "online_dir": "/mnt/data/students/lph/recording/codex_goal_full_sota_online_comparison_20260606_235526/online/large_stage1_2seed10ep_all_methods/lane_v2_casa_a_per_skill__seed_1235__ep_006_008/online",
      "online_policy": {
        "adaptive_retry_count": 1,
        "fallback_policy": "auto",
        "max_segment_duration": 0.5,
        "method_order_seed": 0,
        "randomize_method_order": false,
        "recheck_before_segment": false,
        "segment_long_skills": false,
        "threshold_scale_by_skill": "",
        "threshold_scale_global": 1.0
      },
      "output_dir": "/mnt/data/students/lph/recording/codex_goal_full_sota_online_comparison_20260606_235526/online/large_stage1_2seed10ep_all_methods/lane_v2_casa_a_per_skill__seed_1235__ep_006_008",
      "phase4_root": "/mnt/data/students/lph/GR00T-WholeBodyControl/outputs/casa/phase4_dataset_v1_strict_50k_20260522",
      "phase5_root": "/mnt/data/students/lph/GR00T-WholeBodyControl/outputs/casa/phase5_conformal_baselines_20260522",
      "policy_checkpoint_dir": "/tmp/casa_upload_worktree/gear_sonic_deploy/policy/release",
      "run_id": "phase5_online_v2_casa_a_per_skill_1235_006_008_20260523",
      "seeds": [
        1235
      ],
      "sim_scene": "gear_sonic/data/robot_model/model_data/g1/scene_casa_v1.xml",
      "zmq_out_port": 18349,
      "zmq_port": 18348
    },
    {
      "domain_id": 144,
      "episode_end_exclusive": 10,
      "episode_start": 8,
      "episodes_per_seed": 2,
      "expected_artifacts": [
        "online/online_episode_results.csv",
        "online/gate_decisions.csv",
        "online/method_summary.json",
        "lane_summary.json"
      ],
      "methods": [
        "casa_a_per_skill"
      ],
      "online_dir": "/mnt/data/students/lph/recording/codex_goal_full_sota_online_comparison_20260606_235526/online/large_stage1_2seed10ep_all_methods/lane_v2_casa_a_per_skill__seed_1235__ep_008_010/online",
      "online_policy": {
        "adaptive_retry_count": 1,
        "fallback_policy": "auto",
        "max_segment_duration": 0.5,
        "method_order_seed": 0,
        "randomize_method_order": false,
        "recheck_before_segment": false,
        "segment_long_skills": false,
        "threshold_scale_by_skill": "",
        "threshold_scale_global": 1.0
      },
      "output_dir": "/mnt/data/students/lph/recording/codex_goal_full_sota_online_comparison_20260606_235526/online/large_stage1_2seed10ep_all_methods/lane_v2_casa_a_per_skill__seed_1235__ep_008_010",
      "phase4_root": "/mnt/data/students/lph/GR00T-WholeBodyControl/outputs/casa/phase4_dataset_v1_strict_50k_20260522",
      "phase5_root": "/mnt/data/students/lph/GR00T-WholeBodyControl/outputs/casa/phase5_conformal_baselines_20260522",
      "policy_checkpoint_dir": "/tmp/casa_upload_worktree/gear_sonic_deploy/policy/release",
      "run_id": "phase5_online_v2_casa_a_per_skill_1235_008_010_20260523",
      "seeds": [
        1235
      ],
      "sim_scene": "gear_sonic/data/robot_model/model_data/g1/scene_casa_v1.xml",
      "zmq_out_port": 18389,
      "zmq_port": 18388
    },
    {
      "domain_id": 149,
      "episode_end_exclusive": 2,
      "episode_start": 0,
      "episodes_per_seed": 2,
      "expected_artifacts": [
        "online/online_episode_results.csv",
        "online/gate_decisions.csv",
        "online/method_summary.json",
        "lane_summary.json"
      ],
      "methods": [
        "clbf_lbac_adapted"
      ],
      "online_dir": "/mnt/data/students/lph/recording/codex_goal_full_sota_online_comparison_20260606_235526/online/large_stage1_2seed10ep_all_methods/lane_v2_clbf_lbac_adapted__seed_1234__ep_000_002/online",
      "online_policy": {
        "adaptive_retry_count": 1,
        "fallback_policy": "auto",
        "max_segment_duration": 0.5,
        "method_order_seed": 0,
        "randomize_method_order": false,
        "recheck_before_segment": false,
        "segment_long_skills": false,
        "threshold_scale_by_skill": "",
        "threshold_scale_global": 1.0
      },
      "output_dir": "/mnt/data/students/lph/recording/codex_goal_full_sota_online_comparison_20260606_235526/online/large_stage1_2seed10ep_all_methods/lane_v2_clbf_lbac_adapted__seed_1234__ep_000_002",
      "phase4_root": "/mnt/data/students/lph/GR00T-WholeBodyControl/outputs/casa/phase4_dataset_v1_strict_50k_20260522",
      "phase5_root": "/mnt/data/students/lph/GR00T-WholeBodyControl/outputs/casa/phase5_conformal_baselines_20260522",
      "policy_checkpoint_dir": "/tmp/casa_upload_worktree/gear_sonic_deploy/policy/release",
      "run_id": "phase5_online_v2_clbf_lbac_adapted_1234_000_002_20260523",
      "seeds": [
        1234
      ],
      "sim_scene": "gear_sonic/data/robot_model/model_data/g1/scene_casa_v1.xml",
      "zmq_out_port": 18219,
      "zmq_port": 18218
    },
    {
      "domain_id": 169,
      "episode_end_exclusive": 4,
      "episode_start": 2,
      "episodes_per_seed": 2,
      "expected_artifacts": [
        "online/online_episode_results.csv",
        "online/gate_decisions.csv",
        "online/method_summary.json",
        "lane_summary.json"
      ],
      "methods": [
        "clbf_lbac_adapted"
      ],
      "online_dir": "/mnt/data/students/lph/recording/codex_goal_full_sota_online_comparison_20260606_235526/online/large_stage1_2seed10ep_all_methods/lane_v2_clbf_lbac_adapted__seed_1234__ep_002_004/online",
      "online_policy": {
        "adaptive_retry_count": 1,
        "fallback_policy": "auto",
        "max_segment_duration": 0.5,
        "method_order_seed": 0,
        "randomize_method_order": false,
        "recheck_before_segment": false,
        "segment_long_skills": false,
        "threshold_scale_by_skill": "",
        "threshold_scale_global": 1.0
      },
      "output_dir": "/mnt/data/students/lph/recording/codex_goal_full_sota_online_comparison_20260606_235526/online/large_stage1_2seed10ep_all_methods/lane_v2_clbf_lbac_adapted__seed_1234__ep_002_004",
      "phase4_root": "/mnt/data/students/lph/GR00T-WholeBodyControl/outputs/casa/phase4_dataset_v1_strict_50k_20260522",
      "phase5_root": "/mnt/data/students/lph/GR00T-WholeBodyControl/outputs/casa/phase5_conformal_baselines_20260522",
      "policy_checkpoint_dir": "/tmp/casa_upload_worktree/gear_sonic_deploy/policy/release",
      "run_id": "phase5_online_v2_clbf_lbac_adapted_1234_002_004_20260523",
      "seeds": [
        1234
      ],
      "sim_scene": "gear_sonic/data/robot_model/model_data/g1/scene_casa_v1.xml",
      "zmq_out_port": 18259,
      "zmq_port": 18258
    },
    {
      "domain_id": 159,
      "episode_end_exclusive": 6,
      "episode_start": 4,
      "episodes_per_seed": 2,
      "expected_artifacts": [
        "online/online_episode_results.csv",
        "online/gate_decisions.csv",
        "online/method_summary.json",
        "lane_summary.json"
      ],
      "methods": [
        "clbf_lbac_adapted"
      ],
      "online_dir": "/mnt/data/students/lph/recording/codex_goal_full_sota_online_comparison_20260606_235526/online/large_stage1_2seed10ep_all_methods/lane_v2_clbf_lbac_adapted__seed_1234__ep_004_006/online",
      "online_policy": {
        "adaptive_retry_count": 1,
        "fallback_policy": "auto",
        "max_segment_duration": 0.5,
        "method_order_seed": 0,
        "randomize_method_order": false,
        "recheck_before_segment": false,
        "segment_long_skills": false,
        "threshold_scale_by_skill": "",
        "threshold_scale_global": 1.0
      },
      "output_dir": "/mnt/data/students/lph/recording/codex_goal_full_sota_online_comparison_20260606_235526/online/large_stage1_2seed10ep_all_methods/lane_v2_clbf_lbac_adapted__seed_1234__ep_004_006",
      "phase4_root": "/mnt/data/students/lph/GR00T-WholeBodyControl/outputs/casa/phase4_dataset_v1_strict_50k_20260522",
      "phase5_root": "/mnt/data/students/lph/GR00T-WholeBodyControl/outputs/casa/phase5_conformal_baselines_20260522",
      "policy_checkpoint_dir": "/tmp/casa_upload_worktree/gear_sonic_deploy/policy/release",
      "run_id": "phase5_online_v2_clbf_lbac_adapted_1234_004_006_20260523",
      "seeds": [
        1234
      ],
      "sim_scene": "gear_sonic/data/robot_model/model_data/g1/scene_casa_v1.xml",
      "zmq_out_port": 18299,
      "zmq_port": 18298
    },
    {
      "domain_id": 149,
      "episode_end_exclusive": 8,
      "episode_start": 6,
      "episodes_per_seed": 2,
      "expected_artifacts": [
        "online/online_episode_results.csv",
        "online/gate_decisions.csv",
        "online/method_summary.json",
        "lane_summary.json"
      ],
      "methods": [
        "clbf_lbac_adapted"
      ],
      "online_dir": "/mnt/data/students/lph/recording/codex_goal_full_sota_online_comparison_20260606_235526/online/large_stage1_2seed10ep_all_methods/lane_v2_clbf_lbac_adapted__seed_1234__ep_006_008/online",
      "online_policy": {
        "adaptive_retry_count": 1,
        "fallback_policy": "auto",
        "max_segment_duration": 0.5,
        "method_order_seed": 0,
        "randomize_method_order": false,
        "recheck_before_segment": false,
        "segment_long_skills": false,
        "threshold_scale_by_skill": "",
        "threshold_scale_global": 1.0
      },
      "output_dir": "/mnt/data/students/lph/recording/codex_goal_full_sota_online_comparison_20260606_235526/online/large_stage1_2seed10ep_all_methods/lane_v2_clbf_lbac_adapted__seed_1234__ep_006_008",
      "phase4_root": "/mnt/data/students/lph/GR00T-WholeBodyControl/outputs/casa/phase4_dataset_v1_strict_50k_20260522",
      "phase5_root": "/mnt/data/students/lph/GR00T-WholeBodyControl/outputs/casa/phase5_conformal_baselines_20260522",
      "policy_checkpoint_dir": "/tmp/casa_upload_worktree/gear_sonic_deploy/policy/release",
      "run_id": "phase5_online_v2_clbf_lbac_adapted_1234_006_008_20260523",
      "seeds": [
        1234
      ],
      "sim_scene": "gear_sonic/data/robot_model/model_data/g1/scene_casa_v1.xml",
      "zmq_out_port": 18339,
      "zmq_port": 18338
    },
    {
      "domain_id": 169,
      "episode_end_exclusive": 10,
      "episode_start": 8,
      "episodes_per_seed": 2,
      "expected_artifacts": [
        "online/online_episode_results.csv",
        "online/gate_decisions.csv",
        "online/method_summary.json",
        "lane_summary.json"
      ],
      "methods": [
        "clbf_lbac_adapted"
      ],
      "online_dir": "/mnt/data/students/lph/recording/codex_goal_full_sota_online_comparison_20260606_235526/online/large_stage1_2seed10ep_all_methods/lane_v2_clbf_lbac_adapted__seed_1234__ep_008_010/online",
      "online_policy": {
        "adaptive_retry_count": 1,
        "fallback_policy": "auto",
        "max_segment_duration": 0.5,
        "method_order_seed": 0,
        "randomize_method_order": false,
        "recheck_before_segment": false,
        "segment_long_skills": false,
        "threshold_scale_by_skill": "",
        "threshold_scale_global": 1.0
      },
      "output_dir": "/mnt/data/students/lph/recording/codex_goal_full_sota_online_comparison_20260606_235526/online/large_stage1_2seed10ep_all_methods/lane_v2_clbf_lbac_adapted__seed_1234__ep_008_010",
      "phase4_root": "/mnt/data/students/lph/GR00T-WholeBodyControl/outputs/casa/phase4_dataset_v1_strict_50k_20260522",
      "phase5_root": "/mnt/data/students/lph/GR00T-WholeBodyControl/outputs/casa/phase5_conformal_baselines_20260522",
      "policy_checkpoint_dir": "/tmp/casa_upload_worktree/gear_sonic_deploy/policy/release",
      "run_id": "phase5_online_v2_clbf_lbac_adapted_1234_008_010_20260523",
      "seeds": [
        1234
      ],
      "sim_scene": "gear_sonic/data/robot_model/model_data/g1/scene_casa_v1.xml",
      "zmq_out_port": 18379,
      "zmq_port": 18378
    },
    {
      "domain_id": 159,
      "episode_end_exclusive": 2,
      "episode_start": 0,
      "episodes_per_seed": 2,
      "expected_artifacts": [
        "online/online_episode_results.csv",
        "online/gate_decisions.csv",
        "online/method_summary.json",
        "lane_summary.json"
      ],
      "methods": [
        "clbf_lbac_adapted"
      ],
      "online_dir": "/mnt/data/students/lph/recording/codex_goal_full_sota_online_comparison_20260606_235526/online/large_stage1_2seed10ep_all_methods/lane_v2_clbf_lbac_adapted__seed_1235__ep_000_002/online",
      "online_policy": {
        "adaptive_retry_count": 1,
        "fallback_policy": "auto",
        "max_segment_duration": 0.5,
        "method_order_seed": 0,
        "randomize_method_order": false,
        "recheck_before_segment": false,
        "segment_long_skills": false,
        "threshold_scale_by_skill": "",
        "threshold_scale_global": 1.0
      },
      "output_dir": "/mnt/data/students/lph/recording/codex_goal_full_sota_online_comparison_20260606_235526/online/large_stage1_2seed10ep_all_methods/lane_v2_clbf_lbac_adapted__seed_1235__ep_000_002",
      "phase4_root": "/mnt/data/students/lph/GR00T-WholeBodyControl/outputs/casa/phase4_dataset_v1_strict_50k_20260522",
      "phase5_root": "/mnt/data/students/lph/GR00T-WholeBodyControl/outputs/casa/phase5_conformal_baselines_20260522",
      "policy_checkpoint_dir": "/tmp/casa_upload_worktree/gear_sonic_deploy/policy/release",
      "run_id": "phase5_online_v2_clbf_lbac_adapted_1235_000_002_20260523",
      "seeds": [
        1235
      ],
      "sim_scene": "gear_sonic/data/robot_model/model_data/g1/scene_casa_v1.xml",
      "zmq_out_port": 18239,
      "zmq_port": 18238
    },
    {
      "domain_id": 149,
      "episode_end_exclusive": 4,
      "episode_start": 2,
      "episodes_per_seed": 2,
      "expected_artifacts": [
        "online/online_episode_results.csv",
        "online/gate_decisions.csv",
        "online/method_summary.json",
        "lane_summary.json"
      ],
      "methods": [
        "clbf_lbac_adapted"
      ],
      "online_dir": "/mnt/data/students/lph/recording/codex_goal_full_sota_online_comparison_20260606_235526/online/large_stage1_2seed10ep_all_methods/lane_v2_clbf_lbac_adapted__seed_1235__ep_002_004/online",
      "online_policy": {
        "adaptive_retry_count": 1,
        "fallback_policy": "auto",
        "max_segment_duration": 0.5,
        "method_order_seed": 0,
        "randomize_method_order": false,
        "recheck_before_segment": false,
        "segment_long_skills": false,
        "threshold_scale_by_skill": "",
        "threshold_scale_global": 1.0
      },
      "output_dir": "/mnt/data/students/lph/recording/codex_goal_full_sota_online_comparison_20260606_235526/online/large_stage1_2seed10ep_all_methods/lane_v2_clbf_lbac_adapted__seed_1235__ep_002_004",
      "phase4_root": "/mnt/data/students/lph/GR00T-WholeBodyControl/outputs/casa/phase4_dataset_v1_strict_50k_20260522",
      "phase5_root": "/mnt/data/students/lph/GR00T-WholeBodyControl/outputs/casa/phase5_conformal_baselines_20260522",
      "policy_checkpoint_dir": "/tmp/casa_upload_worktree/gear_sonic_deploy/policy/release",
      "run_id": "phase5_online_v2_clbf_lbac_adapted_1235_002_004_20260523",
      "seeds": [
        1235
      ],
      "sim_scene": "gear_sonic/data/robot_model/model_data/g1/scene_casa_v1.xml",
      "zmq_out_port": 18279,
      "zmq_port": 18278
    },
    {
      "domain_id": 169,
      "episode_end_exclusive": 6,
      "episode_start": 4,
      "episodes_per_seed": 2,
      "expected_artifacts": [
        "online/online_episode_results.csv",
        "online/gate_decisions.csv",
        "online/method_summary.json",
        "lane_summary.json"
      ],
      "methods": [
        "clbf_lbac_adapted"
      ],
      "online_dir": "/mnt/data/students/lph/recording/codex_goal_full_sota_online_comparison_20260606_235526/online/large_stage1_2seed10ep_all_methods/lane_v2_clbf_lbac_adapted__seed_1235__ep_004_006/online",
      "online_policy": {
        "adaptive_retry_count": 1,
        "fallback_policy": "auto",
        "max_segment_duration": 0.5,
        "method_order_seed": 0,
        "randomize_method_order": false,
        "recheck_before_segment": false,
        "segment_long_skills": false,
        "threshold_scale_by_skill": "",
        "threshold_scale_global": 1.0
      },
      "output_dir": "/mnt/data/students/lph/recording/codex_goal_full_sota_online_comparison_20260606_235526/online/large_stage1_2seed10ep_all_methods/lane_v2_clbf_lbac_adapted__seed_1235__ep_004_006",
      "phase4_root": "/mnt/data/students/lph/GR00T-WholeBodyControl/outputs/casa/phase4_dataset_v1_strict_50k_20260522",
      "phase5_root": "/mnt/data/students/lph/GR00T-WholeBodyControl/outputs/casa/phase5_conformal_baselines_20260522",
      "policy_checkpoint_dir": "/tmp/casa_upload_worktree/gear_sonic_deploy/policy/release",
      "run_id": "phase5_online_v2_clbf_lbac_adapted_1235_004_006_20260523",
      "seeds": [
        1235
      ],
      "sim_scene": "gear_sonic/data/robot_model/model_data/g1/scene_casa_v1.xml",
      "zmq_out_port": 18319,
      "zmq_port": 18318
    },
    {
      "domain_id": 159,
      "episode_end_exclusive": 8,
      "episode_start": 6,
      "episodes_per_seed": 2,
      "expected_artifacts": [
        "online/online_episode_results.csv",
        "online/gate_decisions.csv",
        "online/method_summary.json",
        "lane_summary.json"
      ],
      "methods": [
        "clbf_lbac_adapted"
      ],
      "online_dir": "/mnt/data/students/lph/recording/codex_goal_full_sota_online_comparison_20260606_235526/online/large_stage1_2seed10ep_all_methods/lane_v2_clbf_lbac_adapted__seed_1235__ep_006_008/online",
      "online_policy": {
        "adaptive_retry_count": 1,
        "fallback_policy": "auto",
        "max_segment_duration": 0.5,
        "method_order_seed": 0,
        "randomize_method_order": false,
        "recheck_before_segment": false,
        "segment_long_skills": false,
        "threshold_scale_by_skill": "",
        "threshold_scale_global": 1.0
      },
      "output_dir": "/mnt/data/students/lph/recording/codex_goal_full_sota_online_comparison_20260606_235526/online/large_stage1_2seed10ep_all_methods/lane_v2_clbf_lbac_adapted__seed_1235__ep_006_008",
      "phase4_root": "/mnt/data/students/lph/GR00T-WholeBodyControl/outputs/casa/phase4_dataset_v1_strict_50k_20260522",
      "phase5_root": "/mnt/data/students/lph/GR00T-WholeBodyControl/outputs/casa/phase5_conformal_baselines_20260522",
      "policy_checkpoint_dir": "/tmp/casa_upload_worktree/gear_sonic_deploy/policy/release",
      "run_id": "phase5_online_v2_clbf_lbac_adapted_1235_006_008_20260523",
      "seeds": [
        1235
      ],
      "sim_scene": "gear_sonic/data/robot_model/model_data/g1/scene_casa_v1.xml",
      "zmq_out_port": 18359,
      "zmq_port": 18358
    },
    {
      "domain_id": 149,
      "episode_end_exclusive": 10,
      "episode_start": 8,
      "episodes_per_seed": 2,
      "expected_artifacts": [
        "online/online_episode_results.csv",
        "online/gate_decisions.csv",
        "online/method_summary.json",
        "lane_summary.json"
      ],
      "methods": [
        "clbf_lbac_adapted"
      ],
      "online_dir": "/mnt/data/students/lph/recording/codex_goal_full_sota_online_comparison_20260606_235526/online/large_stage1_2seed10ep_all_methods/lane_v2_clbf_lbac_adapted__seed_1235__ep_008_010/online",
      "online_policy": {
        "adaptive_retry_count": 1,
        "fallback_policy": "auto",
        "max_segment_duration": 0.5,
        "method_order_seed": 0,
        "randomize_method_order": false,
        "recheck_before_segment": false,
        "segment_long_skills": false,
        "threshold_scale_by_skill": "",
        "threshold_scale_global": 1.0
      },
      "output_dir": "/mnt/data/students/lph/recording/codex_goal_full_sota_online_comparison_20260606_235526/online/large_stage1_2seed10ep_all_methods/lane_v2_clbf_lbac_adapted__seed_1235__ep_008_010",
      "phase4_root": "/mnt/data/students/lph/GR00T-WholeBodyControl/outputs/casa/phase4_dataset_v1_strict_50k_20260522",
      "phase5_root": "/mnt/data/students/lph/GR00T-WholeBodyControl/outputs/casa/phase5_conformal_baselines_20260522",
      "policy_checkpoint_dir": "/tmp/casa_upload_worktree/gear_sonic_deploy/policy/release",
      "run_id": "phase5_online_v2_clbf_lbac_adapted_1235_008_010_20260523",
      "seeds": [
        1235
      ],
      "sim_scene": "gear_sonic/data/robot_model/model_data/g1/scene_casa_v1.xml",
      "zmq_out_port": 18399,
      "zmq_port": 18398
    },
    {
      "domain_id": 143,
      "episode_end_exclusive": 2,
      "episode_start": 0,
      "episodes_per_seed": 2,
      "expected_artifacts": [
        "online/online_episode_results.csv",
        "online/gate_decisions.csv",
        "online/method_summary.json",
        "lane_summary.json"
      ],
      "methods": [
        "global_conformal"
      ],
      "online_dir": "/mnt/data/students/lph/recording/codex_goal_full_sota_online_comparison_20260606_235526/online/large_stage1_2seed10ep_all_methods/lane_v2_global_conformal__seed_1234__ep_000_002/online",
      "online_policy": {
        "adaptive_retry_count": 1,
        "fallback_policy": "auto",
        "max_segment_duration": 0.5,
        "method_order_seed": 0,
        "randomize_method_order": false,
        "recheck_before_segment": false,
        "segment_long_skills": false,
        "threshold_scale_by_skill": "",
        "threshold_scale_global": 1.0
      },
      "output_dir": "/mnt/data/students/lph/recording/codex_goal_full_sota_online_comparison_20260606_235526/online/large_stage1_2seed10ep_all_methods/lane_v2_global_conformal__seed_1234__ep_000_002",
      "phase4_root": "/mnt/data/students/lph/GR00T-WholeBodyControl/outputs/casa/phase4_dataset_v1_strict_50k_20260522",
      "phase5_root": "/mnt/data/students/lph/GR00T-WholeBodyControl/outputs/casa/phase5_conformal_baselines_20260522",
      "policy_checkpoint_dir": "/tmp/casa_upload_worktree/gear_sonic_deploy/policy/release",
      "run_id": "phase5_online_v2_global_conformal_1234_000_002_20260523",
      "seeds": [
        1234
      ],
      "sim_scene": "gear_sonic/data/robot_model/model_data/g1/scene_casa_v1.xml",
      "zmq_out_port": 18207,
      "zmq_port": 18206
    },
    {
      "domain_id": 163,
      "episode_end_exclusive": 4,
      "episode_start": 2,
      "episodes_per_seed": 2,
      "expected_artifacts": [
        "online/online_episode_results.csv",
        "online/gate_decisions.csv",
        "online/method_summary.json",
        "lane_summary.json"
      ],
      "methods": [
        "global_conformal"
      ],
      "online_dir": "/mnt/data/students/lph/recording/codex_goal_full_sota_online_comparison_20260606_235526/online/large_stage1_2seed10ep_all_methods/lane_v2_global_conformal__seed_1234__ep_002_004/online",
      "online_policy": {
        "adaptive_retry_count": 1,
        "fallback_policy": "auto",
        "max_segment_duration": 0.5,
        "method_order_seed": 0,
        "randomize_method_order": false,
        "recheck_before_segment": false,
        "segment_long_skills": false,
        "threshold_scale_by_skill": "",
        "threshold_scale_global": 1.0
      },
      "output_dir": "/mnt/data/students/lph/recording/codex_goal_full_sota_online_comparison_20260606_235526/online/large_stage1_2seed10ep_all_methods/lane_v2_global_conformal__seed_1234__ep_002_004",
      "phase4_root": "/mnt/data/students/lph/GR00T-WholeBodyControl/outputs/casa/phase4_dataset_v1_strict_50k_20260522",
      "phase5_root": "/mnt/data/students/lph/GR00T-WholeBodyControl/outputs/casa/phase5_conformal_baselines_20260522",
      "policy_checkpoint_dir": "/tmp/casa_upload_worktree/gear_sonic_deploy/policy/release",
      "run_id": "phase5_online_v2_global_conformal_1234_002_004_20260523",
      "seeds": [
        1234
      ],
      "sim_scene": "gear_sonic/data/robot_model/model_data/g1/scene_casa_v1.xml",
      "zmq_out_port": 18247,
      "zmq_port": 18246
    },
    {
      "domain_id": 153,
      "episode_end_exclusive": 6,
      "episode_start": 4,
      "episodes_per_seed": 2,
      "expected_artifacts": [
        "online/online_episode_results.csv",
        "online/gate_decisions.csv",
        "online/method_summary.json",
        "lane_summary.json"
      ],
      "methods": [
        "global_conformal"
      ],
      "online_dir": "/mnt/data/students/lph/recording/codex_goal_full_sota_online_comparison_20260606_235526/online/large_stage1_2seed10ep_all_methods/lane_v2_global_conformal__seed_1234__ep_004_006/online",
      "online_policy": {
        "adaptive_retry_count": 1,
        "fallback_policy": "auto",
        "max_segment_duration": 0.5,
        "method_order_seed": 0,
        "randomize_method_order": false,
        "recheck_before_segment": false,
        "segment_long_skills": false,
        "threshold_scale_by_skill": "",
        "threshold_scale_global": 1.0
      },
      "output_dir": "/mnt/data/students/lph/recording/codex_goal_full_sota_online_comparison_20260606_235526/online/large_stage1_2seed10ep_all_methods/lane_v2_global_conformal__seed_1234__ep_004_006",
      "phase4_root": "/mnt/data/students/lph/GR00T-WholeBodyControl/outputs/casa/phase4_dataset_v1_strict_50k_20260522",
      "phase5_root": "/mnt/data/students/lph/GR00T-WholeBodyControl/outputs/casa/phase5_conformal_baselines_20260522",
      "policy_checkpoint_dir": "/tmp/casa_upload_worktree/gear_sonic_deploy/policy/release",
      "run_id": "phase5_online_v2_global_conformal_1234_004_006_20260523",
      "seeds": [
        1234
      ],
      "sim_scene": "gear_sonic/data/robot_model/model_data/g1/scene_casa_v1.xml",
      "zmq_out_port": 18287,
      "zmq_port": 18286
    },
    {
      "domain_id": 143,
      "episode_end_exclusive": 8,
      "episode_start": 6,
      "episodes_per_seed": 2,
      "expected_artifacts": [
        "online/online_episode_results.csv",
        "online/gate_decisions.csv",
        "online/method_summary.json",
        "lane_summary.json"
      ],
      "methods": [
        "global_conformal"
      ],
      "online_dir": "/mnt/data/students/lph/recording/codex_goal_full_sota_online_comparison_20260606_235526/online/large_stage1_2seed10ep_all_methods/lane_v2_global_conformal__seed_1234__ep_006_008/online",
      "online_policy": {
        "adaptive_retry_count": 1,
        "fallback_policy": "auto",
        "max_segment_duration": 0.5,
        "method_order_seed": 0,
        "randomize_method_order": false,
        "recheck_before_segment": false,
        "segment_long_skills": false,
        "threshold_scale_by_skill": "",
        "threshold_scale_global": 1.0
      },
      "output_dir": "/mnt/data/students/lph/recording/codex_goal_full_sota_online_comparison_20260606_235526/online/large_stage1_2seed10ep_all_methods/lane_v2_global_conformal__seed_1234__ep_006_008",
      "phase4_root": "/mnt/data/students/lph/GR00T-WholeBodyControl/outputs/casa/phase4_dataset_v1_strict_50k_20260522",
      "phase5_root": "/mnt/data/students/lph/GR00T-WholeBodyControl/outputs/casa/phase5_conformal_baselines_20260522",
      "policy_checkpoint_dir": "/tmp/casa_upload_worktree/gear_sonic_deploy/policy/release",
      "run_id": "phase5_online_v2_global_conformal_1234_006_008_20260523",
      "seeds": [
        1234
      ],
      "sim_scene": "gear_sonic/data/robot_model/model_data/g1/scene_casa_v1.xml",
      "zmq_out_port": 18327,
      "zmq_port": 18326
    },
    {
      "domain_id": 163,
      "episode_end_exclusive": 10,
      "episode_start": 8,
      "episodes_per_seed": 2,
      "expected_artifacts": [
        "online/online_episode_results.csv",
        "online/gate_decisions.csv",
        "online/method_summary.json",
        "lane_summary.json"
      ],
      "methods": [
        "global_conformal"
      ],
      "online_dir": "/mnt/data/students/lph/recording/codex_goal_full_sota_online_comparison_20260606_235526/online/large_stage1_2seed10ep_all_methods/lane_v2_global_conformal__seed_1234__ep_008_010/online",
      "online_policy": {
        "adaptive_retry_count": 1,
        "fallback_policy": "auto",
        "max_segment_duration": 0.5,
        "method_order_seed": 0,
        "randomize_method_order": false,
        "recheck_before_segment": false,
        "segment_long_skills": false,
        "threshold_scale_by_skill": "",
        "threshold_scale_global": 1.0
      },
      "output_dir": "/mnt/data/students/lph/recording/codex_goal_full_sota_online_comparison_20260606_235526/online/large_stage1_2seed10ep_all_methods/lane_v2_global_conformal__seed_1234__ep_008_010",
      "phase4_root": "/mnt/data/students/lph/GR00T-WholeBodyControl/outputs/casa/phase4_dataset_v1_strict_50k_20260522",
      "phase5_root": "/mnt/data/students/lph/GR00T-WholeBodyControl/outputs/casa/phase5_conformal_baselines_20260522",
      "policy_checkpoint_dir": "/tmp/casa_upload_worktree/gear_sonic_deploy/policy/release",
      "run_id": "phase5_online_v2_global_conformal_1234_008_010_20260523",
      "seeds": [
        1234
      ],
      "sim_scene": "gear_sonic/data/robot_model/model_data/g1/scene_casa_v1.xml",
      "zmq_out_port": 18367,
      "zmq_port": 18366
    },
    {
      "domain_id": 153,
      "episode_end_exclusive": 2,
      "episode_start": 0,
      "episodes_per_seed": 2,
      "expected_artifacts": [
        "online/online_episode_results.csv",
        "online/gate_decisions.csv",
        "online/method_summary.json",
        "lane_summary.json"
      ],
      "methods": [
        "global_conformal"
      ],
      "online_dir": "/mnt/data/students/lph/recording/codex_goal_full_sota_online_comparison_20260606_235526/online/large_stage1_2seed10ep_all_methods/lane_v2_global_conformal__seed_1235__ep_000_002/online",
      "online_policy": {
        "adaptive_retry_count": 1,
        "fallback_policy": "auto",
        "max_segment_duration": 0.5,
        "method_order_seed": 0,
        "randomize_method_order": false,
        "recheck_before_segment": false,
        "segment_long_skills": false,
        "threshold_scale_by_skill": "",
        "threshold_scale_global": 1.0
      },
      "output_dir": "/mnt/data/students/lph/recording/codex_goal_full_sota_online_comparison_20260606_235526/online/large_stage1_2seed10ep_all_methods/lane_v2_global_conformal__seed_1235__ep_000_002",
      "phase4_root": "/mnt/data/students/lph/GR00T-WholeBodyControl/outputs/casa/phase4_dataset_v1_strict_50k_20260522",
      "phase5_root": "/mnt/data/students/lph/GR00T-WholeBodyControl/outputs/casa/phase5_conformal_baselines_20260522",
      "policy_checkpoint_dir": "/tmp/casa_upload_worktree/gear_sonic_deploy/policy/release",
      "run_id": "phase5_online_v2_global_conformal_1235_000_002_20260523",
      "seeds": [
        1235
      ],
      "sim_scene": "gear_sonic/data/robot_model/model_data/g1/scene_casa_v1.xml",
      "zmq_out_port": 18227,
      "zmq_port": 18226
    },
    {
      "domain_id": 143,
      "episode_end_exclusive": 4,
      "episode_start": 2,
      "episodes_per_seed": 2,
      "expected_artifacts": [
        "online/online_episode_results.csv",
        "online/gate_decisions.csv",
        "online/method_summary.json",
        "lane_summary.json"
      ],
      "methods": [
        "global_conformal"
      ],
      "online_dir": "/mnt/data/students/lph/recording/codex_goal_full_sota_online_comparison_20260606_235526/online/large_stage1_2seed10ep_all_methods/lane_v2_global_conformal__seed_1235__ep_002_004/online",
      "online_policy": {
        "adaptive_retry_count": 1,
        "fallback_policy": "auto",
        "max_segment_duration": 0.5,
        "method_order_seed": 0,
        "randomize_method_order": false,
        "recheck_before_segment": false,
        "segment_long_skills": false,
        "threshold_scale_by_skill": "",
        "threshold_scale_global": 1.0
      },
      "output_dir": "/mnt/data/students/lph/recording/codex_goal_full_sota_online_comparison_20260606_235526/online/large_stage1_2seed10ep_all_methods/lane_v2_global_conformal__seed_1235__ep_002_004",
      "phase4_root": "/mnt/data/students/lph/GR00T-WholeBodyControl/outputs/casa/phase4_dataset_v1_strict_50k_20260522",
      "phase5_root": "/mnt/data/students/lph/GR00T-WholeBodyControl/outputs/casa/phase5_conformal_baselines_20260522",
      "policy_checkpoint_dir": "/tmp/casa_upload_worktree/gear_sonic_deploy/policy/release",
      "run_id": "phase5_online_v2_global_conformal_1235_002_004_20260523",
      "seeds": [
        1235
      ],
      "sim_scene": "gear_sonic/data/robot_model/model_data/g1/scene_casa_v1.xml",
      "zmq_out_port": 18267,
      "zmq_port": 18266
    },
    {
      "domain_id": 163,
      "episode_end_exclusive": 6,
      "episode_start": 4,
      "episodes_per_seed": 2,
      "expected_artifacts": [
        "online/online_episode_results.csv",
        "online/gate_decisions.csv",
        "online/method_summary.json",
        "lane_summary.json"
      ],
      "methods": [
        "global_conformal"
      ],
      "online_dir": "/mnt/data/students/lph/recording/codex_goal_full_sota_online_comparison_20260606_235526/online/large_stage1_2seed10ep_all_methods/lane_v2_global_conformal__seed_1235__ep_004_006/online",
      "online_policy": {
        "adaptive_retry_count": 1,
        "fallback_policy": "auto",
        "max_segment_duration": 0.5,
        "method_order_seed": 0,
        "randomize_method_order": false,
        "recheck_before_segment": false,
        "segment_long_skills": false,
        "threshold_scale_by_skill": "",
        "threshold_scale_global": 1.0
      },
      "output_dir": "/mnt/data/students/lph/recording/codex_goal_full_sota_online_comparison_20260606_235526/online/large_stage1_2seed10ep_all_methods/lane_v2_global_conformal__seed_1235__ep_004_006",
      "phase4_root": "/mnt/data/students/lph/GR00T-WholeBodyControl/outputs/casa/phase4_dataset_v1_strict_50k_20260522",
      "phase5_root": "/mnt/data/students/lph/GR00T-WholeBodyControl/outputs/casa/phase5_conformal_baselines_20260522",
      "policy_checkpoint_dir": "/tmp/casa_upload_worktree/gear_sonic_deploy/policy/release",
      "run_id": "phase5_online_v2_global_conformal_1235_004_006_20260523",
      "seeds": [
        1235
      ],
      "sim_scene": "gear_sonic/data/robot_model/model_data/g1/scene_casa_v1.xml",
      "zmq_out_port": 18307,
      "zmq_port": 18306
    },
    {
      "domain_id": 153,
      "episode_end_exclusive": 8,
      "episode_start": 6,
      "episodes_per_seed": 2,
      "expected_artifacts": [
        "online/online_episode_results.csv",
        "online/gate_decisions.csv",
        "online/method_summary.json",
        "lane_summary.json"
      ],
      "methods": [
        "global_conformal"
      ],
      "online_dir": "/mnt/data/students/lph/recording/codex_goal_full_sota_online_comparison_20260606_235526/online/large_stage1_2seed10ep_all_methods/lane_v2_global_conformal__seed_1235__ep_006_008/online",
      "online_policy": {
        "adaptive_retry_count": 1,
        "fallback_policy": "auto",
        "max_segment_duration": 0.5,
        "method_order_seed": 0,
        "randomize_method_order": false,
        "recheck_before_segment": false,
        "segment_long_skills": false,
        "threshold_scale_by_skill": "",
        "threshold_scale_global": 1.0
      },
      "output_dir": "/mnt/data/students/lph/recording/codex_goal_full_sota_online_comparison_20260606_235526/online/large_stage1_2seed10ep_all_methods/lane_v2_global_conformal__seed_1235__ep_006_008",
      "phase4_root": "/mnt/data/students/lph/GR00T-WholeBodyControl/outputs/casa/phase4_dataset_v1_strict_50k_20260522",
      "phase5_root": "/mnt/data/students/lph/GR00T-WholeBodyControl/outputs/casa/phase5_conformal_baselines_20260522",
      "policy_checkpoint_dir": "/tmp/casa_upload_worktree/gear_sonic_deploy/policy/release",
      "run_id": "phase5_online_v2_global_conformal_1235_006_008_20260523",
      "seeds": [
        1235
      ],
      "sim_scene": "gear_sonic/data/robot_model/model_data/g1/scene_casa_v1.xml",
      "zmq_out_port": 18347,
      "zmq_port": 18346
    },
    {
      "domain_id": 143,
      "episode_end_exclusive": 10,
      "episode_start": 8,
      "episodes_per_seed": 2,
      "expected_artifacts": [
        "online/online_episode_results.csv",
        "online/gate_decisions.csv",
        "online/method_summary.json",
        "lane_summary.json"
      ],
      "methods": [
        "global_conformal"
      ],
      "online_dir": "/mnt/data/students/lph/recording/codex_goal_full_sota_online_comparison_20260606_235526/online/large_stage1_2seed10ep_all_methods/lane_v2_global_conformal__seed_1235__ep_008_010/online",
      "online_policy": {
        "adaptive_retry_count": 1,
        "fallback_policy": "auto",
        "max_segment_duration": 0.5,
        "method_order_seed": 0,
        "randomize_method_order": false,
        "recheck_before_segment": false,
        "segment_long_skills": false,
        "threshold_scale_by_skill": "",
        "threshold_scale_global": 1.0
      },
      "output_dir": "/mnt/data/students/lph/recording/codex_goal_full_sota_online_comparison_20260606_235526/online/large_stage1_2seed10ep_all_methods/lane_v2_global_conformal__seed_1235__ep_008_010",
      "phase4_root": "/mnt/data/students/lph/GR00T-WholeBodyControl/outputs/casa/phase4_dataset_v1_strict_50k_20260522",
      "phase5_root": "/mnt/data/students/lph/GR00T-WholeBodyControl/outputs/casa/phase5_conformal_baselines_20260522",
      "policy_checkpoint_dir": "/tmp/casa_upload_worktree/gear_sonic_deploy/policy/release",
      "run_id": "phase5_online_v2_global_conformal_1235_008_010_20260523",
      "seeds": [
        1235
      ],
      "sim_scene": "gear_sonic/data/robot_model/model_data/g1/scene_casa_v1.xml",
      "zmq_out_port": 18387,
      "zmq_port": 18386
    },
    {
      "domain_id": 141,
      "episode_end_exclusive": 2,
      "episode_start": 0,
      "episodes_per_seed": 2,
      "expected_artifacts": [
        "online/online_episode_results.csv",
        "online/gate_decisions.csv",
        "online/method_summary.json",
        "lane_summary.json"
      ],
      "methods": [
        "hard_contract"
      ],
      "online_dir": "/mnt/data/students/lph/recording/codex_goal_full_sota_online_comparison_20260606_235526/online/large_stage1_2seed10ep_all_methods/lane_v2_hard_contract__seed_1234__ep_000_002/online",
      "online_policy": {
        "adaptive_retry_count": 1,
        "fallback_policy": "auto",
        "max_segment_duration": 0.5,
        "method_order_seed": 0,
        "randomize_method_order": false,
        "recheck_before_segment": false,
        "segment_long_skills": false,
        "threshold_scale_by_skill": "",
        "threshold_scale_global": 1.0
      },
      "output_dir": "/mnt/data/students/lph/recording/codex_goal_full_sota_online_comparison_20260606_235526/online/large_stage1_2seed10ep_all_methods/lane_v2_hard_contract__seed_1234__ep_000_002",
      "phase4_root": "/mnt/data/students/lph/GR00T-WholeBodyControl/outputs/casa/phase4_dataset_v1_strict_50k_20260522",
      "phase5_root": "/mnt/data/students/lph/GR00T-WholeBodyControl/outputs/casa/phase5_conformal_baselines_20260522",
      "policy_checkpoint_dir": "/tmp/casa_upload_worktree/gear_sonic_deploy/policy/release",
      "run_id": "phase5_online_v2_hard_contract_1234_000_002_20260523",
      "seeds": [
        1234
      ],
      "sim_scene": "gear_sonic/data/robot_model/model_data/g1/scene_casa_v1.xml",
      "zmq_out_port": 18203,
      "zmq_port": 18202
    },
    {
      "domain_id": 161,
      "episode_end_exclusive": 4,
      "episode_start": 2,
      "episodes_per_seed": 2,
      "expected_artifacts": [
        "online/online_episode_results.csv",
        "online/gate_decisions.csv",
        "online/method_summary.json",
        "lane_summary.json"
      ],
      "methods": [
        "hard_contract"
      ],
      "online_dir": "/mnt/data/students/lph/recording/codex_goal_full_sota_online_comparison_20260606_235526/online/large_stage1_2seed10ep_all_methods/lane_v2_hard_contract__seed_1234__ep_002_004/online",
      "online_policy": {
        "adaptive_retry_count": 1,
        "fallback_policy": "auto",
        "max_segment_duration": 0.5,
        "method_order_seed": 0,
        "randomize_method_order": false,
        "recheck_before_segment": false,
        "segment_long_skills": false,
        "threshold_scale_by_skill": "",
        "threshold_scale_global": 1.0
      },
      "output_dir": "/mnt/data/students/lph/recording/codex_goal_full_sota_online_comparison_20260606_235526/online/large_stage1_2seed10ep_all_methods/lane_v2_hard_contract__seed_1234__ep_002_004",
      "phase4_root": "/mnt/data/students/lph/GR00T-WholeBodyControl/outputs/casa/phase4_dataset_v1_strict_50k_20260522",
      "phase5_root": "/mnt/data/students/lph/GR00T-WholeBodyControl/outputs/casa/phase5_conformal_baselines_20260522",
      "policy_checkpoint_dir": "/tmp/casa_upload_worktree/gear_sonic_deploy/policy/release",
      "run_id": "phase5_online_v2_hard_contract_1234_002_004_20260523",
      "seeds": [
        1234
      ],
      "sim_scene": "gear_sonic/data/robot_model/model_data/g1/scene_casa_v1.xml",
      "zmq_out_port": 18243,
      "zmq_port": 18242
    },
    {
      "domain_id": 151,
      "episode_end_exclusive": 6,
      "episode_start": 4,
      "episodes_per_seed": 2,
      "expected_artifacts": [
        "online/online_episode_results.csv",
        "online/gate_decisions.csv",
        "online/method_summary.json",
        "lane_summary.json"
      ],
      "methods": [
        "hard_contract"
      ],
      "online_dir": "/mnt/data/students/lph/recording/codex_goal_full_sota_online_comparison_20260606_235526/online/large_stage1_2seed10ep_all_methods/lane_v2_hard_contract__seed_1234__ep_004_006/online",
      "online_policy": {
        "adaptive_retry_count": 1,
        "fallback_policy": "auto",
        "max_segment_duration": 0.5,
        "method_order_seed": 0,
        "randomize_method_order": false,
        "recheck_before_segment": false,
        "segment_long_skills": false,
        "threshold_scale_by_skill": "",
        "threshold_scale_global": 1.0
      },
      "output_dir": "/mnt/data/students/lph/recording/codex_goal_full_sota_online_comparison_20260606_235526/online/large_stage1_2seed10ep_all_methods/lane_v2_hard_contract__seed_1234__ep_004_006",
      "phase4_root": "/mnt/data/students/lph/GR00T-WholeBodyControl/outputs/casa/phase4_dataset_v1_strict_50k_20260522",
      "phase5_root": "/mnt/data/students/lph/GR00T-WholeBodyControl/outputs/casa/phase5_conformal_baselines_20260522",
      "policy_checkpoint_dir": "/tmp/casa_upload_worktree/gear_sonic_deploy/policy/release",
      "run_id": "phase5_online_v2_hard_contract_1234_004_006_20260523",
      "seeds": [
        1234
      ],
      "sim_scene": "gear_sonic/data/robot_model/model_data/g1/scene_casa_v1.xml",
      "zmq_out_port": 18283,
      "zmq_port": 18282
    },
    {
      "domain_id": 141,
      "episode_end_exclusive": 8,
      "episode_start": 6,
      "episodes_per_seed": 2,
      "expected_artifacts": [
        "online/online_episode_results.csv",
        "online/gate_decisions.csv",
        "online/method_summary.json",
        "lane_summary.json"
      ],
      "methods": [
        "hard_contract"
      ],
      "online_dir": "/mnt/data/students/lph/recording/codex_goal_full_sota_online_comparison_20260606_235526/online/large_stage1_2seed10ep_all_methods/lane_v2_hard_contract__seed_1234__ep_006_008/online",
      "online_policy": {
        "adaptive_retry_count": 1,
        "fallback_policy": "auto",
        "max_segment_duration": 0.5,
        "method_order_seed": 0,
        "randomize_method_order": false,
        "recheck_before_segment": false,
        "segment_long_skills": false,
        "threshold_scale_by_skill": "",
        "threshold_scale_global": 1.0
      },
      "output_dir": "/mnt/data/students/lph/recording/codex_goal_full_sota_online_comparison_20260606_235526/online/large_stage1_2seed10ep_all_methods/lane_v2_hard_contract__seed_1234__ep_006_008",
      "phase4_root": "/mnt/data/students/lph/GR00T-WholeBodyControl/outputs/casa/phase4_dataset_v1_strict_50k_20260522",
      "phase5_root": "/mnt/data/students/lph/GR00T-WholeBodyControl/outputs/casa/phase5_conformal_baselines_20260522",
      "policy_checkpoint_dir": "/tmp/casa_upload_worktree/gear_sonic_deploy/policy/release",
      "run_id": "phase5_online_v2_hard_contract_1234_006_008_20260523",
      "seeds": [
        1234
      ],
      "sim_scene": "gear_sonic/data/robot_model/model_data/g1/scene_casa_v1.xml",
      "zmq_out_port": 18323,
      "zmq_port": 18322
    },
    {
      "domain_id": 161,
      "episode_end_exclusive": 10,
      "episode_start": 8,
      "episodes_per_seed": 2,
      "expected_artifacts": [
        "online/online_episode_results.csv",
        "online/gate_decisions.csv",
        "online/method_summary.json",
        "lane_summary.json"
      ],
      "methods": [
        "hard_contract"
      ],
      "online_dir": "/mnt/data/students/lph/recording/codex_goal_full_sota_online_comparison_20260606_235526/online/large_stage1_2seed10ep_all_methods/lane_v2_hard_contract__seed_1234__ep_008_010/online",
      "online_policy": {
        "adaptive_retry_count": 1,
        "fallback_policy": "auto",
        "max_segment_duration": 0.5,
        "method_order_seed": 0,
        "randomize_method_order": false,
        "recheck_before_segment": false,
        "segment_long_skills": false,
        "threshold_scale_by_skill": "",
        "threshold_scale_global": 1.0
      },
      "output_dir": "/mnt/data/students/lph/recording/codex_goal_full_sota_online_comparison_20260606_235526/online/large_stage1_2seed10ep_all_methods/lane_v2_hard_contract__seed_1234__ep_008_010",
      "phase4_root": "/mnt/data/students/lph/GR00T-WholeBodyControl/outputs/casa/phase4_dataset_v1_strict_50k_20260522",
      "phase5_root": "/mnt/data/students/lph/GR00T-WholeBodyControl/outputs/casa/phase5_conformal_baselines_20260522",
      "policy_checkpoint_dir": "/tmp/casa_upload_worktree/gear_sonic_deploy/policy/release",
      "run_id": "phase5_online_v2_hard_contract_1234_008_010_20260523",
      "seeds": [
        1234
      ],
      "sim_scene": "gear_sonic/data/robot_model/model_data/g1/scene_casa_v1.xml",
      "zmq_out_port": 18363,
      "zmq_port": 18362
    },
    {
      "domain_id": 151,
      "episode_end_exclusive": 2,
      "episode_start": 0,
      "episodes_per_seed": 2,
      "expected_artifacts": [
        "online/online_episode_results.csv",
        "online/gate_decisions.csv",
        "online/method_summary.json",
        "lane_summary.json"
      ],
      "methods": [
        "hard_contract"
      ],
      "online_dir": "/mnt/data/students/lph/recording/codex_goal_full_sota_online_comparison_20260606_235526/online/large_stage1_2seed10ep_all_methods/lane_v2_hard_contract__seed_1235__ep_000_002/online",
      "online_policy": {
        "adaptive_retry_count": 1,
        "fallback_policy": "auto",
        "max_segment_duration": 0.5,
        "method_order_seed": 0,
        "randomize_method_order": false,
        "recheck_before_segment": false,
        "segment_long_skills": false,
        "threshold_scale_by_skill": "",
        "threshold_scale_global": 1.0
      },
      "output_dir": "/mnt/data/students/lph/recording/codex_goal_full_sota_online_comparison_20260606_235526/online/large_stage1_2seed10ep_all_methods/lane_v2_hard_contract__seed_1235__ep_000_002",
      "phase4_root": "/mnt/data/students/lph/GR00T-WholeBodyControl/outputs/casa/phase4_dataset_v1_strict_50k_20260522",
      "phase5_root": "/mnt/data/students/lph/GR00T-WholeBodyControl/outputs/casa/phase5_conformal_baselines_20260522",
      "policy_checkpoint_dir": "/tmp/casa_upload_worktree/gear_sonic_deploy/policy/release",
      "run_id": "phase5_online_v2_hard_contract_1235_000_002_20260523",
      "seeds": [
        1235
      ],
      "sim_scene": "gear_sonic/data/robot_model/model_data/g1/scene_casa_v1.xml",
      "zmq_out_port": 18223,
      "zmq_port": 18222
    },
    {
      "domain_id": 141,
      "episode_end_exclusive": 4,
      "episode_start": 2,
      "episodes_per_seed": 2,
      "expected_artifacts": [
        "online/online_episode_results.csv",
        "online/gate_decisions.csv",
        "online/method_summary.json",
        "lane_summary.json"
      ],
      "methods": [
        "hard_contract"
      ],
      "online_dir": "/mnt/data/students/lph/recording/codex_goal_full_sota_online_comparison_20260606_235526/online/large_stage1_2seed10ep_all_methods/lane_v2_hard_contract__seed_1235__ep_002_004/online",
      "online_policy": {
        "adaptive_retry_count": 1,
        "fallback_policy": "auto",
        "max_segment_duration": 0.5,
        "method_order_seed": 0,
        "randomize_method_order": false,
        "recheck_before_segment": false,
        "segment_long_skills": false,
        "threshold_scale_by_skill": "",
        "threshold_scale_global": 1.0
      },
      "output_dir": "/mnt/data/students/lph/recording/codex_goal_full_sota_online_comparison_20260606_235526/online/large_stage1_2seed10ep_all_methods/lane_v2_hard_contract__seed_1235__ep_002_004",
      "phase4_root": "/mnt/data/students/lph/GR00T-WholeBodyControl/outputs/casa/phase4_dataset_v1_strict_50k_20260522",
      "phase5_root": "/mnt/data/students/lph/GR00T-WholeBodyControl/outputs/casa/phase5_conformal_baselines_20260522",
      "policy_checkpoint_dir": "/tmp/casa_upload_worktree/gear_sonic_deploy/policy/release",
      "run_id": "phase5_online_v2_hard_contract_1235_002_004_20260523",
      "seeds": [
        1235
      ],
      "sim_scene": "gear_sonic/data/robot_model/model_data/g1/scene_casa_v1.xml",
      "zmq_out_port": 18263,
      "zmq_port": 18262
    },
    {
      "domain_id": 161,
      "episode_end_exclusive": 6,
      "episode_start": 4,
      "episodes_per_seed": 2,
      "expected_artifacts": [
        "online/online_episode_results.csv",
        "online/gate_decisions.csv",
        "online/method_summary.json",
        "lane_summary.json"
      ],
      "methods": [
        "hard_contract"
      ],
      "online_dir": "/mnt/data/students/lph/recording/codex_goal_full_sota_online_comparison_20260606_235526/online/large_stage1_2seed10ep_all_methods/lane_v2_hard_contract__seed_1235__ep_004_006/online",
      "online_policy": {
        "adaptive_retry_count": 1,
        "fallback_policy": "auto",
        "max_segment_duration": 0.5,
        "method_order_seed": 0,
        "randomize_method_order": false,
        "recheck_before_segment": false,
        "segment_long_skills": false,
        "threshold_scale_by_skill": "",
        "threshold_scale_global": 1.0
      },
      "output_dir": "/mnt/data/students/lph/recording/codex_goal_full_sota_online_comparison_20260606_235526/online/large_stage1_2seed10ep_all_methods/lane_v2_hard_contract__seed_1235__ep_004_006",
      "phase4_root": "/mnt/data/students/lph/GR00T-WholeBodyControl/outputs/casa/phase4_dataset_v1_strict_50k_20260522",
      "phase5_root": "/mnt/data/students/lph/GR00T-WholeBodyControl/outputs/casa/phase5_conformal_baselines_20260522",
      "policy_checkpoint_dir": "/tmp/casa_upload_worktree/gear_sonic_deploy/policy/release",
      "run_id": "phase5_online_v2_hard_contract_1235_004_006_20260523",
      "seeds": [
        1235
      ],
      "sim_scene": "gear_sonic/data/robot_model/model_data/g1/scene_casa_v1.xml",
      "zmq_out_port": 18303,
      "zmq_port": 18302
    },
    {
      "domain_id": 151,
      "episode_end_exclusive": 8,
      "episode_start": 6,
      "episodes_per_seed": 2,
      "expected_artifacts": [
        "online/online_episode_results.csv",
        "online/gate_decisions.csv",
        "online/method_summary.json",
        "lane_summary.json"
      ],
      "methods": [
        "hard_contract"
      ],
      "online_dir": "/mnt/data/students/lph/recording/codex_goal_full_sota_online_comparison_20260606_235526/online/large_stage1_2seed10ep_all_methods/lane_v2_hard_contract__seed_1235__ep_006_008/online",
      "online_policy": {
        "adaptive_retry_count": 1,
        "fallback_policy": "auto",
        "max_segment_duration": 0.5,
        "method_order_seed": 0,
        "randomize_method_order": false,
        "recheck_before_segment": false,
        "segment_long_skills": false,
        "threshold_scale_by_skill": "",
        "threshold_scale_global": 1.0
      },
      "output_dir": "/mnt/data/students/lph/recording/codex_goal_full_sota_online_comparison_20260606_235526/online/large_stage1_2seed10ep_all_methods/lane_v2_hard_contract__seed_1235__ep_006_008",
      "phase4_root": "/mnt/data/students/lph/GR00T-WholeBodyControl/outputs/casa/phase4_dataset_v1_strict_50k_20260522",
      "phase5_root": "/mnt/data/students/lph/GR00T-WholeBodyControl/outputs/casa/phase5_conformal_baselines_20260522",
      "policy_checkpoint_dir": "/tmp/casa_upload_worktree/gear_sonic_deploy/policy/release",
      "run_id": "phase5_online_v2_hard_contract_1235_006_008_20260523",
      "seeds": [
        1235
      ],
      "sim_scene": "gear_sonic/data/robot_model/model_data/g1/scene_casa_v1.xml",
      "zmq_out_port": 18343,
      "zmq_port": 18342
    },
    {
      "domain_id": 141,
      "episode_end_exclusive": 10,
      "episode_start": 8,
      "episodes_per_seed": 2,
      "expected_artifacts": [
        "online/online_episode_results.csv",
        "online/gate_decisions.csv",
        "online/method_summary.json",
        "lane_summary.json"
      ],
      "methods": [
        "hard_contract"
      ],
      "online_dir": "/mnt/data/students/lph/recording/codex_goal_full_sota_online_comparison_20260606_235526/online/large_stage1_2seed10ep_all_methods/lane_v2_hard_contract__seed_1235__ep_008_010/online",
      "online_policy": {
        "adaptive_retry_count": 1,
        "fallback_policy": "auto",
        "max_segment_duration": 0.5,
        "method_order_seed": 0,
        "randomize_method_order": false,
        "recheck_before_segment": false,
        "segment_long_skills": false,
        "threshold_scale_by_skill": "",
        "threshold_scale_global": 1.0
      },
      "output_dir": "/mnt/data/students/lph/recording/codex_goal_full_sota_online_comparison_20260606_235526/online/large_stage1_2seed10ep_all_methods/lane_v2_hard_contract__seed_1235__ep_008_010",
      "phase4_root": "/mnt/data/students/lph/GR00T-WholeBodyControl/outputs/casa/phase4_dataset_v1_strict_50k_20260522",
      "phase5_root": "/mnt/data/students/lph/GR00T-WholeBodyControl/outputs/casa/phase5_conformal_baselines_20260522",
      "policy_checkpoint_dir": "/tmp/casa_upload_worktree/gear_sonic_deploy/policy/release",
      "run_id": "phase5_online_v2_hard_contract_1235_008_010_20260523",
      "seeds": [
        1235
      ],
      "sim_scene": "gear_sonic/data/robot_model/model_data/g1/scene_casa_v1.xml",
      "zmq_out_port": 18383,
      "zmq_port": 18382
    },
    {
      "domain_id": 148,
      "episode_end_exclusive": 2,
      "episode_start": 0,
      "episodes_per_seed": 2,
      "expected_artifacts": [
        "online/online_episode_results.csv",
        "online/gate_decisions.csv",
        "online/method_summary.json",
        "lane_summary.json"
      ],
      "methods": [
        "mpc_cbf_humanoid_adapted"
      ],
      "online_dir": "/mnt/data/students/lph/recording/codex_goal_full_sota_online_comparison_20260606_235526/online/large_stage1_2seed10ep_all_methods/lane_v2_mpc_cbf_humanoid_adapted__seed_1234__ep_000_002/online",
      "online_policy": {
        "adaptive_retry_count": 1,
        "fallback_policy": "auto",
        "max_segment_duration": 0.5,
        "method_order_seed": 0,
        "randomize_method_order": false,
        "recheck_before_segment": false,
        "segment_long_skills": false,
        "threshold_scale_by_skill": "",
        "threshold_scale_global": 1.0
      },
      "output_dir": "/mnt/data/students/lph/recording/codex_goal_full_sota_online_comparison_20260606_235526/online/large_stage1_2seed10ep_all_methods/lane_v2_mpc_cbf_humanoid_adapted__seed_1234__ep_000_002",
      "phase4_root": "/mnt/data/students/lph/GR00T-WholeBodyControl/outputs/casa/phase4_dataset_v1_strict_50k_20260522",
      "phase5_root": "/mnt/data/students/lph/GR00T-WholeBodyControl/outputs/casa/phase5_conformal_baselines_20260522",
      "policy_checkpoint_dir": "/tmp/casa_upload_worktree/gear_sonic_deploy/policy/release",
      "run_id": "phase5_online_v2_mpc_cbf_humanoid_adapted_1234_000_002_20260523",
      "seeds": [
        1234
      ],
      "sim_scene": "gear_sonic/data/robot_model/model_data/g1/scene_casa_v1.xml",
      "zmq_out_port": 18217,
      "zmq_port": 18216
    },
    {
      "domain_id": 168,
      "episode_end_exclusive": 4,
      "episode_start": 2,
      "episodes_per_seed": 2,
      "expected_artifacts": [
        "online/online_episode_results.csv",
        "online/gate_decisions.csv",
        "online/method_summary.json",
        "lane_summary.json"
      ],
      "methods": [
        "mpc_cbf_humanoid_adapted"
      ],
      "online_dir": "/mnt/data/students/lph/recording/codex_goal_full_sota_online_comparison_20260606_235526/online/large_stage1_2seed10ep_all_methods/lane_v2_mpc_cbf_humanoid_adapted__seed_1234__ep_002_004/online",
      "online_policy": {
        "adaptive_retry_count": 1,
        "fallback_policy": "auto",
        "max_segment_duration": 0.5,
        "method_order_seed": 0,
        "randomize_method_order": false,
        "recheck_before_segment": false,
        "segment_long_skills": false,
        "threshold_scale_by_skill": "",
        "threshold_scale_global": 1.0
      },
      "output_dir": "/mnt/data/students/lph/recording/codex_goal_full_sota_online_comparison_20260606_235526/online/large_stage1_2seed10ep_all_methods/lane_v2_mpc_cbf_humanoid_adapted__seed_1234__ep_002_004",
      "phase4_root": "/mnt/data/students/lph/GR00T-WholeBodyControl/outputs/casa/phase4_dataset_v1_strict_50k_20260522",
      "phase5_root": "/mnt/data/students/lph/GR00T-WholeBodyControl/outputs/casa/phase5_conformal_baselines_20260522",
      "policy_checkpoint_dir": "/tmp/casa_upload_worktree/gear_sonic_deploy/policy/release",
      "run_id": "phase5_online_v2_mpc_cbf_humanoid_adapted_1234_002_004_20260523",
      "seeds": [
        1234
      ],
      "sim_scene": "gear_sonic/data/robot_model/model_data/g1/scene_casa_v1.xml",
      "zmq_out_port": 18257,
      "zmq_port": 18256
    },
    {
      "domain_id": 158,
      "episode_end_exclusive": 6,
      "episode_start": 4,
      "episodes_per_seed": 2,
      "expected_artifacts": [
        "online/online_episode_results.csv",
        "online/gate_decisions.csv",
        "online/method_summary.json",
        "lane_summary.json"
      ],
      "methods": [
        "mpc_cbf_humanoid_adapted"
      ],
      "online_dir": "/mnt/data/students/lph/recording/codex_goal_full_sota_online_comparison_20260606_235526/online/large_stage1_2seed10ep_all_methods/lane_v2_mpc_cbf_humanoid_adapted__seed_1234__ep_004_006/online",
      "online_policy": {
        "adaptive_retry_count": 1,
        "fallback_policy": "auto",
        "max_segment_duration": 0.5,
        "method_order_seed": 0,
        "randomize_method_order": false,
        "recheck_before_segment": false,
        "segment_long_skills": false,
        "threshold_scale_by_skill": "",
        "threshold_scale_global": 1.0
      },
      "output_dir": "/mnt/data/students/lph/recording/codex_goal_full_sota_online_comparison_20260606_235526/online/large_stage1_2seed10ep_all_methods/lane_v2_mpc_cbf_humanoid_adapted__seed_1234__ep_004_006",
      "phase4_root": "/mnt/data/students/lph/GR00T-WholeBodyControl/outputs/casa/phase4_dataset_v1_strict_50k_20260522",
      "phase5_root": "/mnt/data/students/lph/GR00T-WholeBodyControl/outputs/casa/phase5_conformal_baselines_20260522",
      "policy_checkpoint_dir": "/tmp/casa_upload_worktree/gear_sonic_deploy/policy/release",
      "run_id": "phase5_online_v2_mpc_cbf_humanoid_adapted_1234_004_006_20260523",
      "seeds": [
        1234
      ],
      "sim_scene": "gear_sonic/data/robot_model/model_data/g1/scene_casa_v1.xml",
      "zmq_out_port": 18297,
      "zmq_port": 18296
    },
    {
      "domain_id": 148,
      "episode_end_exclusive": 8,
      "episode_start": 6,
      "episodes_per_seed": 2,
      "expected_artifacts": [
        "online/online_episode_results.csv",
        "online/gate_decisions.csv",
        "online/method_summary.json",
        "lane_summary.json"
      ],
      "methods": [
        "mpc_cbf_humanoid_adapted"
      ],
      "online_dir": "/mnt/data/students/lph/recording/codex_goal_full_sota_online_comparison_20260606_235526/online/large_stage1_2seed10ep_all_methods/lane_v2_mpc_cbf_humanoid_adapted__seed_1234__ep_006_008/online",
      "online_policy": {
        "adaptive_retry_count": 1,
        "fallback_policy": "auto",
        "max_segment_duration": 0.5,
        "method_order_seed": 0,
        "randomize_method_order": false,
        "recheck_before_segment": false,
        "segment_long_skills": false,
        "threshold_scale_by_skill": "",
        "threshold_scale_global": 1.0
      },
      "output_dir": "/mnt/data/students/lph/recording/codex_goal_full_sota_online_comparison_20260606_235526/online/large_stage1_2seed10ep_all_methods/lane_v2_mpc_cbf_humanoid_adapted__seed_1234__ep_006_008",
      "phase4_root": "/mnt/data/students/lph/GR00T-WholeBodyControl/outputs/casa/phase4_dataset_v1_strict_50k_20260522",
      "phase5_root": "/mnt/data/students/lph/GR00T-WholeBodyControl/outputs/casa/phase5_conformal_baselines_20260522",
      "policy_checkpoint_dir": "/tmp/casa_upload_worktree/gear_sonic_deploy/policy/release",
      "run_id": "phase5_online_v2_mpc_cbf_humanoid_adapted_1234_006_008_20260523",
      "seeds": [
        1234
      ],
      "sim_scene": "gear_sonic/data/robot_model/model_data/g1/scene_casa_v1.xml",
      "zmq_out_port": 18337,
      "zmq_port": 18336
    },
    {
      "domain_id": 168,
      "episode_end_exclusive": 10,
      "episode_start": 8,
      "episodes_per_seed": 2,
      "expected_artifacts": [
        "online/online_episode_results.csv",
        "online/gate_decisions.csv",
        "online/method_summary.json",
        "lane_summary.json"
      ],
      "methods": [
        "mpc_cbf_humanoid_adapted"
      ],
      "online_dir": "/mnt/data/students/lph/recording/codex_goal_full_sota_online_comparison_20260606_235526/online/large_stage1_2seed10ep_all_methods/lane_v2_mpc_cbf_humanoid_adapted__seed_1234__ep_008_010/online",
      "online_policy": {
        "adaptive_retry_count": 1,
        "fallback_policy": "auto",
        "max_segment_duration": 0.5,
        "method_order_seed": 0,
        "randomize_method_order": false,
        "recheck_before_segment": false,
        "segment_long_skills": false,
        "threshold_scale_by_skill": "",
        "threshold_scale_global": 1.0
      },
      "output_dir": "/mnt/data/students/lph/recording/codex_goal_full_sota_online_comparison_20260606_235526/online/large_stage1_2seed10ep_all_methods/lane_v2_mpc_cbf_humanoid_adapted__seed_1234__ep_008_010",
      "phase4_root": "/mnt/data/students/lph/GR00T-WholeBodyControl/outputs/casa/phase4_dataset_v1_strict_50k_20260522",
      "phase5_root": "/mnt/data/students/lph/GR00T-WholeBodyControl/outputs/casa/phase5_conformal_baselines_20260522",
      "policy_checkpoint_dir": "/tmp/casa_upload_worktree/gear_sonic_deploy/policy/release",
      "run_id": "phase5_online_v2_mpc_cbf_humanoid_adapted_1234_008_010_20260523",
      "seeds": [
        1234
      ],
      "sim_scene": "gear_sonic/data/robot_model/model_data/g1/scene_casa_v1.xml",
      "zmq_out_port": 18377,
      "zmq_port": 18376
    },
    {
      "domain_id": 158,
      "episode_end_exclusive": 2,
      "episode_start": 0,
      "episodes_per_seed": 2,
      "expected_artifacts": [
        "online/online_episode_results.csv",
        "online/gate_decisions.csv",
        "online/method_summary.json",
        "lane_summary.json"
      ],
      "methods": [
        "mpc_cbf_humanoid_adapted"
      ],
      "online_dir": "/mnt/data/students/lph/recording/codex_goal_full_sota_online_comparison_20260606_235526/online/large_stage1_2seed10ep_all_methods/lane_v2_mpc_cbf_humanoid_adapted__seed_1235__ep_000_002/online",
      "online_policy": {
        "adaptive_retry_count": 1,
        "fallback_policy": "auto",
        "max_segment_duration": 0.5,
        "method_order_seed": 0,
        "randomize_method_order": false,
        "recheck_before_segment": false,
        "segment_long_skills": false,
        "threshold_scale_by_skill": "",
        "threshold_scale_global": 1.0
      },
      "output_dir": "/mnt/data/students/lph/recording/codex_goal_full_sota_online_comparison_20260606_235526/online/large_stage1_2seed10ep_all_methods/lane_v2_mpc_cbf_humanoid_adapted__seed_1235__ep_000_002",
      "phase4_root": "/mnt/data/students/lph/GR00T-WholeBodyControl/outputs/casa/phase4_dataset_v1_strict_50k_20260522",
      "phase5_root": "/mnt/data/students/lph/GR00T-WholeBodyControl/outputs/casa/phase5_conformal_baselines_20260522",
      "policy_checkpoint_dir": "/tmp/casa_upload_worktree/gear_sonic_deploy/policy/release",
      "run_id": "phase5_online_v2_mpc_cbf_humanoid_adapted_1235_000_002_20260523",
      "seeds": [
        1235
      ],
      "sim_scene": "gear_sonic/data/robot_model/model_data/g1/scene_casa_v1.xml",
      "zmq_out_port": 18237,
      "zmq_port": 18236
    },
    {
      "domain_id": 148,
      "episode_end_exclusive": 4,
      "episode_start": 2,
      "episodes_per_seed": 2,
      "expected_artifacts": [
        "online/online_episode_results.csv",
        "online/gate_decisions.csv",
        "online/method_summary.json",
        "lane_summary.json"
      ],
      "methods": [
        "mpc_cbf_humanoid_adapted"
      ],
      "online_dir": "/mnt/data/students/lph/recording/codex_goal_full_sota_online_comparison_20260606_235526/online/large_stage1_2seed10ep_all_methods/lane_v2_mpc_cbf_humanoid_adapted__seed_1235__ep_002_004/online",
      "online_policy": {
        "adaptive_retry_count": 1,
        "fallback_policy": "auto",
        "max_segment_duration": 0.5,
        "method_order_seed": 0,
        "randomize_method_order": false,
        "recheck_before_segment": false,
        "segment_long_skills": false,
        "threshold_scale_by_skill": "",
        "threshold_scale_global": 1.0
      },
      "output_dir": "/mnt/data/students/lph/recording/codex_goal_full_sota_online_comparison_20260606_235526/online/large_stage1_2seed10ep_all_methods/lane_v2_mpc_cbf_humanoid_adapted__seed_1235__ep_002_004",
      "phase4_root": "/mnt/data/students/lph/GR00T-WholeBodyControl/outputs/casa/phase4_dataset_v1_strict_50k_20260522",
      "phase5_root": "/mnt/data/students/lph/GR00T-WholeBodyControl/outputs/casa/phase5_conformal_baselines_20260522",
      "policy_checkpoint_dir": "/tmp/casa_upload_worktree/gear_sonic_deploy/policy/release",
      "run_id": "phase5_online_v2_mpc_cbf_humanoid_adapted_1235_002_004_20260523",
      "seeds": [
        1235
      ],
      "sim_scene": "gear_sonic/data/robot_model/model_data/g1/scene_casa_v1.xml",
      "zmq_out_port": 18277,
      "zmq_port": 18276
    },
    {
      "domain_id": 168,
      "episode_end_exclusive": 6,
      "episode_start": 4,
      "episodes_per_seed": 2,
      "expected_artifacts": [
        "online/online_episode_results.csv",
        "online/gate_decisions.csv",
        "online/method_summary.json",
        "lane_summary.json"
      ],
      "methods": [
        "mpc_cbf_humanoid_adapted"
      ],
      "online_dir": "/mnt/data/students/lph/recording/codex_goal_full_sota_online_comparison_20260606_235526/online/large_stage1_2seed10ep_all_methods/lane_v2_mpc_cbf_humanoid_adapted__seed_1235__ep_004_006/online",
      "online_policy": {
        "adaptive_retry_count": 1,
        "fallback_policy": "auto",
        "max_segment_duration": 0.5,
        "method_order_seed": 0,
        "randomize_method_order": false,
        "recheck_before_segment": false,
        "segment_long_skills": false,
        "threshold_scale_by_skill": "",
        "threshold_scale_global": 1.0
      },
      "output_dir": "/mnt/data/students/lph/recording/codex_goal_full_sota_online_comparison_20260606_235526/online/large_stage1_2seed10ep_all_methods/lane_v2_mpc_cbf_humanoid_adapted__seed_1235__ep_004_006",
      "phase4_root": "/mnt/data/students/lph/GR00T-WholeBodyControl/outputs/casa/phase4_dataset_v1_strict_50k_20260522",
      "phase5_root": "/mnt/data/students/lph/GR00T-WholeBodyControl/outputs/casa/phase5_conformal_baselines_20260522",
      "policy_checkpoint_dir": "/tmp/casa_upload_worktree/gear_sonic_deploy/policy/release",
      "run_id": "phase5_online_v2_mpc_cbf_humanoid_adapted_1235_004_006_20260523",
      "seeds": [
        1235
      ],
      "sim_scene": "gear_sonic/data/robot_model/model_data/g1/scene_casa_v1.xml",
      "zmq_out_port": 18317,
      "zmq_port": 18316
    },
    {
      "domain_id": 140,
      "episode_end_exclusive": 8,
      "episode_start": 6,
      "episodes_per_seed": 2,
      "expected_artifacts": [
        "online/online_episode_results.csv",
        "online/gate_decisions.csv",
        "online/method_summary.json",
        "lane_summary.json"
      ],
      "methods": [
        "mpc_cbf_humanoid_adapted"
      ],
      "online_dir": "/mnt/data/students/lph/recording/codex_goal_full_sota_online_comparison_20260606_235526/online/large_stage1_2seed10ep_all_methods/lane_v2_mpc_cbf_humanoid_adapted__seed_1235__ep_006_008/online",
      "online_policy": {
        "adaptive_retry_count": 1,
        "fallback_policy": "auto",
        "max_segment_duration": 0.5,
        "method_order_seed": 0,
        "randomize_method_order": false,
        "recheck_before_segment": false,
        "segment_long_skills": false,
        "threshold_scale_by_skill": "",
        "threshold_scale_global": 1.0
      },
      "output_dir": "/mnt/data/students/lph/recording/codex_goal_full_sota_online_comparison_20260606_235526/online/large_stage1_2seed10ep_all_methods/lane_v2_mpc_cbf_humanoid_adapted__seed_1235__ep_006_008",
      "phase4_root": "/mnt/data/students/lph/GR00T-WholeBodyControl/outputs/casa/phase4_dataset_v1_strict_50k_20260522",
      "phase5_root": "/mnt/data/students/lph/GR00T-WholeBodyControl/outputs/casa/phase5_conformal_baselines_20260522",
      "policy_checkpoint_dir": "/tmp/casa_upload_worktree/gear_sonic_deploy/policy/release",
      "run_id": "phase5_online_v2_mpc_cbf_humanoid_adapted_1235_006_008_20260523",
      "seeds": [
        1235
      ],
      "sim_scene": "gear_sonic/data/robot_model/model_data/g1/scene_casa_v1.xml",
      "zmq_out_port": 18201,
      "zmq_port": 18200
    },
    {
      "domain_id": 148,
      "episode_end_exclusive": 10,
      "episode_start": 8,
      "episodes_per_seed": 2,
      "expected_artifacts": [
        "online/online_episode_results.csv",
        "online/gate_decisions.csv",
        "online/method_summary.json",
        "lane_summary.json"
      ],
      "methods": [
        "mpc_cbf_humanoid_adapted"
      ],
      "online_dir": "/mnt/data/students/lph/recording/codex_goal_full_sota_online_comparison_20260606_235526/online/large_stage1_2seed10ep_all_methods/lane_v2_mpc_cbf_humanoid_adapted__seed_1235__ep_008_010/online",
      "online_policy": {
        "adaptive_retry_count": 1,
        "fallback_policy": "auto",
        "max_segment_duration": 0.5,
        "method_order_seed": 0,
        "randomize_method_order": false,
        "recheck_before_segment": false,
        "segment_long_skills": false,
        "threshold_scale_by_skill": "",
        "threshold_scale_global": 1.0
      },
      "output_dir": "/mnt/data/students/lph/recording/codex_goal_full_sota_online_comparison_20260606_235526/online/large_stage1_2seed10ep_all_methods/lane_v2_mpc_cbf_humanoid_adapted__seed_1235__ep_008_010",
      "phase4_root": "/mnt/data/students/lph/GR00T-WholeBodyControl/outputs/casa/phase4_dataset_v1_strict_50k_20260522",
      "phase5_root": "/mnt/data/students/lph/GR00T-WholeBodyControl/outputs/casa/phase5_conformal_baselines_20260522",
      "policy_checkpoint_dir": "/tmp/casa_upload_worktree/gear_sonic_deploy/policy/release",
      "run_id": "phase5_online_v2_mpc_cbf_humanoid_adapted_1235_008_010_20260523",
      "seeds": [
        1235
      ],
      "sim_scene": "gear_sonic/data/robot_model/model_data/g1/scene_casa_v1.xml",
      "zmq_out_port": 18397,
      "zmq_port": 18396
    },
    {
      "domain_id": 146,
      "episode_end_exclusive": 2,
      "episode_start": 0,
      "episodes_per_seed": 2,
      "expected_artifacts": [
        "online/online_episode_results.csv",
        "online/gate_decisions.csv",
        "online/method_summary.json",
        "lane_summary.json"
      ],
      "methods": [
        "pcbf_adapted"
      ],
      "online_dir": "/mnt/data/students/lph/recording/codex_goal_full_sota_online_comparison_20260606_235526/online/large_stage1_2seed10ep_all_methods/lane_v2_pcbf_adapted__seed_1234__ep_000_002/online",
      "online_policy": {
        "adaptive_retry_count": 1,
        "fallback_policy": "auto",
        "max_segment_duration": 0.5,
        "method_order_seed": 0,
        "randomize_method_order": false,
        "recheck_before_segment": false,
        "segment_long_skills": false,
        "threshold_scale_by_skill": "",
        "threshold_scale_global": 1.0
      },
      "output_dir": "/mnt/data/students/lph/recording/codex_goal_full_sota_online_comparison_20260606_235526/online/large_stage1_2seed10ep_all_methods/lane_v2_pcbf_adapted__seed_1234__ep_000_002",
      "phase4_root": "/mnt/data/students/lph/GR00T-WholeBodyControl/outputs/casa/phase4_dataset_v1_strict_50k_20260522",
      "phase5_root": "/mnt/data/students/lph/GR00T-WholeBodyControl/outputs/casa/phase5_conformal_baselines_20260522",
      "policy_checkpoint_dir": "/tmp/casa_upload_worktree/gear_sonic_deploy/policy/release",
      "run_id": "phase5_online_v2_pcbf_adapted_1234_000_002_20260523",
      "seeds": [
        1234
      ],
      "sim_scene": "gear_sonic/data/robot_model/model_data/g1/scene_casa_v1.xml",
      "zmq_out_port": 18213,
      "zmq_port": 18212
    },
    {
      "domain_id": 166,
      "episode_end_exclusive": 4,
      "episode_start": 2,
      "episodes_per_seed": 2,
      "expected_artifacts": [
        "online/online_episode_results.csv",
        "online/gate_decisions.csv",
        "online/method_summary.json",
        "lane_summary.json"
      ],
      "methods": [
        "pcbf_adapted"
      ],
      "online_dir": "/mnt/data/students/lph/recording/codex_goal_full_sota_online_comparison_20260606_235526/online/large_stage1_2seed10ep_all_methods/lane_v2_pcbf_adapted__seed_1234__ep_002_004/online",
      "online_policy": {
        "adaptive_retry_count": 1,
        "fallback_policy": "auto",
        "max_segment_duration": 0.5,
        "method_order_seed": 0,
        "randomize_method_order": false,
        "recheck_before_segment": false,
        "segment_long_skills": false,
        "threshold_scale_by_skill": "",
        "threshold_scale_global": 1.0
      },
      "output_dir": "/mnt/data/students/lph/recording/codex_goal_full_sota_online_comparison_20260606_235526/online/large_stage1_2seed10ep_all_methods/lane_v2_pcbf_adapted__seed_1234__ep_002_004",
      "phase4_root": "/mnt/data/students/lph/GR00T-WholeBodyControl/outputs/casa/phase4_dataset_v1_strict_50k_20260522",
      "phase5_root": "/mnt/data/students/lph/GR00T-WholeBodyControl/outputs/casa/phase5_conformal_baselines_20260522",
      "policy_checkpoint_dir": "/tmp/casa_upload_worktree/gear_sonic_deploy/policy/release",
      "run_id": "phase5_online_v2_pcbf_adapted_1234_002_004_20260523",
      "seeds": [
        1234
      ],
      "sim_scene": "gear_sonic/data/robot_model/model_data/g1/scene_casa_v1.xml",
      "zmq_out_port": 18253,
      "zmq_port": 18252
    },
    {
      "domain_id": 156,
      "episode_end_exclusive": 6,
      "episode_start": 4,
      "episodes_per_seed": 2,
      "expected_artifacts": [
        "online/online_episode_results.csv",
        "online/gate_decisions.csv",
        "online/method_summary.json",
        "lane_summary.json"
      ],
      "methods": [
        "pcbf_adapted"
      ],
      "online_dir": "/mnt/data/students/lph/recording/codex_goal_full_sota_online_comparison_20260606_235526/online/large_stage1_2seed10ep_all_methods/lane_v2_pcbf_adapted__seed_1234__ep_004_006/online",
      "online_policy": {
        "adaptive_retry_count": 1,
        "fallback_policy": "auto",
        "max_segment_duration": 0.5,
        "method_order_seed": 0,
        "randomize_method_order": false,
        "recheck_before_segment": false,
        "segment_long_skills": false,
        "threshold_scale_by_skill": "",
        "threshold_scale_global": 1.0
      },
      "output_dir": "/mnt/data/students/lph/recording/codex_goal_full_sota_online_comparison_20260606_235526/online/large_stage1_2seed10ep_all_methods/lane_v2_pcbf_adapted__seed_1234__ep_004_006",
      "phase4_root": "/mnt/data/students/lph/GR00T-WholeBodyControl/outputs/casa/phase4_dataset_v1_strict_50k_20260522",
      "phase5_root": "/mnt/data/students/lph/GR00T-WholeBodyControl/outputs/casa/phase5_conformal_baselines_20260522",
      "policy_checkpoint_dir": "/tmp/casa_upload_worktree/gear_sonic_deploy/policy/release",
      "run_id": "phase5_online_v2_pcbf_adapted_1234_004_006_20260523",
      "seeds": [
        1234
      ],
      "sim_scene": "gear_sonic/data/robot_model/model_data/g1/scene_casa_v1.xml",
      "zmq_out_port": 18293,
      "zmq_port": 18292
    },
    {
      "domain_id": 146,
      "episode_end_exclusive": 8,
      "episode_start": 6,
      "episodes_per_seed": 2,
      "expected_artifacts": [
        "online/online_episode_results.csv",
        "online/gate_decisions.csv",
        "online/method_summary.json",
        "lane_summary.json"
      ],
      "methods": [
        "pcbf_adapted"
      ],
      "online_dir": "/mnt/data/students/lph/recording/codex_goal_full_sota_online_comparison_20260606_235526/online/large_stage1_2seed10ep_all_methods/lane_v2_pcbf_adapted__seed_1234__ep_006_008/online",
      "online_policy": {
        "adaptive_retry_count": 1,
        "fallback_policy": "auto",
        "max_segment_duration": 0.5,
        "method_order_seed": 0,
        "randomize_method_order": false,
        "recheck_before_segment": false,
        "segment_long_skills": false,
        "threshold_scale_by_skill": "",
        "threshold_scale_global": 1.0
      },
      "output_dir": "/mnt/data/students/lph/recording/codex_goal_full_sota_online_comparison_20260606_235526/online/large_stage1_2seed10ep_all_methods/lane_v2_pcbf_adapted__seed_1234__ep_006_008",
      "phase4_root": "/mnt/data/students/lph/GR00T-WholeBodyControl/outputs/casa/phase4_dataset_v1_strict_50k_20260522",
      "phase5_root": "/mnt/data/students/lph/GR00T-WholeBodyControl/outputs/casa/phase5_conformal_baselines_20260522",
      "policy_checkpoint_dir": "/tmp/casa_upload_worktree/gear_sonic_deploy/policy/release",
      "run_id": "phase5_online_v2_pcbf_adapted_1234_006_008_20260523",
      "seeds": [
        1234
      ],
      "sim_scene": "gear_sonic/data/robot_model/model_data/g1/scene_casa_v1.xml",
      "zmq_out_port": 18333,
      "zmq_port": 18332
    },
    {
      "domain_id": 166,
      "episode_end_exclusive": 10,
      "episode_start": 8,
      "episodes_per_seed": 2,
      "expected_artifacts": [
        "online/online_episode_results.csv",
        "online/gate_decisions.csv",
        "online/method_summary.json",
        "lane_summary.json"
      ],
      "methods": [
        "pcbf_adapted"
      ],
      "online_dir": "/mnt/data/students/lph/recording/codex_goal_full_sota_online_comparison_20260606_235526/online/large_stage1_2seed10ep_all_methods/lane_v2_pcbf_adapted__seed_1234__ep_008_010/online",
      "online_policy": {
        "adaptive_retry_count": 1,
        "fallback_policy": "auto",
        "max_segment_duration": 0.5,
        "method_order_seed": 0,
        "randomize_method_order": false,
        "recheck_before_segment": false,
        "segment_long_skills": false,
        "threshold_scale_by_skill": "",
        "threshold_scale_global": 1.0
      },
      "output_dir": "/mnt/data/students/lph/recording/codex_goal_full_sota_online_comparison_20260606_235526/online/large_stage1_2seed10ep_all_methods/lane_v2_pcbf_adapted__seed_1234__ep_008_010",
      "phase4_root": "/mnt/data/students/lph/GR00T-WholeBodyControl/outputs/casa/phase4_dataset_v1_strict_50k_20260522",
      "phase5_root": "/mnt/data/students/lph/GR00T-WholeBodyControl/outputs/casa/phase5_conformal_baselines_20260522",
      "policy_checkpoint_dir": "/tmp/casa_upload_worktree/gear_sonic_deploy/policy/release",
      "run_id": "phase5_online_v2_pcbf_adapted_1234_008_010_20260523",
      "seeds": [
        1234
      ],
      "sim_scene": "gear_sonic/data/robot_model/model_data/g1/scene_casa_v1.xml",
      "zmq_out_port": 18373,
      "zmq_port": 18372
    },
    {
      "domain_id": 156,
      "episode_end_exclusive": 2,
      "episode_start": 0,
      "episodes_per_seed": 2,
      "expected_artifacts": [
        "online/online_episode_results.csv",
        "online/gate_decisions.csv",
        "online/method_summary.json",
        "lane_summary.json"
      ],
      "methods": [
        "pcbf_adapted"
      ],
      "online_dir": "/mnt/data/students/lph/recording/codex_goal_full_sota_online_comparison_20260606_235526/online/large_stage1_2seed10ep_all_methods/lane_v2_pcbf_adapted__seed_1235__ep_000_002/online",
      "online_policy": {
        "adaptive_retry_count": 1,
        "fallback_policy": "auto",
        "max_segment_duration": 0.5,
        "method_order_seed": 0,
        "randomize_method_order": false,
        "recheck_before_segment": false,
        "segment_long_skills": false,
        "threshold_scale_by_skill": "",
        "threshold_scale_global": 1.0
      },
      "output_dir": "/mnt/data/students/lph/recording/codex_goal_full_sota_online_comparison_20260606_235526/online/large_stage1_2seed10ep_all_methods/lane_v2_pcbf_adapted__seed_1235__ep_000_002",
      "phase4_root": "/mnt/data/students/lph/GR00T-WholeBodyControl/outputs/casa/phase4_dataset_v1_strict_50k_20260522",
      "phase5_root": "/mnt/data/students/lph/GR00T-WholeBodyControl/outputs/casa/phase5_conformal_baselines_20260522",
      "policy_checkpoint_dir": "/tmp/casa_upload_worktree/gear_sonic_deploy/policy/release",
      "run_id": "phase5_online_v2_pcbf_adapted_1235_000_002_20260523",
      "seeds": [
        1235
      ],
      "sim_scene": "gear_sonic/data/robot_model/model_data/g1/scene_casa_v1.xml",
      "zmq_out_port": 18233,
      "zmq_port": 18232
    },
    {
      "domain_id": 146,
      "episode_end_exclusive": 4,
      "episode_start": 2,
      "episodes_per_seed": 2,
      "expected_artifacts": [
        "online/online_episode_results.csv",
        "online/gate_decisions.csv",
        "online/method_summary.json",
        "lane_summary.json"
      ],
      "methods": [
        "pcbf_adapted"
      ],
      "online_dir": "/mnt/data/students/lph/recording/codex_goal_full_sota_online_comparison_20260606_235526/online/large_stage1_2seed10ep_all_methods/lane_v2_pcbf_adapted__seed_1235__ep_002_004/online",
      "online_policy": {
        "adaptive_retry_count": 1,
        "fallback_policy": "auto",
        "max_segment_duration": 0.5,
        "method_order_seed": 0,
        "randomize_method_order": false,
        "recheck_before_segment": false,
        "segment_long_skills": false,
        "threshold_scale_by_skill": "",
        "threshold_scale_global": 1.0
      },
      "output_dir": "/mnt/data/students/lph/recording/codex_goal_full_sota_online_comparison_20260606_235526/online/large_stage1_2seed10ep_all_methods/lane_v2_pcbf_adapted__seed_1235__ep_002_004",
      "phase4_root": "/mnt/data/students/lph/GR00T-WholeBodyControl/outputs/casa/phase4_dataset_v1_strict_50k_20260522",
      "phase5_root": "/mnt/data/students/lph/GR00T-WholeBodyControl/outputs/casa/phase5_conformal_baselines_20260522",
      "policy_checkpoint_dir": "/tmp/casa_upload_worktree/gear_sonic_deploy/policy/release",
      "run_id": "phase5_online_v2_pcbf_adapted_1235_002_004_20260523",
      "seeds": [
        1235
      ],
      "sim_scene": "gear_sonic/data/robot_model/model_data/g1/scene_casa_v1.xml",
      "zmq_out_port": 18273,
      "zmq_port": 18272
    },
    {
      "domain_id": 166,
      "episode_end_exclusive": 6,
      "episode_start": 4,
      "episodes_per_seed": 2,
      "expected_artifacts": [
        "online/online_episode_results.csv",
        "online/gate_decisions.csv",
        "online/method_summary.json",
        "lane_summary.json"
      ],
      "methods": [
        "pcbf_adapted"
      ],
      "online_dir": "/mnt/data/students/lph/recording/codex_goal_full_sota_online_comparison_20260606_235526/online/large_stage1_2seed10ep_all_methods/lane_v2_pcbf_adapted__seed_1235__ep_004_006/online",
      "online_policy": {
        "adaptive_retry_count": 1,
        "fallback_policy": "auto",
        "max_segment_duration": 0.5,
        "method_order_seed": 0,
        "randomize_method_order": false,
        "recheck_before_segment": false,
        "segment_long_skills": false,
        "threshold_scale_by_skill": "",
        "threshold_scale_global": 1.0
      },
      "output_dir": "/mnt/data/students/lph/recording/codex_goal_full_sota_online_comparison_20260606_235526/online/large_stage1_2seed10ep_all_methods/lane_v2_pcbf_adapted__seed_1235__ep_004_006",
      "phase4_root": "/mnt/data/students/lph/GR00T-WholeBodyControl/outputs/casa/phase4_dataset_v1_strict_50k_20260522",
      "phase5_root": "/mnt/data/students/lph/GR00T-WholeBodyControl/outputs/casa/phase5_conformal_baselines_20260522",
      "policy_checkpoint_dir": "/tmp/casa_upload_worktree/gear_sonic_deploy/policy/release",
      "run_id": "phase5_online_v2_pcbf_adapted_1235_004_006_20260523",
      "seeds": [
        1235
      ],
      "sim_scene": "gear_sonic/data/robot_model/model_data/g1/scene_casa_v1.xml",
      "zmq_out_port": 18313,
      "zmq_port": 18312
    },
    {
      "domain_id": 156,
      "episode_end_exclusive": 8,
      "episode_start": 6,
      "episodes_per_seed": 2,
      "expected_artifacts": [
        "online/online_episode_results.csv",
        "online/gate_decisions.csv",
        "online/method_summary.json",
        "lane_summary.json"
      ],
      "methods": [
        "pcbf_adapted"
      ],
      "online_dir": "/mnt/data/students/lph/recording/codex_goal_full_sota_online_comparison_20260606_235526/online/large_stage1_2seed10ep_all_methods/lane_v2_pcbf_adapted__seed_1235__ep_006_008/online",
      "online_policy": {
        "adaptive_retry_count": 1,
        "fallback_policy": "auto",
        "max_segment_duration": 0.5,
        "method_order_seed": 0,
        "randomize_method_order": false,
        "recheck_before_segment": false,
        "segment_long_skills": false,
        "threshold_scale_by_skill": "",
        "threshold_scale_global": 1.0
      },
      "output_dir": "/mnt/data/students/lph/recording/codex_goal_full_sota_online_comparison_20260606_235526/online/large_stage1_2seed10ep_all_methods/lane_v2_pcbf_adapted__seed_1235__ep_006_008",
      "phase4_root": "/mnt/data/students/lph/GR00T-WholeBodyControl/outputs/casa/phase4_dataset_v1_strict_50k_20260522",
      "phase5_root": "/mnt/data/students/lph/GR00T-WholeBodyControl/outputs/casa/phase5_conformal_baselines_20260522",
      "policy_checkpoint_dir": "/tmp/casa_upload_worktree/gear_sonic_deploy/policy/release",
      "run_id": "phase5_online_v2_pcbf_adapted_1235_006_008_20260523",
      "seeds": [
        1235
      ],
      "sim_scene": "gear_sonic/data/robot_model/model_data/g1/scene_casa_v1.xml",
      "zmq_out_port": 18353,
      "zmq_port": 18352
    },
    {
      "domain_id": 146,
      "episode_end_exclusive": 10,
      "episode_start": 8,
      "episodes_per_seed": 2,
      "expected_artifacts": [
        "online/online_episode_results.csv",
        "online/gate_decisions.csv",
        "online/method_summary.json",
        "lane_summary.json"
      ],
      "methods": [
        "pcbf_adapted"
      ],
      "online_dir": "/mnt/data/students/lph/recording/codex_goal_full_sota_online_comparison_20260606_235526/online/large_stage1_2seed10ep_all_methods/lane_v2_pcbf_adapted__seed_1235__ep_008_010/online",
      "online_policy": {
        "adaptive_retry_count": 1,
        "fallback_policy": "auto",
        "max_segment_duration": 0.5,
        "method_order_seed": 0,
        "randomize_method_order": false,
        "recheck_before_segment": false,
        "segment_long_skills": false,
        "threshold_scale_by_skill": "",
        "threshold_scale_global": 1.0
      },
      "output_dir": "/mnt/data/students/lph/recording/codex_goal_full_sota_online_comparison_20260606_235526/online/large_stage1_2seed10ep_all_methods/lane_v2_pcbf_adapted__seed_1235__ep_008_010",
      "phase4_root": "/mnt/data/students/lph/GR00T-WholeBodyControl/outputs/casa/phase4_dataset_v1_strict_50k_20260522",
      "phase5_root": "/mnt/data/students/lph/GR00T-WholeBodyControl/outputs/casa/phase5_conformal_baselines_20260522",
      "policy_checkpoint_dir": "/tmp/casa_upload_worktree/gear_sonic_deploy/policy/release",
      "run_id": "phase5_online_v2_pcbf_adapted_1235_008_010_20260523",
      "seeds": [
        1235
      ],
      "sim_scene": "gear_sonic/data/robot_model/model_data/g1/scene_casa_v1.xml",
      "zmq_out_port": 18393,
      "zmq_port": 18392
    },
    {
      "domain_id": 142,
      "episode_end_exclusive": 2,
      "episode_start": 0,
      "episodes_per_seed": 2,
      "expected_artifacts": [
        "online/online_episode_results.csv",
        "online/gate_decisions.csv",
        "online/method_summary.json",
        "lane_summary.json"
      ],
      "methods": [
        "raw_critic_0p5"
      ],
      "online_dir": "/mnt/data/students/lph/recording/codex_goal_full_sota_online_comparison_20260606_235526/online/large_stage1_2seed10ep_all_methods/lane_v2_raw_critic_0p5__seed_1234__ep_000_002/online",
      "online_policy": {
        "adaptive_retry_count": 1,
        "fallback_policy": "auto",
        "max_segment_duration": 0.5,
        "method_order_seed": 0,
        "randomize_method_order": false,
        "recheck_before_segment": false,
        "segment_long_skills": false,
        "threshold_scale_by_skill": "",
        "threshold_scale_global": 1.0
      },
      "output_dir": "/mnt/data/students/lph/recording/codex_goal_full_sota_online_comparison_20260606_235526/online/large_stage1_2seed10ep_all_methods/lane_v2_raw_critic_0p5__seed_1234__ep_000_002",
      "phase4_root": "/mnt/data/students/lph/GR00T-WholeBodyControl/outputs/casa/phase4_dataset_v1_strict_50k_20260522",
      "phase5_root": "/mnt/data/students/lph/GR00T-WholeBodyControl/outputs/casa/phase5_conformal_baselines_20260522",
      "policy_checkpoint_dir": "/tmp/casa_upload_worktree/gear_sonic_deploy/policy/release",
      "run_id": "phase5_online_v2_raw_critic_0p5_1234_000_002_20260523",
      "seeds": [
        1234
      ],
      "sim_scene": "gear_sonic/data/robot_model/model_data/g1/scene_casa_v1.xml",
      "zmq_out_port": 18205,
      "zmq_port": 18204
    },
    {
      "domain_id": 162,
      "episode_end_exclusive": 4,
      "episode_start": 2,
      "episodes_per_seed": 2,
      "expected_artifacts": [
        "online/online_episode_results.csv",
        "online/gate_decisions.csv",
        "online/method_summary.json",
        "lane_summary.json"
      ],
      "methods": [
        "raw_critic_0p5"
      ],
      "online_dir": "/mnt/data/students/lph/recording/codex_goal_full_sota_online_comparison_20260606_235526/online/large_stage1_2seed10ep_all_methods/lane_v2_raw_critic_0p5__seed_1234__ep_002_004/online",
      "online_policy": {
        "adaptive_retry_count": 1,
        "fallback_policy": "auto",
        "max_segment_duration": 0.5,
        "method_order_seed": 0,
        "randomize_method_order": false,
        "recheck_before_segment": false,
        "segment_long_skills": false,
        "threshold_scale_by_skill": "",
        "threshold_scale_global": 1.0
      },
      "output_dir": "/mnt/data/students/lph/recording/codex_goal_full_sota_online_comparison_20260606_235526/online/large_stage1_2seed10ep_all_methods/lane_v2_raw_critic_0p5__seed_1234__ep_002_004",
      "phase4_root": "/mnt/data/students/lph/GR00T-WholeBodyControl/outputs/casa/phase4_dataset_v1_strict_50k_20260522",
      "phase5_root": "/mnt/data/students/lph/GR00T-WholeBodyControl/outputs/casa/phase5_conformal_baselines_20260522",
      "policy_checkpoint_dir": "/tmp/casa_upload_worktree/gear_sonic_deploy/policy/release",
      "run_id": "phase5_online_v2_raw_critic_0p5_1234_002_004_20260523",
      "seeds": [
        1234
      ],
      "sim_scene": "gear_sonic/data/robot_model/model_data/g1/scene_casa_v1.xml",
      "zmq_out_port": 18245,
      "zmq_port": 18244
    },
    {
      "domain_id": 152,
      "episode_end_exclusive": 6,
      "episode_start": 4,
      "episodes_per_seed": 2,
      "expected_artifacts": [
        "online/online_episode_results.csv",
        "online/gate_decisions.csv",
        "online/method_summary.json",
        "lane_summary.json"
      ],
      "methods": [
        "raw_critic_0p5"
      ],
      "online_dir": "/mnt/data/students/lph/recording/codex_goal_full_sota_online_comparison_20260606_235526/online/large_stage1_2seed10ep_all_methods/lane_v2_raw_critic_0p5__seed_1234__ep_004_006/online",
      "online_policy": {
        "adaptive_retry_count": 1,
        "fallback_policy": "auto",
        "max_segment_duration": 0.5,
        "method_order_seed": 0,
        "randomize_method_order": false,
        "recheck_before_segment": false,
        "segment_long_skills": false,
        "threshold_scale_by_skill": "",
        "threshold_scale_global": 1.0
      },
      "output_dir": "/mnt/data/students/lph/recording/codex_goal_full_sota_online_comparison_20260606_235526/online/large_stage1_2seed10ep_all_methods/lane_v2_raw_critic_0p5__seed_1234__ep_004_006",
      "phase4_root": "/mnt/data/students/lph/GR00T-WholeBodyControl/outputs/casa/phase4_dataset_v1_strict_50k_20260522",
      "phase5_root": "/mnt/data/students/lph/GR00T-WholeBodyControl/outputs/casa/phase5_conformal_baselines_20260522",
      "policy_checkpoint_dir": "/tmp/casa_upload_worktree/gear_sonic_deploy/policy/release",
      "run_id": "phase5_online_v2_raw_critic_0p5_1234_004_006_20260523",
      "seeds": [
        1234
      ],
      "sim_scene": "gear_sonic/data/robot_model/model_data/g1/scene_casa_v1.xml",
      "zmq_out_port": 18285,
      "zmq_port": 18284
    },
    {
      "domain_id": 142,
      "episode_end_exclusive": 8,
      "episode_start": 6,
      "episodes_per_seed": 2,
      "expected_artifacts": [
        "online/online_episode_results.csv",
        "online/gate_decisions.csv",
        "online/method_summary.json",
        "lane_summary.json"
      ],
      "methods": [
        "raw_critic_0p5"
      ],
      "online_dir": "/mnt/data/students/lph/recording/codex_goal_full_sota_online_comparison_20260606_235526/online/large_stage1_2seed10ep_all_methods/lane_v2_raw_critic_0p5__seed_1234__ep_006_008/online",
      "online_policy": {
        "adaptive_retry_count": 1,
        "fallback_policy": "auto",
        "max_segment_duration": 0.5,
        "method_order_seed": 0,
        "randomize_method_order": false,
        "recheck_before_segment": false,
        "segment_long_skills": false,
        "threshold_scale_by_skill": "",
        "threshold_scale_global": 1.0
      },
      "output_dir": "/mnt/data/students/lph/recording/codex_goal_full_sota_online_comparison_20260606_235526/online/large_stage1_2seed10ep_all_methods/lane_v2_raw_critic_0p5__seed_1234__ep_006_008",
      "phase4_root": "/mnt/data/students/lph/GR00T-WholeBodyControl/outputs/casa/phase4_dataset_v1_strict_50k_20260522",
      "phase5_root": "/mnt/data/students/lph/GR00T-WholeBodyControl/outputs/casa/phase5_conformal_baselines_20260522",
      "policy_checkpoint_dir": "/tmp/casa_upload_worktree/gear_sonic_deploy/policy/release",
      "run_id": "phase5_online_v2_raw_critic_0p5_1234_006_008_20260523",
      "seeds": [
        1234
      ],
      "sim_scene": "gear_sonic/data/robot_model/model_data/g1/scene_casa_v1.xml",
      "zmq_out_port": 18325,
      "zmq_port": 18324
    },
    {
      "domain_id": 162,
      "episode_end_exclusive": 10,
      "episode_start": 8,
      "episodes_per_seed": 2,
      "expected_artifacts": [
        "online/online_episode_results.csv",
        "online/gate_decisions.csv",
        "online/method_summary.json",
        "lane_summary.json"
      ],
      "methods": [
        "raw_critic_0p5"
      ],
      "online_dir": "/mnt/data/students/lph/recording/codex_goal_full_sota_online_comparison_20260606_235526/online/large_stage1_2seed10ep_all_methods/lane_v2_raw_critic_0p5__seed_1234__ep_008_010/online",
      "online_policy": {
        "adaptive_retry_count": 1,
        "fallback_policy": "auto",
        "max_segment_duration": 0.5,
        "method_order_seed": 0,
        "randomize_method_order": false,
        "recheck_before_segment": false,
        "segment_long_skills": false,
        "threshold_scale_by_skill": "",
        "threshold_scale_global": 1.0
      },
      "output_dir": "/mnt/data/students/lph/recording/codex_goal_full_sota_online_comparison_20260606_235526/online/large_stage1_2seed10ep_all_methods/lane_v2_raw_critic_0p5__seed_1234__ep_008_010",
      "phase4_root": "/mnt/data/students/lph/GR00T-WholeBodyControl/outputs/casa/phase4_dataset_v1_strict_50k_20260522",
      "phase5_root": "/mnt/data/students/lph/GR00T-WholeBodyControl/outputs/casa/phase5_conformal_baselines_20260522",
      "policy_checkpoint_dir": "/tmp/casa_upload_worktree/gear_sonic_deploy/policy/release",
      "run_id": "phase5_online_v2_raw_critic_0p5_1234_008_010_20260523",
      "seeds": [
        1234
      ],
      "sim_scene": "gear_sonic/data/robot_model/model_data/g1/scene_casa_v1.xml",
      "zmq_out_port": 18365,
      "zmq_port": 18364
    },
    {
      "domain_id": 152,
      "episode_end_exclusive": 2,
      "episode_start": 0,
      "episodes_per_seed": 2,
      "expected_artifacts": [
        "online/online_episode_results.csv",
        "online/gate_decisions.csv",
        "online/method_summary.json",
        "lane_summary.json"
      ],
      "methods": [
        "raw_critic_0p5"
      ],
      "online_dir": "/mnt/data/students/lph/recording/codex_goal_full_sota_online_comparison_20260606_235526/online/large_stage1_2seed10ep_all_methods/lane_v2_raw_critic_0p5__seed_1235__ep_000_002/online",
      "online_policy": {
        "adaptive_retry_count": 1,
        "fallback_policy": "auto",
        "max_segment_duration": 0.5,
        "method_order_seed": 0,
        "randomize_method_order": false,
        "recheck_before_segment": false,
        "segment_long_skills": false,
        "threshold_scale_by_skill": "",
        "threshold_scale_global": 1.0
      },
      "output_dir": "/mnt/data/students/lph/recording/codex_goal_full_sota_online_comparison_20260606_235526/online/large_stage1_2seed10ep_all_methods/lane_v2_raw_critic_0p5__seed_1235__ep_000_002",
      "phase4_root": "/mnt/data/students/lph/GR00T-WholeBodyControl/outputs/casa/phase4_dataset_v1_strict_50k_20260522",
      "phase5_root": "/mnt/data/students/lph/GR00T-WholeBodyControl/outputs/casa/phase5_conformal_baselines_20260522",
      "policy_checkpoint_dir": "/tmp/casa_upload_worktree/gear_sonic_deploy/policy/release",
      "run_id": "phase5_online_v2_raw_critic_0p5_1235_000_002_20260523",
      "seeds": [
        1235
      ],
      "sim_scene": "gear_sonic/data/robot_model/model_data/g1/scene_casa_v1.xml",
      "zmq_out_port": 18225,
      "zmq_port": 18224
    },
    {
      "domain_id": 142,
      "episode_end_exclusive": 4,
      "episode_start": 2,
      "episodes_per_seed": 2,
      "expected_artifacts": [
        "online/online_episode_results.csv",
        "online/gate_decisions.csv",
        "online/method_summary.json",
        "lane_summary.json"
      ],
      "methods": [
        "raw_critic_0p5"
      ],
      "online_dir": "/mnt/data/students/lph/recording/codex_goal_full_sota_online_comparison_20260606_235526/online/large_stage1_2seed10ep_all_methods/lane_v2_raw_critic_0p5__seed_1235__ep_002_004/online",
      "online_policy": {
        "adaptive_retry_count": 1,
        "fallback_policy": "auto",
        "max_segment_duration": 0.5,
        "method_order_seed": 0,
        "randomize_method_order": false,
        "recheck_before_segment": false,
        "segment_long_skills": false,
        "threshold_scale_by_skill": "",
        "threshold_scale_global": 1.0
      },
      "output_dir": "/mnt/data/students/lph/recording/codex_goal_full_sota_online_comparison_20260606_235526/online/large_stage1_2seed10ep_all_methods/lane_v2_raw_critic_0p5__seed_1235__ep_002_004",
      "phase4_root": "/mnt/data/students/lph/GR00T-WholeBodyControl/outputs/casa/phase4_dataset_v1_strict_50k_20260522",
      "phase5_root": "/mnt/data/students/lph/GR00T-WholeBodyControl/outputs/casa/phase5_conformal_baselines_20260522",
      "policy_checkpoint_dir": "/tmp/casa_upload_worktree/gear_sonic_deploy/policy/release",
      "run_id": "phase5_online_v2_raw_critic_0p5_1235_002_004_20260523",
      "seeds": [
        1235
      ],
      "sim_scene": "gear_sonic/data/robot_model/model_data/g1/scene_casa_v1.xml",
      "zmq_out_port": 18265,
      "zmq_port": 18264
    },
    {
      "domain_id": 162,
      "episode_end_exclusive": 6,
      "episode_start": 4,
      "episodes_per_seed": 2,
      "expected_artifacts": [
        "online/online_episode_results.csv",
        "online/gate_decisions.csv",
        "online/method_summary.json",
        "lane_summary.json"
      ],
      "methods": [
        "raw_critic_0p5"
      ],
      "online_dir": "/mnt/data/students/lph/recording/codex_goal_full_sota_online_comparison_20260606_235526/online/large_stage1_2seed10ep_all_methods/lane_v2_raw_critic_0p5__seed_1235__ep_004_006/online",
      "online_policy": {
        "adaptive_retry_count": 1,
        "fallback_policy": "auto",
        "max_segment_duration": 0.5,
        "method_order_seed": 0,
        "randomize_method_order": false,
        "recheck_before_segment": false,
        "segment_long_skills": false,
        "threshold_scale_by_skill": "",
        "threshold_scale_global": 1.0
      },
      "output_dir": "/mnt/data/students/lph/recording/codex_goal_full_sota_online_comparison_20260606_235526/online/large_stage1_2seed10ep_all_methods/lane_v2_raw_critic_0p5__seed_1235__ep_004_006",
      "phase4_root": "/mnt/data/students/lph/GR00T-WholeBodyControl/outputs/casa/phase4_dataset_v1_strict_50k_20260522",
      "phase5_root": "/mnt/data/students/lph/GR00T-WholeBodyControl/outputs/casa/phase5_conformal_baselines_20260522",
      "policy_checkpoint_dir": "/tmp/casa_upload_worktree/gear_sonic_deploy/policy/release",
      "run_id": "phase5_online_v2_raw_critic_0p5_1235_004_006_20260523",
      "seeds": [
        1235
      ],
      "sim_scene": "gear_sonic/data/robot_model/model_data/g1/scene_casa_v1.xml",
      "zmq_out_port": 18305,
      "zmq_port": 18304
    },
    {
      "domain_id": 152,
      "episode_end_exclusive": 8,
      "episode_start": 6,
      "episodes_per_seed": 2,
      "expected_artifacts": [
        "online/online_episode_results.csv",
        "online/gate_decisions.csv",
        "online/method_summary.json",
        "lane_summary.json"
      ],
      "methods": [
        "raw_critic_0p5"
      ],
      "online_dir": "/mnt/data/students/lph/recording/codex_goal_full_sota_online_comparison_20260606_235526/online/large_stage1_2seed10ep_all_methods/lane_v2_raw_critic_0p5__seed_1235__ep_006_008/online",
      "online_policy": {
        "adaptive_retry_count": 1,
        "fallback_policy": "auto",
        "max_segment_duration": 0.5,
        "method_order_seed": 0,
        "randomize_method_order": false,
        "recheck_before_segment": false,
        "segment_long_skills": false,
        "threshold_scale_by_skill": "",
        "threshold_scale_global": 1.0
      },
      "output_dir": "/mnt/data/students/lph/recording/codex_goal_full_sota_online_comparison_20260606_235526/online/large_stage1_2seed10ep_all_methods/lane_v2_raw_critic_0p5__seed_1235__ep_006_008",
      "phase4_root": "/mnt/data/students/lph/GR00T-WholeBodyControl/outputs/casa/phase4_dataset_v1_strict_50k_20260522",
      "phase5_root": "/mnt/data/students/lph/GR00T-WholeBodyControl/outputs/casa/phase5_conformal_baselines_20260522",
      "policy_checkpoint_dir": "/tmp/casa_upload_worktree/gear_sonic_deploy/policy/release",
      "run_id": "phase5_online_v2_raw_critic_0p5_1235_006_008_20260523",
      "seeds": [
        1235
      ],
      "sim_scene": "gear_sonic/data/robot_model/model_data/g1/scene_casa_v1.xml",
      "zmq_out_port": 18345,
      "zmq_port": 18344
    },
    {
      "domain_id": 142,
      "episode_end_exclusive": 10,
      "episode_start": 8,
      "episodes_per_seed": 2,
      "expected_artifacts": [
        "online/online_episode_results.csv",
        "online/gate_decisions.csv",
        "online/method_summary.json",
        "lane_summary.json"
      ],
      "methods": [
        "raw_critic_0p5"
      ],
      "online_dir": "/mnt/data/students/lph/recording/codex_goal_full_sota_online_comparison_20260606_235526/online/large_stage1_2seed10ep_all_methods/lane_v2_raw_critic_0p5__seed_1235__ep_008_010/online",
      "online_policy": {
        "adaptive_retry_count": 1,
        "fallback_policy": "auto",
        "max_segment_duration": 0.5,
        "method_order_seed": 0,
        "randomize_method_order": false,
        "recheck_before_segment": false,
        "segment_long_skills": false,
        "threshold_scale_by_skill": "",
        "threshold_scale_global": 1.0
      },
      "output_dir": "/mnt/data/students/lph/recording/codex_goal_full_sota_online_comparison_20260606_235526/online/large_stage1_2seed10ep_all_methods/lane_v2_raw_critic_0p5__seed_1235__ep_008_010",
      "phase4_root": "/mnt/data/students/lph/GR00T-WholeBodyControl/outputs/casa/phase4_dataset_v1_strict_50k_20260522",
      "phase5_root": "/mnt/data/students/lph/GR00T-WholeBodyControl/outputs/casa/phase5_conformal_baselines_20260522",
      "policy_checkpoint_dir": "/tmp/casa_upload_worktree/gear_sonic_deploy/policy/release",
      "run_id": "phase5_online_v2_raw_critic_0p5_1235_008_010_20260523",
      "seeds": [
        1235
      ],
      "sim_scene": "gear_sonic/data/robot_model/model_data/g1/scene_casa_v1.xml",
      "zmq_out_port": 18385,
      "zmq_port": 18384
    },
    {
      "domain_id": 145,
      "episode_end_exclusive": 2,
      "episode_start": 0,
      "episodes_per_seed": 2,
      "expected_artifacts": [
        "online/online_episode_results.csv",
        "online/gate_decisions.csv",
        "online/method_summary.json",
        "lane_summary.json"
      ],
      "methods": [
        "safedpa_adapted"
      ],
      "online_dir": "/mnt/data/students/lph/recording/codex_goal_full_sota_online_comparison_20260606_235526/online/large_stage1_2seed10ep_all_methods/lane_v2_safedpa_adapted__seed_1234__ep_000_002/online",
      "online_policy": {
        "adaptive_retry_count": 1,
        "fallback_policy": "auto",
        "max_segment_duration": 0.5,
        "method_order_seed": 0,
        "randomize_method_order": false,
        "recheck_before_segment": false,
        "segment_long_skills": false,
        "threshold_scale_by_skill": "",
        "threshold_scale_global": 1.0
      },
      "output_dir": "/mnt/data/students/lph/recording/codex_goal_full_sota_online_comparison_20260606_235526/online/large_stage1_2seed10ep_all_methods/lane_v2_safedpa_adapted__seed_1234__ep_000_002",
      "phase4_root": "/mnt/data/students/lph/GR00T-WholeBodyControl/outputs/casa/phase4_dataset_v1_strict_50k_20260522",
      "phase5_root": "/mnt/data/students/lph/GR00T-WholeBodyControl/outputs/casa/phase5_conformal_baselines_20260522",
      "policy_checkpoint_dir": "/tmp/casa_upload_worktree/gear_sonic_deploy/policy/release",
      "run_id": "phase5_online_v2_safedpa_adapted_1234_000_002_20260523",
      "seeds": [
        1234
      ],
      "sim_scene": "gear_sonic/data/robot_model/model_data/g1/scene_casa_v1.xml",
      "zmq_out_port": 18211,
      "zmq_port": 18210
    },
    {
      "domain_id": 165,
      "episode_end_exclusive": 4,
      "episode_start": 2,
      "episodes_per_seed": 2,
      "expected_artifacts": [
        "online/online_episode_results.csv",
        "online/gate_decisions.csv",
        "online/method_summary.json",
        "lane_summary.json"
      ],
      "methods": [
        "safedpa_adapted"
      ],
      "online_dir": "/mnt/data/students/lph/recording/codex_goal_full_sota_online_comparison_20260606_235526/online/large_stage1_2seed10ep_all_methods/lane_v2_safedpa_adapted__seed_1234__ep_002_004/online",
      "online_policy": {
        "adaptive_retry_count": 1,
        "fallback_policy": "auto",
        "max_segment_duration": 0.5,
        "method_order_seed": 0,
        "randomize_method_order": false,
        "recheck_before_segment": false,
        "segment_long_skills": false,
        "threshold_scale_by_skill": "",
        "threshold_scale_global": 1.0
      },
      "output_dir": "/mnt/data/students/lph/recording/codex_goal_full_sota_online_comparison_20260606_235526/online/large_stage1_2seed10ep_all_methods/lane_v2_safedpa_adapted__seed_1234__ep_002_004",
      "phase4_root": "/mnt/data/students/lph/GR00T-WholeBodyControl/outputs/casa/phase4_dataset_v1_strict_50k_20260522",
      "phase5_root": "/mnt/data/students/lph/GR00T-WholeBodyControl/outputs/casa/phase5_conformal_baselines_20260522",
      "policy_checkpoint_dir": "/tmp/casa_upload_worktree/gear_sonic_deploy/policy/release",
      "run_id": "phase5_online_v2_safedpa_adapted_1234_002_004_20260523",
      "seeds": [
        1234
      ],
      "sim_scene": "gear_sonic/data/robot_model/model_data/g1/scene_casa_v1.xml",
      "zmq_out_port": 18251,
      "zmq_port": 18250
    },
    {
      "domain_id": 155,
      "episode_end_exclusive": 6,
      "episode_start": 4,
      "episodes_per_seed": 2,
      "expected_artifacts": [
        "online/online_episode_results.csv",
        "online/gate_decisions.csv",
        "online/method_summary.json",
        "lane_summary.json"
      ],
      "methods": [
        "safedpa_adapted"
      ],
      "online_dir": "/mnt/data/students/lph/recording/codex_goal_full_sota_online_comparison_20260606_235526/online/large_stage1_2seed10ep_all_methods/lane_v2_safedpa_adapted__seed_1234__ep_004_006/online",
      "online_policy": {
        "adaptive_retry_count": 1,
        "fallback_policy": "auto",
        "max_segment_duration": 0.5,
        "method_order_seed": 0,
        "randomize_method_order": false,
        "recheck_before_segment": false,
        "segment_long_skills": false,
        "threshold_scale_by_skill": "",
        "threshold_scale_global": 1.0
      },
      "output_dir": "/mnt/data/students/lph/recording/codex_goal_full_sota_online_comparison_20260606_235526/online/large_stage1_2seed10ep_all_methods/lane_v2_safedpa_adapted__seed_1234__ep_004_006",
      "phase4_root": "/mnt/data/students/lph/GR00T-WholeBodyControl/outputs/casa/phase4_dataset_v1_strict_50k_20260522",
      "phase5_root": "/mnt/data/students/lph/GR00T-WholeBodyControl/outputs/casa/phase5_conformal_baselines_20260522",
      "policy_checkpoint_dir": "/tmp/casa_upload_worktree/gear_sonic_deploy/policy/release",
      "run_id": "phase5_online_v2_safedpa_adapted_1234_004_006_20260523",
      "seeds": [
        1234
      ],
      "sim_scene": "gear_sonic/data/robot_model/model_data/g1/scene_casa_v1.xml",
      "zmq_out_port": 18291,
      "zmq_port": 18290
    },
    {
      "domain_id": 145,
      "episode_end_exclusive": 8,
      "episode_start": 6,
      "episodes_per_seed": 2,
      "expected_artifacts": [
        "online/online_episode_results.csv",
        "online/gate_decisions.csv",
        "online/method_summary.json",
        "lane_summary.json"
      ],
      "methods": [
        "safedpa_adapted"
      ],
      "online_dir": "/mnt/data/students/lph/recording/codex_goal_full_sota_online_comparison_20260606_235526/online/large_stage1_2seed10ep_all_methods/lane_v2_safedpa_adapted__seed_1234__ep_006_008/online",
      "online_policy": {
        "adaptive_retry_count": 1,
        "fallback_policy": "auto",
        "max_segment_duration": 0.5,
        "method_order_seed": 0,
        "randomize_method_order": false,
        "recheck_before_segment": false,
        "segment_long_skills": false,
        "threshold_scale_by_skill": "",
        "threshold_scale_global": 1.0
      },
      "output_dir": "/mnt/data/students/lph/recording/codex_goal_full_sota_online_comparison_20260606_235526/online/large_stage1_2seed10ep_all_methods/lane_v2_safedpa_adapted__seed_1234__ep_006_008",
      "phase4_root": "/mnt/data/students/lph/GR00T-WholeBodyControl/outputs/casa/phase4_dataset_v1_strict_50k_20260522",
      "phase5_root": "/mnt/data/students/lph/GR00T-WholeBodyControl/outputs/casa/phase5_conformal_baselines_20260522",
      "policy_checkpoint_dir": "/tmp/casa_upload_worktree/gear_sonic_deploy/policy/release",
      "run_id": "phase5_online_v2_safedpa_adapted_1234_006_008_20260523",
      "seeds": [
        1234
      ],
      "sim_scene": "gear_sonic/data/robot_model/model_data/g1/scene_casa_v1.xml",
      "zmq_out_port": 18331,
      "zmq_port": 18330
    },
    {
      "domain_id": 165,
      "episode_end_exclusive": 10,
      "episode_start": 8,
      "episodes_per_seed": 2,
      "expected_artifacts": [
        "online/online_episode_results.csv",
        "online/gate_decisions.csv",
        "online/method_summary.json",
        "lane_summary.json"
      ],
      "methods": [
        "safedpa_adapted"
      ],
      "online_dir": "/mnt/data/students/lph/recording/codex_goal_full_sota_online_comparison_20260606_235526/online/large_stage1_2seed10ep_all_methods/lane_v2_safedpa_adapted__seed_1234__ep_008_010/online",
      "online_policy": {
        "adaptive_retry_count": 1,
        "fallback_policy": "auto",
        "max_segment_duration": 0.5,
        "method_order_seed": 0,
        "randomize_method_order": false,
        "recheck_before_segment": false,
        "segment_long_skills": false,
        "threshold_scale_by_skill": "",
        "threshold_scale_global": 1.0
      },
      "output_dir": "/mnt/data/students/lph/recording/codex_goal_full_sota_online_comparison_20260606_235526/online/large_stage1_2seed10ep_all_methods/lane_v2_safedpa_adapted__seed_1234__ep_008_010",
      "phase4_root": "/mnt/data/students/lph/GR00T-WholeBodyControl/outputs/casa/phase4_dataset_v1_strict_50k_20260522",
      "phase5_root": "/mnt/data/students/lph/GR00T-WholeBodyControl/outputs/casa/phase5_conformal_baselines_20260522",
      "policy_checkpoint_dir": "/tmp/casa_upload_worktree/gear_sonic_deploy/policy/release",
      "run_id": "phase5_online_v2_safedpa_adapted_1234_008_010_20260523",
      "seeds": [
        1234
      ],
      "sim_scene": "gear_sonic/data/robot_model/model_data/g1/scene_casa_v1.xml",
      "zmq_out_port": 18371,
      "zmq_port": 18370
    },
    {
      "domain_id": 155,
      "episode_end_exclusive": 2,
      "episode_start": 0,
      "episodes_per_seed": 2,
      "expected_artifacts": [
        "online/online_episode_results.csv",
        "online/gate_decisions.csv",
        "online/method_summary.json",
        "lane_summary.json"
      ],
      "methods": [
        "safedpa_adapted"
      ],
      "online_dir": "/mnt/data/students/lph/recording/codex_goal_full_sota_online_comparison_20260606_235526/online/large_stage1_2seed10ep_all_methods/lane_v2_safedpa_adapted__seed_1235__ep_000_002/online",
      "online_policy": {
        "adaptive_retry_count": 1,
        "fallback_policy": "auto",
        "max_segment_duration": 0.5,
        "method_order_seed": 0,
        "randomize_method_order": false,
        "recheck_before_segment": false,
        "segment_long_skills": false,
        "threshold_scale_by_skill": "",
        "threshold_scale_global": 1.0
      },
      "output_dir": "/mnt/data/students/lph/recording/codex_goal_full_sota_online_comparison_20260606_235526/online/large_stage1_2seed10ep_all_methods/lane_v2_safedpa_adapted__seed_1235__ep_000_002",
      "phase4_root": "/mnt/data/students/lph/GR00T-WholeBodyControl/outputs/casa/phase4_dataset_v1_strict_50k_20260522",
      "phase5_root": "/mnt/data/students/lph/GR00T-WholeBodyControl/outputs/casa/phase5_conformal_baselines_20260522",
      "policy_checkpoint_dir": "/tmp/casa_upload_worktree/gear_sonic_deploy/policy/release",
      "run_id": "phase5_online_v2_safedpa_adapted_1235_000_002_20260523",
      "seeds": [
        1235
      ],
      "sim_scene": "gear_sonic/data/robot_model/model_data/g1/scene_casa_v1.xml",
      "zmq_out_port": 18231,
      "zmq_port": 18230
    },
    {
      "domain_id": 145,
      "episode_end_exclusive": 4,
      "episode_start": 2,
      "episodes_per_seed": 2,
      "expected_artifacts": [
        "online/online_episode_results.csv",
        "online/gate_decisions.csv",
        "online/method_summary.json",
        "lane_summary.json"
      ],
      "methods": [
        "safedpa_adapted"
      ],
      "online_dir": "/mnt/data/students/lph/recording/codex_goal_full_sota_online_comparison_20260606_235526/online/large_stage1_2seed10ep_all_methods/lane_v2_safedpa_adapted__seed_1235__ep_002_004/online",
      "online_policy": {
        "adaptive_retry_count": 1,
        "fallback_policy": "auto",
        "max_segment_duration": 0.5,
        "method_order_seed": 0,
        "randomize_method_order": false,
        "recheck_before_segment": false,
        "segment_long_skills": false,
        "threshold_scale_by_skill": "",
        "threshold_scale_global": 1.0
      },
      "output_dir": "/mnt/data/students/lph/recording/codex_goal_full_sota_online_comparison_20260606_235526/online/large_stage1_2seed10ep_all_methods/lane_v2_safedpa_adapted__seed_1235__ep_002_004",
      "phase4_root": "/mnt/data/students/lph/GR00T-WholeBodyControl/outputs/casa/phase4_dataset_v1_strict_50k_20260522",
      "phase5_root": "/mnt/data/students/lph/GR00T-WholeBodyControl/outputs/casa/phase5_conformal_baselines_20260522",
      "policy_checkpoint_dir": "/tmp/casa_upload_worktree/gear_sonic_deploy/policy/release",
      "run_id": "phase5_online_v2_safedpa_adapted_1235_002_004_20260523",
      "seeds": [
        1235
      ],
      "sim_scene": "gear_sonic/data/robot_model/model_data/g1/scene_casa_v1.xml",
      "zmq_out_port": 18271,
      "zmq_port": 18270
    },
    {
      "domain_id": 165,
      "episode_end_exclusive": 6,
      "episode_start": 4,
      "episodes_per_seed": 2,
      "expected_artifacts": [
        "online/online_episode_results.csv",
        "online/gate_decisions.csv",
        "online/method_summary.json",
        "lane_summary.json"
      ],
      "methods": [
        "safedpa_adapted"
      ],
      "online_dir": "/mnt/data/students/lph/recording/codex_goal_full_sota_online_comparison_20260606_235526/online/large_stage1_2seed10ep_all_methods/lane_v2_safedpa_adapted__seed_1235__ep_004_006/online",
      "online_policy": {
        "adaptive_retry_count": 1,
        "fallback_policy": "auto",
        "max_segment_duration": 0.5,
        "method_order_seed": 0,
        "randomize_method_order": false,
        "recheck_before_segment": false,
        "segment_long_skills": false,
        "threshold_scale_by_skill": "",
        "threshold_scale_global": 1.0
      },
      "output_dir": "/mnt/data/students/lph/recording/codex_goal_full_sota_online_comparison_20260606_235526/online/large_stage1_2seed10ep_all_methods/lane_v2_safedpa_adapted__seed_1235__ep_004_006",
      "phase4_root": "/mnt/data/students/lph/GR00T-WholeBodyControl/outputs/casa/phase4_dataset_v1_strict_50k_20260522",
      "phase5_root": "/mnt/data/students/lph/GR00T-WholeBodyControl/outputs/casa/phase5_conformal_baselines_20260522",
      "policy_checkpoint_dir": "/tmp/casa_upload_worktree/gear_sonic_deploy/policy/release",
      "run_id": "phase5_online_v2_safedpa_adapted_1235_004_006_20260523",
      "seeds": [
        1235
      ],
      "sim_scene": "gear_sonic/data/robot_model/model_data/g1/scene_casa_v1.xml",
      "zmq_out_port": 18311,
      "zmq_port": 18310
    },
    {
      "domain_id": 155,
      "episode_end_exclusive": 8,
      "episode_start": 6,
      "episodes_per_seed": 2,
      "expected_artifacts": [
        "online/online_episode_results.csv",
        "online/gate_decisions.csv",
        "online/method_summary.json",
        "lane_summary.json"
      ],
      "methods": [
        "safedpa_adapted"
      ],
      "online_dir": "/mnt/data/students/lph/recording/codex_goal_full_sota_online_comparison_20260606_235526/online/large_stage1_2seed10ep_all_methods/lane_v2_safedpa_adapted__seed_1235__ep_006_008/online",
      "online_policy": {
        "adaptive_retry_count": 1,
        "fallback_policy": "auto",
        "max_segment_duration": 0.5,
        "method_order_seed": 0,
        "randomize_method_order": false,
        "recheck_before_segment": false,
        "segment_long_skills": false,
        "threshold_scale_by_skill": "",
        "threshold_scale_global": 1.0
      },
      "output_dir": "/mnt/data/students/lph/recording/codex_goal_full_sota_online_comparison_20260606_235526/online/large_stage1_2seed10ep_all_methods/lane_v2_safedpa_adapted__seed_1235__ep_006_008",
      "phase4_root": "/mnt/data/students/lph/GR00T-WholeBodyControl/outputs/casa/phase4_dataset_v1_strict_50k_20260522",
      "phase5_root": "/mnt/data/students/lph/GR00T-WholeBodyControl/outputs/casa/phase5_conformal_baselines_20260522",
      "policy_checkpoint_dir": "/tmp/casa_upload_worktree/gear_sonic_deploy/policy/release",
      "run_id": "phase5_online_v2_safedpa_adapted_1235_006_008_20260523",
      "seeds": [
        1235
      ],
      "sim_scene": "gear_sonic/data/robot_model/model_data/g1/scene_casa_v1.xml",
      "zmq_out_port": 18351,
      "zmq_port": 18350
    },
    {
      "domain_id": 145,
      "episode_end_exclusive": 10,
      "episode_start": 8,
      "episodes_per_seed": 2,
      "expected_artifacts": [
        "online/online_episode_results.csv",
        "online/gate_decisions.csv",
        "online/method_summary.json",
        "lane_summary.json"
      ],
      "methods": [
        "safedpa_adapted"
      ],
      "online_dir": "/mnt/data/students/lph/recording/codex_goal_full_sota_online_comparison_20260606_235526/online/large_stage1_2seed10ep_all_methods/lane_v2_safedpa_adapted__seed_1235__ep_008_010/online",
      "online_policy": {
        "adaptive_retry_count": 1,
        "fallback_policy": "auto",
        "max_segment_duration": 0.5,
        "method_order_seed": 0,
        "randomize_method_order": false,
        "recheck_before_segment": false,
        "segment_long_skills": false,
        "threshold_scale_by_skill": "",
        "threshold_scale_global": 1.0
      },
      "output_dir": "/mnt/data/students/lph/recording/codex_goal_full_sota_online_comparison_20260606_235526/online/large_stage1_2seed10ep_all_methods/lane_v2_safedpa_adapted__seed_1235__ep_008_010",
      "phase4_root": "/mnt/data/students/lph/GR00T-WholeBodyControl/outputs/casa/phase4_dataset_v1_strict_50k_20260522",
      "phase5_root": "/mnt/data/students/lph/GR00T-WholeBodyControl/outputs/casa/phase5_conformal_baselines_20260522",
      "policy_checkpoint_dir": "/tmp/casa_upload_worktree/gear_sonic_deploy/policy/release",
      "run_id": "phase5_online_v2_safedpa_adapted_1235_008_010_20260523",
      "seeds": [
        1235
      ],
      "sim_scene": "gear_sonic/data/robot_model/model_data/g1/scene_casa_v1.xml",
      "zmq_out_port": 18391,
      "zmq_port": 18390
    },
    {
      "domain_id": 147,
      "episode_end_exclusive": 2,
      "episode_start": 0,
      "episodes_per_seed": 2,
      "expected_artifacts": [
        "online/online_episode_results.csv",
        "online/gate_decisions.csv",
        "online/method_summary.json",
        "lane_summary.json"
      ],
      "methods": [
        "safer_splat_cbf_adapted"
      ],
      "online_dir": "/mnt/data/students/lph/recording/codex_goal_full_sota_online_comparison_20260606_235526/online/large_stage1_2seed10ep_all_methods/lane_v2_safer_splat_cbf_adapted__seed_1234__ep_000_002/online",
      "online_policy": {
        "adaptive_retry_count": 1,
        "fallback_policy": "auto",
        "max_segment_duration": 0.5,
        "method_order_seed": 0,
        "randomize_method_order": false,
        "recheck_before_segment": false,
        "segment_long_skills": false,
        "threshold_scale_by_skill": "",
        "threshold_scale_global": 1.0
      },
      "output_dir": "/mnt/data/students/lph/recording/codex_goal_full_sota_online_comparison_20260606_235526/online/large_stage1_2seed10ep_all_methods/lane_v2_safer_splat_cbf_adapted__seed_1234__ep_000_002",
      "phase4_root": "/mnt/data/students/lph/GR00T-WholeBodyControl/outputs/casa/phase4_dataset_v1_strict_50k_20260522",
      "phase5_root": "/mnt/data/students/lph/GR00T-WholeBodyControl/outputs/casa/phase5_conformal_baselines_20260522",
      "policy_checkpoint_dir": "/tmp/casa_upload_worktree/gear_sonic_deploy/policy/release",
      "run_id": "phase5_online_v2_safer_splat_cbf_adapted_1234_000_002_20260523",
      "seeds": [
        1234
      ],
      "sim_scene": "gear_sonic/data/robot_model/model_data/g1/scene_casa_v1.xml",
      "zmq_out_port": 18215,
      "zmq_port": 18214
    },
    {
      "domain_id": 167,
      "episode_end_exclusive": 4,
      "episode_start": 2,
      "episodes_per_seed": 2,
      "expected_artifacts": [
        "online/online_episode_results.csv",
        "online/gate_decisions.csv",
        "online/method_summary.json",
        "lane_summary.json"
      ],
      "methods": [
        "safer_splat_cbf_adapted"
      ],
      "online_dir": "/mnt/data/students/lph/recording/codex_goal_full_sota_online_comparison_20260606_235526/online/large_stage1_2seed10ep_all_methods/lane_v2_safer_splat_cbf_adapted__seed_1234__ep_002_004/online",
      "online_policy": {
        "adaptive_retry_count": 1,
        "fallback_policy": "auto",
        "max_segment_duration": 0.5,
        "method_order_seed": 0,
        "randomize_method_order": false,
        "recheck_before_segment": false,
        "segment_long_skills": false,
        "threshold_scale_by_skill": "",
        "threshold_scale_global": 1.0
      },
      "output_dir": "/mnt/data/students/lph/recording/codex_goal_full_sota_online_comparison_20260606_235526/online/large_stage1_2seed10ep_all_methods/lane_v2_safer_splat_cbf_adapted__seed_1234__ep_002_004",
      "phase4_root": "/mnt/data/students/lph/GR00T-WholeBodyControl/outputs/casa/phase4_dataset_v1_strict_50k_20260522",
      "phase5_root": "/mnt/data/students/lph/GR00T-WholeBodyControl/outputs/casa/phase5_conformal_baselines_20260522",
      "policy_checkpoint_dir": "/tmp/casa_upload_worktree/gear_sonic_deploy/policy/release",
      "run_id": "phase5_online_v2_safer_splat_cbf_adapted_1234_002_004_20260523",
      "seeds": [
        1234
      ],
      "sim_scene": "gear_sonic/data/robot_model/model_data/g1/scene_casa_v1.xml",
      "zmq_out_port": 18255,
      "zmq_port": 18254
    },
    {
      "domain_id": 157,
      "episode_end_exclusive": 6,
      "episode_start": 4,
      "episodes_per_seed": 2,
      "expected_artifacts": [
        "online/online_episode_results.csv",
        "online/gate_decisions.csv",
        "online/method_summary.json",
        "lane_summary.json"
      ],
      "methods": [
        "safer_splat_cbf_adapted"
      ],
      "online_dir": "/mnt/data/students/lph/recording/codex_goal_full_sota_online_comparison_20260606_235526/online/large_stage1_2seed10ep_all_methods/lane_v2_safer_splat_cbf_adapted__seed_1234__ep_004_006/online",
      "online_policy": {
        "adaptive_retry_count": 1,
        "fallback_policy": "auto",
        "max_segment_duration": 0.5,
        "method_order_seed": 0,
        "randomize_method_order": false,
        "recheck_before_segment": false,
        "segment_long_skills": false,
        "threshold_scale_by_skill": "",
        "threshold_scale_global": 1.0
      },
      "output_dir": "/mnt/data/students/lph/recording/codex_goal_full_sota_online_comparison_20260606_235526/online/large_stage1_2seed10ep_all_methods/lane_v2_safer_splat_cbf_adapted__seed_1234__ep_004_006",
      "phase4_root": "/mnt/data/students/lph/GR00T-WholeBodyControl/outputs/casa/phase4_dataset_v1_strict_50k_20260522",
      "phase5_root": "/mnt/data/students/lph/GR00T-WholeBodyControl/outputs/casa/phase5_conformal_baselines_20260522",
      "policy_checkpoint_dir": "/tmp/casa_upload_worktree/gear_sonic_deploy/policy/release",
      "run_id": "phase5_online_v2_safer_splat_cbf_adapted_1234_004_006_20260523",
      "seeds": [
        1234
      ],
      "sim_scene": "gear_sonic/data/robot_model/model_data/g1/scene_casa_v1.xml",
      "zmq_out_port": 18295,
      "zmq_port": 18294
    },
    {
      "domain_id": 147,
      "episode_end_exclusive": 8,
      "episode_start": 6,
      "episodes_per_seed": 2,
      "expected_artifacts": [
        "online/online_episode_results.csv",
        "online/gate_decisions.csv",
        "online/method_summary.json",
        "lane_summary.json"
      ],
      "methods": [
        "safer_splat_cbf_adapted"
      ],
      "online_dir": "/mnt/data/students/lph/recording/codex_goal_full_sota_online_comparison_20260606_235526/online/large_stage1_2seed10ep_all_methods/lane_v2_safer_splat_cbf_adapted__seed_1234__ep_006_008/online",
      "online_policy": {
        "adaptive_retry_count": 1,
        "fallback_policy": "auto",
        "max_segment_duration": 0.5,
        "method_order_seed": 0,
        "randomize_method_order": false,
        "recheck_before_segment": false,
        "segment_long_skills": false,
        "threshold_scale_by_skill": "",
        "threshold_scale_global": 1.0
      },
      "output_dir": "/mnt/data/students/lph/recording/codex_goal_full_sota_online_comparison_20260606_235526/online/large_stage1_2seed10ep_all_methods/lane_v2_safer_splat_cbf_adapted__seed_1234__ep_006_008",
      "phase4_root": "/mnt/data/students/lph/GR00T-WholeBodyControl/outputs/casa/phase4_dataset_v1_strict_50k_20260522",
      "phase5_root": "/mnt/data/students/lph/GR00T-WholeBodyControl/outputs/casa/phase5_conformal_baselines_20260522",
      "policy_checkpoint_dir": "/tmp/casa_upload_worktree/gear_sonic_deploy/policy/release",
      "run_id": "phase5_online_v2_safer_splat_cbf_adapted_1234_006_008_20260523",
      "seeds": [
        1234
      ],
      "sim_scene": "gear_sonic/data/robot_model/model_data/g1/scene_casa_v1.xml",
      "zmq_out_port": 18335,
      "zmq_port": 18334
    },
    {
      "domain_id": 167,
      "episode_end_exclusive": 10,
      "episode_start": 8,
      "episodes_per_seed": 2,
      "expected_artifacts": [
        "online/online_episode_results.csv",
        "online/gate_decisions.csv",
        "online/method_summary.json",
        "lane_summary.json"
      ],
      "methods": [
        "safer_splat_cbf_adapted"
      ],
      "online_dir": "/mnt/data/students/lph/recording/codex_goal_full_sota_online_comparison_20260606_235526/online/large_stage1_2seed10ep_all_methods/lane_v2_safer_splat_cbf_adapted__seed_1234__ep_008_010/online",
      "online_policy": {
        "adaptive_retry_count": 1,
        "fallback_policy": "auto",
        "max_segment_duration": 0.5,
        "method_order_seed": 0,
        "randomize_method_order": false,
        "recheck_before_segment": false,
        "segment_long_skills": false,
        "threshold_scale_by_skill": "",
        "threshold_scale_global": 1.0
      },
      "output_dir": "/mnt/data/students/lph/recording/codex_goal_full_sota_online_comparison_20260606_235526/online/large_stage1_2seed10ep_all_methods/lane_v2_safer_splat_cbf_adapted__seed_1234__ep_008_010",
      "phase4_root": "/mnt/data/students/lph/GR00T-WholeBodyControl/outputs/casa/phase4_dataset_v1_strict_50k_20260522",
      "phase5_root": "/mnt/data/students/lph/GR00T-WholeBodyControl/outputs/casa/phase5_conformal_baselines_20260522",
      "policy_checkpoint_dir": "/tmp/casa_upload_worktree/gear_sonic_deploy/policy/release",
      "run_id": "phase5_online_v2_safer_splat_cbf_adapted_1234_008_010_20260523",
      "seeds": [
        1234
      ],
      "sim_scene": "gear_sonic/data/robot_model/model_data/g1/scene_casa_v1.xml",
      "zmq_out_port": 18375,
      "zmq_port": 18374
    },
    {
      "domain_id": 157,
      "episode_end_exclusive": 2,
      "episode_start": 0,
      "episodes_per_seed": 2,
      "expected_artifacts": [
        "online/online_episode_results.csv",
        "online/gate_decisions.csv",
        "online/method_summary.json",
        "lane_summary.json"
      ],
      "methods": [
        "safer_splat_cbf_adapted"
      ],
      "online_dir": "/mnt/data/students/lph/recording/codex_goal_full_sota_online_comparison_20260606_235526/online/large_stage1_2seed10ep_all_methods/lane_v2_safer_splat_cbf_adapted__seed_1235__ep_000_002/online",
      "online_policy": {
        "adaptive_retry_count": 1,
        "fallback_policy": "auto",
        "max_segment_duration": 0.5,
        "method_order_seed": 0,
        "randomize_method_order": false,
        "recheck_before_segment": false,
        "segment_long_skills": false,
        "threshold_scale_by_skill": "",
        "threshold_scale_global": 1.0
      },
      "output_dir": "/mnt/data/students/lph/recording/codex_goal_full_sota_online_comparison_20260606_235526/online/large_stage1_2seed10ep_all_methods/lane_v2_safer_splat_cbf_adapted__seed_1235__ep_000_002",
      "phase4_root": "/mnt/data/students/lph/GR00T-WholeBodyControl/outputs/casa/phase4_dataset_v1_strict_50k_20260522",
      "phase5_root": "/mnt/data/students/lph/GR00T-WholeBodyControl/outputs/casa/phase5_conformal_baselines_20260522",
      "policy_checkpoint_dir": "/tmp/casa_upload_worktree/gear_sonic_deploy/policy/release",
      "run_id": "phase5_online_v2_safer_splat_cbf_adapted_1235_000_002_20260523",
      "seeds": [
        1235
      ],
      "sim_scene": "gear_sonic/data/robot_model/model_data/g1/scene_casa_v1.xml",
      "zmq_out_port": 18235,
      "zmq_port": 18234
    },
    {
      "domain_id": 147,
      "episode_end_exclusive": 4,
      "episode_start": 2,
      "episodes_per_seed": 2,
      "expected_artifacts": [
        "online/online_episode_results.csv",
        "online/gate_decisions.csv",
        "online/method_summary.json",
        "lane_summary.json"
      ],
      "methods": [
        "safer_splat_cbf_adapted"
      ],
      "online_dir": "/mnt/data/students/lph/recording/codex_goal_full_sota_online_comparison_20260606_235526/online/large_stage1_2seed10ep_all_methods/lane_v2_safer_splat_cbf_adapted__seed_1235__ep_002_004/online",
      "online_policy": {
        "adaptive_retry_count": 1,
        "fallback_policy": "auto",
        "max_segment_duration": 0.5,
        "method_order_seed": 0,
        "randomize_method_order": false,
        "recheck_before_segment": false,
        "segment_long_skills": false,
        "threshold_scale_by_skill": "",
        "threshold_scale_global": 1.0
      },
      "output_dir": "/mnt/data/students/lph/recording/codex_goal_full_sota_online_comparison_20260606_235526/online/large_stage1_2seed10ep_all_methods/lane_v2_safer_splat_cbf_adapted__seed_1235__ep_002_004",
      "phase4_root": "/mnt/data/students/lph/GR00T-WholeBodyControl/outputs/casa/phase4_dataset_v1_strict_50k_20260522",
      "phase5_root": "/mnt/data/students/lph/GR00T-WholeBodyControl/outputs/casa/phase5_conformal_baselines_20260522",
      "policy_checkpoint_dir": "/tmp/casa_upload_worktree/gear_sonic_deploy/policy/release",
      "run_id": "phase5_online_v2_safer_splat_cbf_adapted_1235_002_004_20260523",
      "seeds": [
        1235
      ],
      "sim_scene": "gear_sonic/data/robot_model/model_data/g1/scene_casa_v1.xml",
      "zmq_out_port": 18275,
      "zmq_port": 18274
    },
    {
      "domain_id": 167,
      "episode_end_exclusive": 6,
      "episode_start": 4,
      "episodes_per_seed": 2,
      "expected_artifacts": [
        "online/online_episode_results.csv",
        "online/gate_decisions.csv",
        "online/method_summary.json",
        "lane_summary.json"
      ],
      "methods": [
        "safer_splat_cbf_adapted"
      ],
      "online_dir": "/mnt/data/students/lph/recording/codex_goal_full_sota_online_comparison_20260606_235526/online/large_stage1_2seed10ep_all_methods/lane_v2_safer_splat_cbf_adapted__seed_1235__ep_004_006/online",
      "online_policy": {
        "adaptive_retry_count": 1,
        "fallback_policy": "auto",
        "max_segment_duration": 0.5,
        "method_order_seed": 0,
        "randomize_method_order": false,
        "recheck_before_segment": false,
        "segment_long_skills": false,
        "threshold_scale_by_skill": "",
        "threshold_scale_global": 1.0
      },
      "output_dir": "/mnt/data/students/lph/recording/codex_goal_full_sota_online_comparison_20260606_235526/online/large_stage1_2seed10ep_all_methods/lane_v2_safer_splat_cbf_adapted__seed_1235__ep_004_006",
      "phase4_root": "/mnt/data/students/lph/GR00T-WholeBodyControl/outputs/casa/phase4_dataset_v1_strict_50k_20260522",
      "phase5_root": "/mnt/data/students/lph/GR00T-WholeBodyControl/outputs/casa/phase5_conformal_baselines_20260522",
      "policy_checkpoint_dir": "/tmp/casa_upload_worktree/gear_sonic_deploy/policy/release",
      "run_id": "phase5_online_v2_safer_splat_cbf_adapted_1235_004_006_20260523",
      "seeds": [
        1235
      ],
      "sim_scene": "gear_sonic/data/robot_model/model_data/g1/scene_casa_v1.xml",
      "zmq_out_port": 18315,
      "zmq_port": 18314
    },
    {
      "domain_id": 157,
      "episode_end_exclusive": 8,
      "episode_start": 6,
      "episodes_per_seed": 2,
      "expected_artifacts": [
        "online/online_episode_results.csv",
        "online/gate_decisions.csv",
        "online/method_summary.json",
        "lane_summary.json"
      ],
      "methods": [
        "safer_splat_cbf_adapted"
      ],
      "online_dir": "/mnt/data/students/lph/recording/codex_goal_full_sota_online_comparison_20260606_235526/online/large_stage1_2seed10ep_all_methods/lane_v2_safer_splat_cbf_adapted__seed_1235__ep_006_008/online",
      "online_policy": {
        "adaptive_retry_count": 1,
        "fallback_policy": "auto",
        "max_segment_duration": 0.5,
        "method_order_seed": 0,
        "randomize_method_order": false,
        "recheck_before_segment": false,
        "segment_long_skills": false,
        "threshold_scale_by_skill": "",
        "threshold_scale_global": 1.0
      },
      "output_dir": "/mnt/data/students/lph/recording/codex_goal_full_sota_online_comparison_20260606_235526/online/large_stage1_2seed10ep_all_methods/lane_v2_safer_splat_cbf_adapted__seed_1235__ep_006_008",
      "phase4_root": "/mnt/data/students/lph/GR00T-WholeBodyControl/outputs/casa/phase4_dataset_v1_strict_50k_20260522",
      "phase5_root": "/mnt/data/students/lph/GR00T-WholeBodyControl/outputs/casa/phase5_conformal_baselines_20260522",
      "policy_checkpoint_dir": "/tmp/casa_upload_worktree/gear_sonic_deploy/policy/release",
      "run_id": "phase5_online_v2_safer_splat_cbf_adapted_1235_006_008_20260523",
      "seeds": [
        1235
      ],
      "sim_scene": "gear_sonic/data/robot_model/model_data/g1/scene_casa_v1.xml",
      "zmq_out_port": 18355,
      "zmq_port": 18354
    },
    {
      "domain_id": 147,
      "episode_end_exclusive": 10,
      "episode_start": 8,
      "episodes_per_seed": 2,
      "expected_artifacts": [
        "online/online_episode_results.csv",
        "online/gate_decisions.csv",
        "online/method_summary.json",
        "lane_summary.json"
      ],
      "methods": [
        "safer_splat_cbf_adapted"
      ],
      "online_dir": "/mnt/data/students/lph/recording/codex_goal_full_sota_online_comparison_20260606_235526/online/large_stage1_2seed10ep_all_methods/lane_v2_safer_splat_cbf_adapted__seed_1235__ep_008_010/online",
      "online_policy": {
        "adaptive_retry_count": 1,
        "fallback_policy": "auto",
        "max_segment_duration": 0.5,
        "method_order_seed": 0,
        "randomize_method_order": false,
        "recheck_before_segment": false,
        "segment_long_skills": false,
        "threshold_scale_by_skill": "",
        "threshold_scale_global": 1.0
      },
      "output_dir": "/mnt/data/students/lph/recording/codex_goal_full_sota_online_comparison_20260606_235526/online/large_stage1_2seed10ep_all_methods/lane_v2_safer_splat_cbf_adapted__seed_1235__ep_008_010",
      "phase4_root": "/mnt/data/students/lph/GR00T-WholeBodyControl/outputs/casa/phase4_dataset_v1_strict_50k_20260522",
      "phase5_root": "/mnt/data/students/lph/GR00T-WholeBodyControl/outputs/casa/phase5_conformal_baselines_20260522",
      "policy_checkpoint_dir": "/tmp/casa_upload_worktree/gear_sonic_deploy/policy/release",
      "run_id": "phase5_online_v2_safer_splat_cbf_adapted_1235_008_010_20260523",
      "seeds": [
        1235
      ],
      "sim_scene": "gear_sonic/data/robot_model/model_data/g1/scene_casa_v1.xml",
      "zmq_out_port": 18395,
      "zmq_port": 18394
    },
    {
      "domain_id": 140,
      "episode_end_exclusive": 2,
      "episode_start": 0,
      "episodes_per_seed": 2,
      "expected_artifacts": [
        "online/online_episode_results.csv",
        "online/gate_decisions.csv",
        "online/method_summary.json",
        "lane_summary.json"
      ],
      "methods": [
        "sonic_only"
      ],
      "online_dir": "/mnt/data/students/lph/recording/codex_goal_full_sota_online_comparison_20260606_235526/online/large_stage1_2seed10ep_all_methods/lane_v2_sonic_only__seed_1234__ep_000_002/online",
      "online_policy": {
        "adaptive_retry_count": 1,
        "fallback_policy": "auto",
        "max_segment_duration": 0.5,
        "method_order_seed": 0,
        "randomize_method_order": false,
        "recheck_before_segment": false,
        "segment_long_skills": false,
        "threshold_scale_by_skill": "",
        "threshold_scale_global": 1.0
      },
      "output_dir": "/mnt/data/students/lph/recording/codex_goal_full_sota_online_comparison_20260606_235526/online/large_stage1_2seed10ep_all_methods/lane_v2_sonic_only__seed_1234__ep_000_002",
      "phase4_root": "/mnt/data/students/lph/GR00T-WholeBodyControl/outputs/casa/phase4_dataset_v1_strict_50k_20260522",
      "phase5_root": "/mnt/data/students/lph/GR00T-WholeBodyControl/outputs/casa/phase5_conformal_baselines_20260522",
      "policy_checkpoint_dir": "/tmp/casa_upload_worktree/gear_sonic_deploy/policy/release",
      "run_id": "phase5_online_v2_sonic_only_1234_000_002_20260523",
      "seeds": [
        1234
      ],
      "sim_scene": "gear_sonic/data/robot_model/model_data/g1/scene_casa_v1.xml",
      "zmq_out_port": 18201,
      "zmq_port": 18200
    },
    {
      "domain_id": 160,
      "episode_end_exclusive": 4,
      "episode_start": 2,
      "episodes_per_seed": 2,
      "expected_artifacts": [
        "online/online_episode_results.csv",
        "online/gate_decisions.csv",
        "online/method_summary.json",
        "lane_summary.json"
      ],
      "methods": [
        "sonic_only"
      ],
      "online_dir": "/mnt/data/students/lph/recording/codex_goal_full_sota_online_comparison_20260606_235526/online/large_stage1_2seed10ep_all_methods/lane_v2_sonic_only__seed_1234__ep_002_004/online",
      "online_policy": {
        "adaptive_retry_count": 1,
        "fallback_policy": "auto",
        "max_segment_duration": 0.5,
        "method_order_seed": 0,
        "randomize_method_order": false,
        "recheck_before_segment": false,
        "segment_long_skills": false,
        "threshold_scale_by_skill": "",
        "threshold_scale_global": 1.0
      },
      "output_dir": "/mnt/data/students/lph/recording/codex_goal_full_sota_online_comparison_20260606_235526/online/large_stage1_2seed10ep_all_methods/lane_v2_sonic_only__seed_1234__ep_002_004",
      "phase4_root": "/mnt/data/students/lph/GR00T-WholeBodyControl/outputs/casa/phase4_dataset_v1_strict_50k_20260522",
      "phase5_root": "/mnt/data/students/lph/GR00T-WholeBodyControl/outputs/casa/phase5_conformal_baselines_20260522",
      "policy_checkpoint_dir": "/tmp/casa_upload_worktree/gear_sonic_deploy/policy/release",
      "run_id": "phase5_online_v2_sonic_only_1234_002_004_20260523",
      "seeds": [
        1234
      ],
      "sim_scene": "gear_sonic/data/robot_model/model_data/g1/scene_casa_v1.xml",
      "zmq_out_port": 18241,
      "zmq_port": 18240
    },
    {
      "domain_id": 150,
      "episode_end_exclusive": 6,
      "episode_start": 4,
      "episodes_per_seed": 2,
      "expected_artifacts": [
        "online/online_episode_results.csv",
        "online/gate_decisions.csv",
        "online/method_summary.json",
        "lane_summary.json"
      ],
      "methods": [
        "sonic_only"
      ],
      "online_dir": "/mnt/data/students/lph/recording/codex_goal_full_sota_online_comparison_20260606_235526/online/large_stage1_2seed10ep_all_methods/lane_v2_sonic_only__seed_1234__ep_004_006/online",
      "online_policy": {
        "adaptive_retry_count": 1,
        "fallback_policy": "auto",
        "max_segment_duration": 0.5,
        "method_order_seed": 0,
        "randomize_method_order": false,
        "recheck_before_segment": false,
        "segment_long_skills": false,
        "threshold_scale_by_skill": "",
        "threshold_scale_global": 1.0
      },
      "output_dir": "/mnt/data/students/lph/recording/codex_goal_full_sota_online_comparison_20260606_235526/online/large_stage1_2seed10ep_all_methods/lane_v2_sonic_only__seed_1234__ep_004_006",
      "phase4_root": "/mnt/data/students/lph/GR00T-WholeBodyControl/outputs/casa/phase4_dataset_v1_strict_50k_20260522",
      "phase5_root": "/mnt/data/students/lph/GR00T-WholeBodyControl/outputs/casa/phase5_conformal_baselines_20260522",
      "policy_checkpoint_dir": "/tmp/casa_upload_worktree/gear_sonic_deploy/policy/release",
      "run_id": "phase5_online_v2_sonic_only_1234_004_006_20260523",
      "seeds": [
        1234
      ],
      "sim_scene": "gear_sonic/data/robot_model/model_data/g1/scene_casa_v1.xml",
      "zmq_out_port": 18281,
      "zmq_port": 18280
    },
    {
      "domain_id": 140,
      "episode_end_exclusive": 8,
      "episode_start": 6,
      "episodes_per_seed": 2,
      "expected_artifacts": [
        "online/online_episode_results.csv",
        "online/gate_decisions.csv",
        "online/method_summary.json",
        "lane_summary.json"
      ],
      "methods": [
        "sonic_only"
      ],
      "online_dir": "/mnt/data/students/lph/recording/codex_goal_full_sota_online_comparison_20260606_235526/online/large_stage1_2seed10ep_all_methods/lane_v2_sonic_only__seed_1234__ep_006_008/online",
      "online_policy": {
        "adaptive_retry_count": 1,
        "fallback_policy": "auto",
        "max_segment_duration": 0.5,
        "method_order_seed": 0,
        "randomize_method_order": false,
        "recheck_before_segment": false,
        "segment_long_skills": false,
        "threshold_scale_by_skill": "",
        "threshold_scale_global": 1.0
      },
      "output_dir": "/mnt/data/students/lph/recording/codex_goal_full_sota_online_comparison_20260606_235526/online/large_stage1_2seed10ep_all_methods/lane_v2_sonic_only__seed_1234__ep_006_008",
      "phase4_root": "/mnt/data/students/lph/GR00T-WholeBodyControl/outputs/casa/phase4_dataset_v1_strict_50k_20260522",
      "phase5_root": "/mnt/data/students/lph/GR00T-WholeBodyControl/outputs/casa/phase5_conformal_baselines_20260522",
      "policy_checkpoint_dir": "/tmp/casa_upload_worktree/gear_sonic_deploy/policy/release",
      "run_id": "phase5_online_v2_sonic_only_1234_006_008_20260523",
      "seeds": [
        1234
      ],
      "sim_scene": "gear_sonic/data/robot_model/model_data/g1/scene_casa_v1.xml",
      "zmq_out_port": 18321,
      "zmq_port": 18320
    },
    {
      "domain_id": 160,
      "episode_end_exclusive": 10,
      "episode_start": 8,
      "episodes_per_seed": 2,
      "expected_artifacts": [
        "online/online_episode_results.csv",
        "online/gate_decisions.csv",
        "online/method_summary.json",
        "lane_summary.json"
      ],
      "methods": [
        "sonic_only"
      ],
      "online_dir": "/mnt/data/students/lph/recording/codex_goal_full_sota_online_comparison_20260606_235526/online/large_stage1_2seed10ep_all_methods/lane_v2_sonic_only__seed_1234__ep_008_010/online",
      "online_policy": {
        "adaptive_retry_count": 1,
        "fallback_policy": "auto",
        "max_segment_duration": 0.5,
        "method_order_seed": 0,
        "randomize_method_order": false,
        "recheck_before_segment": false,
        "segment_long_skills": false,
        "threshold_scale_by_skill": "",
        "threshold_scale_global": 1.0
      },
      "output_dir": "/mnt/data/students/lph/recording/codex_goal_full_sota_online_comparison_20260606_235526/online/large_stage1_2seed10ep_all_methods/lane_v2_sonic_only__seed_1234__ep_008_010",
      "phase4_root": "/mnt/data/students/lph/GR00T-WholeBodyControl/outputs/casa/phase4_dataset_v1_strict_50k_20260522",
      "phase5_root": "/mnt/data/students/lph/GR00T-WholeBodyControl/outputs/casa/phase5_conformal_baselines_20260522",
      "policy_checkpoint_dir": "/tmp/casa_upload_worktree/gear_sonic_deploy/policy/release",
      "run_id": "phase5_online_v2_sonic_only_1234_008_010_20260523",
      "seeds": [
        1234
      ],
      "sim_scene": "gear_sonic/data/robot_model/model_data/g1/scene_casa_v1.xml",
      "zmq_out_port": 18361,
      "zmq_port": 18360
    },
    {
      "domain_id": 150,
      "episode_end_exclusive": 2,
      "episode_start": 0,
      "episodes_per_seed": 2,
      "expected_artifacts": [
        "online/online_episode_results.csv",
        "online/gate_decisions.csv",
        "online/method_summary.json",
        "lane_summary.json"
      ],
      "methods": [
        "sonic_only"
      ],
      "online_dir": "/mnt/data/students/lph/recording/codex_goal_full_sota_online_comparison_20260606_235526/online/large_stage1_2seed10ep_all_methods/lane_v2_sonic_only__seed_1235__ep_000_002/online",
      "online_policy": {
        "adaptive_retry_count": 1,
        "fallback_policy": "auto",
        "max_segment_duration": 0.5,
        "method_order_seed": 0,
        "randomize_method_order": false,
        "recheck_before_segment": false,
        "segment_long_skills": false,
        "threshold_scale_by_skill": "",
        "threshold_scale_global": 1.0
      },
      "output_dir": "/mnt/data/students/lph/recording/codex_goal_full_sota_online_comparison_20260606_235526/online/large_stage1_2seed10ep_all_methods/lane_v2_sonic_only__seed_1235__ep_000_002",
      "phase4_root": "/mnt/data/students/lph/GR00T-WholeBodyControl/outputs/casa/phase4_dataset_v1_strict_50k_20260522",
      "phase5_root": "/mnt/data/students/lph/GR00T-WholeBodyControl/outputs/casa/phase5_conformal_baselines_20260522",
      "policy_checkpoint_dir": "/tmp/casa_upload_worktree/gear_sonic_deploy/policy/release",
      "run_id": "phase5_online_v2_sonic_only_1235_000_002_20260523",
      "seeds": [
        1235
      ],
      "sim_scene": "gear_sonic/data/robot_model/model_data/g1/scene_casa_v1.xml",
      "zmq_out_port": 18221,
      "zmq_port": 18220
    },
    {
      "domain_id": 140,
      "episode_end_exclusive": 4,
      "episode_start": 2,
      "episodes_per_seed": 2,
      "expected_artifacts": [
        "online/online_episode_results.csv",
        "online/gate_decisions.csv",
        "online/method_summary.json",
        "lane_summary.json"
      ],
      "methods": [
        "sonic_only"
      ],
      "online_dir": "/mnt/data/students/lph/recording/codex_goal_full_sota_online_comparison_20260606_235526/online/large_stage1_2seed10ep_all_methods/lane_v2_sonic_only__seed_1235__ep_002_004/online",
      "online_policy": {
        "adaptive_retry_count": 1,
        "fallback_policy": "auto",
        "max_segment_duration": 0.5,
        "method_order_seed": 0,
        "randomize_method_order": false,
        "recheck_before_segment": false,
        "segment_long_skills": false,
        "threshold_scale_by_skill": "",
        "threshold_scale_global": 1.0
      },
      "output_dir": "/mnt/data/students/lph/recording/codex_goal_full_sota_online_comparison_20260606_235526/online/large_stage1_2seed10ep_all_methods/lane_v2_sonic_only__seed_1235__ep_002_004",
      "phase4_root": "/mnt/data/students/lph/GR00T-WholeBodyControl/outputs/casa/phase4_dataset_v1_strict_50k_20260522",
      "phase5_root": "/mnt/data/students/lph/GR00T-WholeBodyControl/outputs/casa/phase5_conformal_baselines_20260522",
      "policy_checkpoint_dir": "/tmp/casa_upload_worktree/gear_sonic_deploy/policy/release",
      "run_id": "phase5_online_v2_sonic_only_1235_002_004_20260523",
      "seeds": [
        1235
      ],
      "sim_scene": "gear_sonic/data/robot_model/model_data/g1/scene_casa_v1.xml",
      "zmq_out_port": 18261,
      "zmq_port": 18260
    },
    {
      "domain_id": 160,
      "episode_end_exclusive": 6,
      "episode_start": 4,
      "episodes_per_seed": 2,
      "expected_artifacts": [
        "online/online_episode_results.csv",
        "online/gate_decisions.csv",
        "online/method_summary.json",
        "lane_summary.json"
      ],
      "methods": [
        "sonic_only"
      ],
      "online_dir": "/mnt/data/students/lph/recording/codex_goal_full_sota_online_comparison_20260606_235526/online/large_stage1_2seed10ep_all_methods/lane_v2_sonic_only__seed_1235__ep_004_006/online",
      "online_policy": {
        "adaptive_retry_count": 1,
        "fallback_policy": "auto",
        "max_segment_duration": 0.5,
        "method_order_seed": 0,
        "randomize_method_order": false,
        "recheck_before_segment": false,
        "segment_long_skills": false,
        "threshold_scale_by_skill": "",
        "threshold_scale_global": 1.0
      },
      "output_dir": "/mnt/data/students/lph/recording/codex_goal_full_sota_online_comparison_20260606_235526/online/large_stage1_2seed10ep_all_methods/lane_v2_sonic_only__seed_1235__ep_004_006",
      "phase4_root": "/mnt/data/students/lph/GR00T-WholeBodyControl/outputs/casa/phase4_dataset_v1_strict_50k_20260522",
      "phase5_root": "/mnt/data/students/lph/GR00T-WholeBodyControl/outputs/casa/phase5_conformal_baselines_20260522",
      "policy_checkpoint_dir": "/tmp/casa_upload_worktree/gear_sonic_deploy/policy/release",
      "run_id": "phase5_online_v2_sonic_only_1235_004_006_20260523",
      "seeds": [
        1235
      ],
      "sim_scene": "gear_sonic/data/robot_model/model_data/g1/scene_casa_v1.xml",
      "zmq_out_port": 18301,
      "zmq_port": 18300
    },
    {
      "domain_id": 150,
      "episode_end_exclusive": 8,
      "episode_start": 6,
      "episodes_per_seed": 2,
      "expected_artifacts": [
        "online/online_episode_results.csv",
        "online/gate_decisions.csv",
        "online/method_summary.json",
        "lane_summary.json"
      ],
      "methods": [
        "sonic_only"
      ],
      "online_dir": "/mnt/data/students/lph/recording/codex_goal_full_sota_online_comparison_20260606_235526/online/large_stage1_2seed10ep_all_methods/lane_v2_sonic_only__seed_1235__ep_006_008/online",
      "online_policy": {
        "adaptive_retry_count": 1,
        "fallback_policy": "auto",
        "max_segment_duration": 0.5,
        "method_order_seed": 0,
        "randomize_method_order": false,
        "recheck_before_segment": false,
        "segment_long_skills": false,
        "threshold_scale_by_skill": "",
        "threshold_scale_global": 1.0
      },
      "output_dir": "/mnt/data/students/lph/recording/codex_goal_full_sota_online_comparison_20260606_235526/online/large_stage1_2seed10ep_all_methods/lane_v2_sonic_only__seed_1235__ep_006_008",
      "phase4_root": "/mnt/data/students/lph/GR00T-WholeBodyControl/outputs/casa/phase4_dataset_v1_strict_50k_20260522",
      "phase5_root": "/mnt/data/students/lph/GR00T-WholeBodyControl/outputs/casa/phase5_conformal_baselines_20260522",
      "policy_checkpoint_dir": "/tmp/casa_upload_worktree/gear_sonic_deploy/policy/release",
      "run_id": "phase5_online_v2_sonic_only_1235_006_008_20260523",
      "seeds": [
        1235
      ],
      "sim_scene": "gear_sonic/data/robot_model/model_data/g1/scene_casa_v1.xml",
      "zmq_out_port": 18341,
      "zmq_port": 18340
    },
    {
      "domain_id": 140,
      "episode_end_exclusive": 10,
      "episode_start": 8,
      "episodes_per_seed": 2,
      "expected_artifacts": [
        "online/online_episode_results.csv",
        "online/gate_decisions.csv",
        "online/method_summary.json",
        "lane_summary.json"
      ],
      "methods": [
        "sonic_only"
      ],
      "online_dir": "/mnt/data/students/lph/recording/codex_goal_full_sota_online_comparison_20260606_235526/online/large_stage1_2seed10ep_all_methods/lane_v2_sonic_only__seed_1235__ep_008_010/online",
      "online_policy": {
        "adaptive_retry_count": 1,
        "fallback_policy": "auto",
        "max_segment_duration": 0.5,
        "method_order_seed": 0,
        "randomize_method_order": false,
        "recheck_before_segment": false,
        "segment_long_skills": false,
        "threshold_scale_by_skill": "",
        "threshold_scale_global": 1.0
      },
      "output_dir": "/mnt/data/students/lph/recording/codex_goal_full_sota_online_comparison_20260606_235526/online/large_stage1_2seed10ep_all_methods/lane_v2_sonic_only__seed_1235__ep_008_010",
      "phase4_root": "/mnt/data/students/lph/GR00T-WholeBodyControl/outputs/casa/phase4_dataset_v1_strict_50k_20260522",
      "phase5_root": "/mnt/data/students/lph/GR00T-WholeBodyControl/outputs/casa/phase5_conformal_baselines_20260522",
      "policy_checkpoint_dir": "/tmp/casa_upload_worktree/gear_sonic_deploy/policy/release",
      "run_id": "phase5_online_v2_sonic_only_1235_008_010_20260523",
      "seeds": [
        1235
      ],
      "sim_scene": "gear_sonic/data/robot_model/model_data/g1/scene_casa_v1.xml",
      "zmq_out_port": 18381,
      "zmq_port": 18380
    }
  ],
  "method_summary": {
    "casa_a_per_skill": {
      "allow_count": 82,
      "candidate_skill_executed_count": 82,
      "candidate_skill_executed_rate": 0.5125,
      "collision_count": 6,
      "completed_count": 20,
      "decision_count": 160,
      "episode_count": 20,
      "failed_or_unverified": 0,
      "fall_count": 4,
      "fallback_count": 78,
      "fallback_rate_per_episode": 3.9,
      "fallback_replaced_core_skill_count": 63,
      "fallback_replaced_core_skill_rate": 0.39375,
      "gesture_completion_success_rate": 1.0,
      "human_distance_violation_count": 12,
      "mean_completion_time_s": 20.611093521118164,
      "method": "casa_a_per_skill",
      "method_display": "SONIC + CASA-A (per-skill conformal)",
      "near_collision_count": 12,
      "passive_completion_success_rate": 0.625,
      "reject_count": 78,
      "reject_rate_per_decision": 0.4875,
      "runtime_ms_p50": null,
      "runtime_ms_p90": null,
      "runtime_ms_p99": null,
      "safe_completion_count": 4,
      "safe_completion_rate": 0.2,
      "semantic_task_success_rate": 0.5125,
      "solver_non_ok_count": 0,
      "solver_non_ok_rate": 0.0,
      "task_progress_decision_count": 160,
      "task_progress_success_count": 82,
      "task_progress_success_rate": 0.5125,
      "task_success_count": 4,
      "task_success_rate": 0.2,
      "turn_target_success_rate": 0.5,
      "unsafe_episode_count": 16,
      "unsafe_episode_rate": 0.8,
      "unsafe_invocation_count": 73,
      "unsafe_invocation_rate_per_episode": 3.65,
      "violation_count": 146,
      "walk_progress_success_rate": 0.2833333333333333
    },
    "clbf_lbac_adapted": {
      "allow_count": 54,
      "candidate_skill_executed_count": 54,
      "candidate_skill_executed_rate": 0.3375,
      "collision_count": 12,
      "completed_count": 20,
      "decision_count": 160,
      "episode_count": 20,
      "failed_or_unverified": 0,
      "fall_count": 4,
      "fallback_count": 106,
      "fallback_rate_per_episode": 5.3,
      "fallback_replaced_core_skill_count": 79,
      "fallback_replaced_core_skill_rate": 0.49375,
      "gesture_completion_success_rate": 0.3,
      "human_distance_violation_count": 14,
      "mean_completion_time_s": 19.30551542043686,
      "method": "clbf_lbac_adapted",
      "method_display": "CLBF-LBAC-adapted",
      "near_collision_count": 15,
      "passive_completion_success_rate": 0.325,
      "reject_count": 106,
      "reject_rate_per_decision": 0.6625,
      "runtime_ms_p50": 0.12141803745180368,
      "runtime_ms_p90": 0.14132296200841665,
      "runtime_ms_p99": 0.22529996931552887,
      "safe_completion_count": 2,
      "safe_completion_rate": 0.1,
      "semantic_task_success_rate": 0.3375,
      "solver_non_ok_count": 106,
      "solver_non_ok_rate": 0.6625,
      "task_progress_decision_count": 160,
      "task_progress_success_count": 54,
      "task_progress_success_rate": 0.3375,
      "task_success_count": 2,
      "task_success_rate": 0.1,
      "turn_target_success_rate": 0.325,
      "unsafe_episode_count": 18,
      "unsafe_episode_rate": 0.9,
      "unsafe_invocation_count": 122,
      "unsafe_invocation_rate_per_episode": 6.1,
      "violation_count": 146,
      "walk_progress_success_rate": 0.36666666666666664
    },
    "global_conformal": {
      "allow_count": 84,
      "candidate_skill_executed_count": 84,
      "candidate_skill_executed_rate": 0.525,
      "collision_count": 9,
      "completed_count": 20,
      "decision_count": 160,
      "episode_count": 20,
      "failed_or_unverified": 0,
      "fall_count": 4,
      "fallback_count": 76,
      "fallback_rate_per_episode": 3.8,
      "fallback_replaced_core_skill_count": 61,
      "fallback_replaced_core_skill_rate": 0.38125,
      "gesture_completion_success_rate": 0.6,
      "human_distance_violation_count": 12,
      "mean_completion_time_s": 21.024982380867005,
      "method": "global_conformal",
      "method_display": "SONIC + Global Conformal",
      "near_collision_count": 13,
      "passive_completion_success_rate": 0.625,
      "reject_count": 76,
      "reject_rate_per_decision": 0.475,
      "runtime_ms_p50": null,
      "runtime_ms_p90": null,
      "runtime_ms_p99": null,
      "safe_completion_count": 4,
      "safe_completion_rate": 0.2,
      "semantic_task_success_rate": 0.525,
      "solver_non_ok_count": 0,
      "solver_non_ok_rate": 0.0,
      "task_progress_decision_count": 160,
      "task_progress_success_count": 84,
      "task_progress_success_rate": 0.525,
      "task_success_count": 4,
      "task_success_rate": 0.2,
      "turn_target_success_rate": 0.6,
      "unsafe_episode_count": 16,
      "unsafe_episode_rate": 0.8,
      "unsafe_invocation_count": 88,
      "unsafe_invocation_rate_per_episode": 4.4,
      "violation_count": 136,
      "walk_progress_success_rate": 0.38333333333333336
    },
    "hard_contract": {
      "allow_count": 42,
      "candidate_skill_executed_count": 42,
      "candidate_skill_executed_rate": 0.2625,
      "collision_count": 11,
      "completed_count": 20,
      "decision_count": 160,
      "episode_count": 20,
      "failed_or_unverified": 0,
      "fall_count": 3,
      "fallback_count": 118,
      "fallback_rate_per_episode": 5.9,
      "fallback_replaced_core_skill_count": 84,
      "fallback_replaced_core_skill_rate": 0.525,
      "gesture_completion_success_rate": 0.15,
      "human_distance_violation_count": 16,
      "mean_completion_time_s": 18.67696145772934,
      "method": "hard_contract",
      "method_display": "SONIC + Hard Contract",
      "near_collision_count": 16,
      "passive_completion_success_rate": 0.15,
      "reject_count": 118,
      "reject_rate_per_decision": 0.7375,
      "runtime_ms_p50": null,
      "runtime_ms_p90": null,
      "runtime_ms_p99": null,
      "safe_completion_count": 0,
      "safe_completion_rate": 0.0,
      "semantic_task_success_rate": 0.2625,
      "solver_non_ok_count": 0,
      "solver_non_ok_rate": 0.0,
      "task_progress_decision_count": 160,
      "task_progress_success_count": 42,
      "task_progress_success_rate": 0.2625,
      "task_success_count": 0,
      "task_success_rate": 0.0,
      "turn_target_success_rate": 0.175,
      "unsafe_episode_count": 20,
      "unsafe_episode_rate": 1.0,
      "unsafe_invocation_count": 143,
      "unsafe_invocation_rate_per_episode": 7.15,
      "violation_count": 191,
      "walk_progress_success_rate": 0.43333333333333335
    },
    "mpc_cbf_humanoid_adapted": {
      "allow_count": 88,
      "candidate_skill_executed_count": 88,
      "candidate_skill_executed_rate": 0.55,
      "collision_count": 4,
      "completed_count": 20,
      "decision_count": 160,
      "episode_count": 20,
      "failed_or_unverified": 0,
      "fall_count": 4,
      "fallback_count": 72,
      "fallback_rate_per_episode": 3.6,
      "fallback_replaced_core_skill_count": 66,
      "fallback_replaced_core_skill_rate": 0.4125,
      "gesture_completion_success_rate": 0.7,
      "human_distance_violation_count": 2,
      "mean_completion_time_s": 20.306061398983,
      "method": "mpc_cbf_humanoid_adapted",
      "method_display": "MPC-CBF-Humanoid-adapted",
      "near_collision_count": 6,
      "passive_completion_success_rate": 0.85,
      "reject_count": 72,
      "reject_rate_per_decision": 0.45,
      "runtime_ms_p50": 0.06962695624679327,
      "runtime_ms_p90": 0.07692701183259487,
      "runtime_ms_p99": 0.1028809929266572,
      "safe_completion_count": 14,
      "safe_completion_rate": 0.7,
      "semantic_task_success_rate": 0.55,
      "solver_non_ok_count": 72,
      "solver_non_ok_rate": 0.45,
      "task_progress_decision_count": 160,
      "task_progress_success_count": 88,
      "task_progress_success_rate": 0.55,
      "task_success_count": 14,
      "task_success_rate": 0.7,
      "turn_target_success_rate": 0.85,
      "unsafe_episode_count": 6,
      "unsafe_episode_rate": 0.3,
      "unsafe_invocation_count": 33,
      "unsafe_invocation_rate_per_episode": 1.65,
      "violation_count": 38,
      "walk_progress_success_rate": 0.1
    },
    "pcbf_adapted": {
      "allow_count": 81,
      "candidate_skill_executed_count": 81,
      "candidate_skill_executed_rate": 0.50625,
      "collision_count": 6,
      "completed_count": 20,
      "decision_count": 160,
      "episode_count": 20,
      "failed_or_unverified": 0,
      "fall_count": 4,
      "fallback_count": 79,
      "fallback_rate_per_episode": 3.95,
      "fallback_replaced_core_skill_count": 62,
      "fallback_replaced_core_skill_rate": 0.3875,
      "gesture_completion_success_rate": 0.7,
      "human_distance_violation_count": 11,
      "mean_completion_time_s": 20.642374646663665,
      "method": "pcbf_adapted",
      "method_display": "PCBF-adapted",
      "near_collision_count": 11,
      "passive_completion_success_rate": 0.575,
      "reject_count": 79,
      "reject_rate_per_decision": 0.49375,
      "runtime_ms_p50": 0.01785892527550459,
      "runtime_ms_p90": 0.02062495332211256,
      "runtime_ms_p99": 0.0900110462680459,
      "safe_completion_count": 3,
      "safe_completion_rate": 0.15,
      "semantic_task_success_rate": 0.50625,
      "solver_non_ok_count": 79,
      "solver_non_ok_rate": 0.49375,
      "task_progress_decision_count": 160,
      "task_progress_success_count": 81,
      "task_progress_success_rate": 0.50625,
      "task_success_count": 3,
      "task_success_rate": 0.15,
      "turn_target_success_rate": 0.675,
      "unsafe_episode_count": 17,
      "unsafe_episode_rate": 0.85,
      "unsafe_invocation_count": 87,
      "unsafe_invocation_rate_per_episode": 4.35,
      "violation_count": 77,
      "walk_progress_success_rate": 0.2833333333333333
    },
    "raw_critic_0p5": {
      "allow_count": 80,
      "candidate_skill_executed_count": 80,
      "candidate_skill_executed_rate": 0.5,
      "collision_count": 6,
      "completed_count": 20,
      "decision_count": 160,
      "episode_count": 20,
      "failed_or_unverified": 0,
      "fall_count": 4,
      "fallback_count": 80,
      "fallback_rate_per_episode": 4.0,
      "fallback_replaced_core_skill_count": 67,
      "fallback_replaced_core_skill_rate": 0.41875,
      "gesture_completion_success_rate": 0.8,
      "human_distance_violation_count": 8,
      "mean_completion_time_s": 20.44037518501282,
      "method": "raw_critic_0p5",
      "method_display": "SONIC + Raw Critic (0.5)",
      "near_collision_count": 10,
      "passive_completion_success_rate": 0.675,
      "reject_count": 80,
      "reject_rate_per_decision": 0.5,
      "runtime_ms_p50": null,
      "runtime_ms_p90": null,
      "runtime_ms_p99": null,
      "safe_completion_count": 8,
      "safe_completion_rate": 0.4,
      "semantic_task_success_rate": 0.5,
      "solver_non_ok_count": 0,
      "solver_non_ok_rate": 0.0,
      "task_progress_decision_count": 160,
      "task_progress_success_count": 80,
      "task_progress_success_rate": 0.5,
      "task_success_count": 8,
      "task_success_rate": 0.4,
      "turn_target_success_rate": 0.625,
      "unsafe_episode_count": 12,
      "unsafe_episode_rate": 0.6,
      "unsafe_invocation_count": 58,
      "unsafe_invocation_rate_per_episode": 2.9,
      "violation_count": 110,
      "walk_progress_success_rate": 0.2
    },
    "safedpa_adapted": {
      "allow_count": 94,
      "candidate_skill_executed_count": 94,
      "candidate_skill_executed_rate": 0.5875,
      "collision_count": 7,
      "completed_count": 20,
      "decision_count": 160,
      "episode_count": 20,
      "failed_or_unverified": 0,
      "fall_count": 4,
      "fallback_count": 66,
      "fallback_rate_per_episode": 3.3,
      "fallback_replaced_core_skill_count": 55,
      "fallback_replaced_core_skill_rate": 0.34375,
      "gesture_completion_success_rate": 0.8,
      "human_distance_violation_count": 11,
      "mean_completion_time_s": 21.590670466423035,
      "method": "safedpa_adapted",
      "method_display": "SafeDPA-adapted",
      "near_collision_count": 12,
      "passive_completion_success_rate": 0.725,
      "reject_count": 66,
      "reject_rate_per_decision": 0.4125,
      "runtime_ms_p50": 0.10657298844307661,
      "runtime_ms_p90": 0.12070499360561371,
      "runtime_ms_p99": 0.18929294310510159,
      "safe_completion_count": 5,
      "safe_completion_rate": 0.25,
      "semantic_task_success_rate": 0.5875,
      "solver_non_ok_count": 66,
      "solver_non_ok_rate": 0.4125,
      "task_progress_decision_count": 160,
      "task_progress_success_count": 94,
      "task_progress_success_rate": 0.5875,
      "task_success_count": 5,
      "task_success_rate": 0.25,
      "turn_target_success_rate": 0.725,
      "unsafe_episode_count": 15,
      "unsafe_episode_rate": 0.75,
      "unsafe_invocation_count": 61,
      "unsafe_invocation_rate_per_episode": 3.05,
      "violation_count": 147,
      "walk_progress_success_rate": 0.3333333333333333
    },
    "safer_splat_cbf_adapted": {
      "allow_count": 53,
      "candidate_skill_executed_count": 53,
      "candidate_skill_executed_rate": 0.33125,
      "collision_count": 10,
      "completed_count": 20,
      "decision_count": 160,
      "episode_count": 20,
      "failed_or_unverified": 0,
      "fall_count": 4,
      "fallback_count": 107,
      "fallback_rate_per_episode": 5.35,
      "fallback_replaced_core_skill_count": 78,
      "fallback_replaced_core_skill_rate": 0.4875,
      "gesture_completion_success_rate": 0.35,
      "human_distance_violation_count": 15,
      "mean_completion_time_s": 19.042163181304932,
      "method": "safer_splat_cbf_adapted",
      "method_display": "SAFER-Splat-CBF-adapted",
      "near_collision_count": 17,
      "passive_completion_success_rate": 0.275,
      "reject_count": 107,
      "reject_rate_per_decision": 0.66875,
      "runtime_ms_p50": 0.15168602112680674,
      "runtime_ms_p90": 0.1961690140888095,
      "runtime_ms_p99": 0.21813600324094296,
      "safe_completion_count": 1,
      "safe_completion_rate": 0.05,
      "semantic_task_success_rate": 0.33125,
      "solver_non_ok_count": 107,
      "solver_non_ok_rate": 0.66875,
      "task_progress_decision_count": 160,
      "task_progress_success_count": 53,
      "task_progress_success_rate": 0.33125,
      "task_success_count": 1,
      "task_success_rate": 0.05,
      "turn_target_success_rate": 0.3,
      "unsafe_episode_count": 19,
      "unsafe_episode_rate": 0.95,
      "unsafe_invocation_count": 132,
      "unsafe_invocation_rate_per_episode": 6.6,
      "violation_count": 123,
      "walk_progress_success_rate": 0.38333333333333336
    },
    "sonic_only": {
      "allow_count": 160,
      "candidate_skill_executed_count": 160,
      "candidate_skill_executed_rate": 1.0,
      "collision_count": 15,
      "completed_count": 20,
      "decision_count": 160,
      "episode_count": 20,
      "failed_or_unverified": 0,
      "fall_count": 5,
      "fallback_count": 0,
      "fallback_rate_per_episode": 0.0,
      "fallback_replaced_core_skill_count": 0,
      "fallback_replaced_core_skill_rate": 0.0,
      "gesture_completion_success_rate": 1.0,
      "human_distance_violation_count": 15,
      "mean_completion_time_s": 26.868922543525695,
      "method": "sonic_only",
      "method_display": "SONIC-only",
      "near_collision_count": 18,
      "passive_completion_success_rate": 1.0,
      "reject_count": 0,
      "reject_rate_per_decision": 0.0,
      "runtime_ms_p50": null,
      "runtime_ms_p90": null,
      "runtime_ms_p99": null,
      "safe_completion_count": 1,
      "safe_completion_rate": 0.05,
      "semantic_task_success_rate": 1.0,
      "solver_non_ok_count": 0,
      "solver_non_ok_rate": 0.0,
      "task_progress_decision_count": 160,
      "task_progress_success_count": 160,
      "task_progress_success_rate": 1.0,
      "task_success_count": 1,
      "task_success_rate": 0.05,
      "turn_target_success_rate": 1.0,
      "unsafe_episode_count": 19,
      "unsafe_episode_rate": 0.95,
      "unsafe_invocation_count": 140,
      "unsafe_invocation_rate_per_episode": 7.0,
      "violation_count": 536,
      "walk_progress_success_rate": 1.0
    }
  },
  "methods": [
    "casa_a_per_skill",
    "clbf_lbac_adapted",
    "global_conformal",
    "hard_contract",
    "mpc_cbf_humanoid_adapted",
    "pcbf_adapted",
    "raw_critic_0p5",
    "safedpa_adapted",
    "safer_splat_cbf_adapted",
    "sonic_only"
  ],
  "phase": "CASA Phase5 online main experiment",
  "raw_decision_row_count": 1600,
  "raw_episode_row_count": 200,
  "status": "PASS_STRICT_ONLINE",
  "strict_plan_a_claim_enabled": false,
  "warning_reasons": [
    "hard_contract_intervenes_more_than_casa_diagnostic"
  ]
}
